Country,Short Names,1990,1991,1992,1993,1994,1995,1996,1997,1998,1999,2000,2001,2002,2003,2004,2005,2006,2007,2008,2009,2010,2011,2012,2013,2014,2015,2016,2017,2018,2019,2020,2021,2022
ARG,meat_consumption_1,2588.92,2448.67,2441.88,2507.87,2388.22,2173.94,2226.5,2285.15,2144.91,2383.91,2385.11,2342.41,2180.4,2280.34,2395.81,2379.36,2475.54,2687.75,2705.48,2715.87,2318.05,2250.36,2419,2626.92,2477.76,2528.69,2419.8,2531.14,2510.71,2296.86,2275.25,2185.15,2180.41
ARG,meat_consumption_2,153.63,153.16,192.86,211.26,213.33,227.1,220.9,217,253.12,287.45,283.1,228.56,214.72,192.95,209.96,240.61,298.71,308.94,306.41,331.57,323.18,350.26,354.64,426.81,443.39,488.16,519.88,578.56,609.76,618.9,636.53,707.56,754.45
ARG,meat_consumption_3,321,333.8,382.04,596.1,719.01,738.6,786.22,770.09,811.56,954.82,959.58,932.89,660.46,697.75,826.19,934.52,1086.65,1160.86,1273.18,1367.82,1464.41,1643.89,1749.15,1711.1,1777.8,1921.4,1924.5,1914.77,1882,2042.53,2092.14,2087.18,2128.89
ARG,meat_consumption_4,84.34,87.83,72.1,71.3,92.8,88.37,71.56,65.84,58.24,55.35,59.14,59.15,58.28,56.27,54.35,52.51,51.66,53.06,50.21,47.78,47.91,51.04,56.06,55.18,59.02,56.14,50.03,48.25,49.02,50.44,50.05,49.12,49.52
ARG,meat_consumption_per_capita_1,52.24,48.65,47.79,48.51,45.39,40.65,41.04,41.65,38.56,42.57,42.5,40.92,37.61,39.01,40.59,39.92,41.13,44.29,44.11,43.88,37.03,35.58,37.89,40.75,38.03,38.43,36.42,37.78,37.17,33.74,33.21,31.71,31.48
ARG,meat_consumption_per_capita_2,3.38,3.32,4.11,4.45,4.42,4.63,4.44,4.31,4.96,5.59,5.5,4.35,4.04,3.6,3.88,4.4,5.41,5.55,5.44,5.84,5.63,6.03,6.05,7.21,7.42,8.08,8.52,9.41,9.84,9.91,10.12,11.19,11.87
ARG,meat_consumption_per_capita_3,5.8,5.94,6.7,10.32,12.24,12.37,12.98,12.57,13.07,15.27,15.31,14.59,10.2,10.69,12.53,14.04,16.17,17.13,18.59,19.79,20.95,23.27,24.53,23.77,24.44,26.15,25.94,25.59,24.95,26.87,27.34,27.12,27.53
ARG,meat_consumption_per_capita_4,1.68,1.72,1.39,1.36,1.74,1.63,1.3,1.18,1.03,0.97,1.04,1.02,0.99,0.95,0.91,0.87,0.85,0.86,0.81,0.76,0.75,0.79,0.86,0.84,0.89,0.84,0.74,0.71,0.71,0.73,0.72,0.7,0.7
AUS,meat_consumption_1,0,0,0,0,0,0,0,0,0,0,696.18,676.66,702.03,729.48,816.91,784.6,793.65,723.03,711.86,729.4,801.05,749.14,733.33,788.32,760.82,701.74,635.89,657.84,808.08,779.94,728.25,662.28,690.53
AUS,meat_consumption_2,0,309.45,335.6,324.8,341,349.8,335.5,347.28,363.52,356.31,353.41,384.34,435.89,478.67,476.84,507.52,509.17,562.72,546.53,565.54,590.25,584.2,620.94,612.16,625.81,681.52,676.73,699.56,713.61,719.2,715.63,720.81,733.11
AUS,meat_consumption_3,425,436.57,443.68,476.22,494.98,495.16,508.79,538.89,583.85,597.85,639.9,637.04,716.23,699.5,740.84,781.55,820.73,826.27,806.03,829.51,946.34,1009.29,1046.19,1058.22,1092.35,1121.83,1232.28,1276.08,1204.81,1228.28,1262.5,1322.24,1337.65
AUS,meat_consumption_4,319.27,300.16,250.2,230.32,260.84,184.42,196.48,208.08,220.51,217.1,285.69,263.15,256.71,218.94,235.22,245.35,262.03,269.47,251.81,286.49,223.59,178.6,200.58,223.41,243.32,256.1,258.93,201.47,229.43,233.8,238.93,222.26,249.75
AUS,meat_consumption_per_capita_1,0,0,0,0,0,0,0,0,0,0,24.21,23.25,23.87,24.52,27.16,25.76,25.71,23,22.19,22.32,24.14,22.22,21.41,22.63,21.5,19.55,17.43,17.74,21.47,20.42,18.82,16.94,17.5
AUS,meat_consumption_per_capita_2,0,12.94,13.85,13.28,13.81,14.01,13.29,13.61,14.09,13.67,13.39,14.39,16.15,17.53,17.28,18.16,17.97,19.5,18.57,18.85,19.38,18.88,19.75,19.15,19.27,20.68,20.21,20.56,20.66,20.52,20.15,20.09,20.24
AUS,meat_consumption_per_capita_3,14.8,15.01,15.05,16,16.47,16.3,16.56,17.36,18.61,18.85,19.92,19.6,21.81,21.05,22.06,22.98,23.81,23.54,22.5,22.73,25.54,26.81,27.35,27.21,27.65,27.98,30.25,30.82,28.66,28.8,29.21,30.29,30.36
AUS,meat_consumption_per_capita_4,12.23,11.35,9.34,8.51,9.55,6.68,7.04,7.37,7.73,7.53,9.78,8.91,8.6,7.25,7.7,7.94,8.36,8.44,7.73,8.63,6.64,5.22,5.77,6.32,6.77,7.03,6.99,5.35,6,6.03,6.08,5.6,6.23
BRA,meat_consumption_1,4456.74,4427.78,4518.52,4522.74,4988.02,5743.18,6208.08,5862.03,5629.94,6059.13,6208.47,6176.46,6402.99,7462.4,6853.29,7395.59,8104,7831.87,6965.53,6903.48,7084.87,7008.59,7138.42,7612.91,7689.6,6808.69,7004.06,7012.98,7067.44,6433,5864.51,5920.96,5808.7
BRA,meat_consumption_2,1055.69,1115.52,1153.1,1216.53,1276.85,1455.53,1549.62,1492.98,1581.48,1603.8,2405.03,2503.82,2437.52,2228.46,2105.14,2064.11,2406.79,2361.48,2462.26,2574.41,2689.32,2875.33,2916.63,2905.69,2884.48,3122.23,3016.6,3155.9,3339.77,3326.8,3576.44,3597.54,3822.21
BRA,meat_consumption_3,2118.73,2380.61,2572.77,2708.91,3007.8,3711.85,3578.25,3917.06,4338.28,4860.65,5176.02,5059.2,5535.4,5907.97,6304.61,5167,5615.41,5959.55,6876.86,7386.7,8492.6,8920.6,8727.5,8389.38,9137,9323.36,9216.59,9304.51,9205.64,9728.01,10522.17,10770.1,10899.82
BRA,meat_consumption_4,114.4,115.84,117,122.81,120.3,129.15,103.5,106.76,108.74,114.29,109.28,104.73,101.59,100.59,108.38,110.09,113.47,114.54,116.22,115.37,117.66,118.27,120.76,124.65,126.11,128.89,128.25,130.29,135.44,140.33,143.69,144.83,146.55
BRA,meat_consumption_per_capita_1,19.34,18.87,18.85,18.57,20.21,22.96,24.44,22.75,21.48,22.87,23.17,22.76,23.29,26.87,24.38,26,28.21,26.97,23.74,23.3,23.73,23.25,23.48,24.82,24.88,21.83,22.27,22.12,22.13,19.99,18.1,18.18,17.76
BRA,meat_consumption_per_capita_2,6.84,7.1,7.18,7.46,7.72,8.69,9.11,8.65,9.01,9.04,13.39,13.77,13.23,11.98,11.18,10.83,12.5,12.14,12.53,12.97,13.44,14.24,14.32,14.14,13.93,14.94,14.32,14.86,15.61,15.43,16.47,16.49,17.45
BRA,meat_consumption_per_capita_3,8.23,9.09,9.61,9.96,10.91,13.29,12.62,13.61,14.82,16.43,17.3,16.7,18.03,19.05,20.08,16.27,17.5,18.38,20.99,22.32,25.47,26.51,25.71,24.49,26.47,26.77,26.24,26.28,25.81,27.07,29.08,29.62,29.85
BRA,meat_consumption_per_capita_4,0.74,0.74,0.73,0.75,0.73,0.77,0.61,0.62,0.62,0.64,0.61,0.58,0.55,0.54,0.58,0.58,0.59,0.59,0.59,0.58,0.59,0.59,0.59,0.61,0.61,0.62,0.61,0.61,0.63,0.65,0.66,0.66,0.67
CAN,meat_consumption_1,983.68,974.36,960.85,930.05,957.6,971.12,969.93,981.77,1002.7,1030.28,1022.99,992.56,998.37,1064.09,1032.22,1010.61,1009.17,1041.81,1022.67,985.09,990.53,977.16,998.39,999.02,977.06,907.51,952,958.9,976.86,990.93,1020.05,953.82,1012.19
CAN,meat_consumption_2,727.26,728.21,808.46,796.02,827.63,818.6,773.37,763.96,869.68,919.53,885.38,902.86,877.46,799.77,856.8,748.34,769.27,831.49,799.29,799.6,756.52,741.3,780.58,738.78,733.27,836.82,757.67,754.31,809.79,834.83,722.22,658.03,777.79
CAN,meat_consumption_3,764.27,773.11,783.33,812.23,873.86,872.42,874.62,899.54,928.17,977.78,1032.59,1084.03,1105.85,1121.28,1140.87,1158.23,1180.52,1197.88,1215.38,1214.82,1216.16,1190.32,1193.1,1217.45,1262.94,1332.87,1372.12,1394.65,1464.32,1498.8,1476.02,1506.18,1573.4
CAN,meat_consumption_4,22.96,24.33,23.88,24.52,23.83,23.75,22.33,22.13,25.01,26.06,28.95,32.09,32.37,34.2,35.32,36.03,39.52,40.14,38.85,38.86,36.98,36.53,33.59,35.17,37.31,37.42,38.4,40.46,39.86,36.89,37.86,37.41,40.06
CAN,meat_consumption_per_capita_1,23.5,22.98,22.28,21.33,21.73,21.81,21.56,21.62,21.9,22.32,21.96,21.11,21.01,22.18,21.33,20.68,20.42,20.91,20.3,19.33,19.25,18.81,19.02,18.83,18.23,16.77,17.41,17.32,17.39,17.45,17.76,16.49,17.37
CAN,meat_consumption_per_capita_2,18.93,18.71,20.43,19.89,20.46,20.03,18.73,18.33,20.7,21.7,20.71,20.92,20.11,18.16,19.29,16.69,16.96,18.18,17.29,17.1,16.02,15.54,16.2,15.17,14.91,16.85,15.1,14.85,15.71,16.02,13.7,12.4,14.55
CAN,meat_consumption_per_capita_3,16.35,16.33,16.27,16.68,17.76,17.54,17.41,17.74,18.16,18.97,19.85,20.65,20.84,20.93,21.11,21.23,21.39,21.53,21.61,21.35,21.16,20.52,20.35,20.55,21.1,22.06,22.47,22.56,23.35,23.64,23.02,23.32,24.18
CAN,meat_consumption_per_capita_4,0.54,0.57,0.55,0.55,0.53,0.53,0.49,0.48,0.54,0.56,0.61,0.67,0.67,0.7,0.72,0.73,0.79,0.79,0.76,0.75,0.71,0.69,0.63,0.65,0.69,0.68,0.69,0.72,0.7,0.64,0.65,0.64,0.68
CHE,meat_consumption_1,172.05,176.83,175.72,170.57,157.42,157.12,156.46,158.44,158.61,157.57,146.71,145.47,146.91,146.41,147.03,149.4,154.56,152.64,160.14,159.77,164.67,168.6,166.41,171.77,172.07,169.26,170.13,166.94,171.67,170.63,172.81,174.85,175.24
CHE,meat_consumption_2,272.34,267.31,265.27,262.22,247.57,254.1,236.91,233.4,245.41,240.61,240.83,242.03,245.34,242.77,241.66,246.83,252.86,252.09,251.85,249.18,258.9,256.17,245.27,246.59,251.47,245.24,243.89,243.01,236.82,232.97,235.68,238,237.38
CHE,meat_consumption_3,58.62,61.84,59.57,58.76,62.7,61.5,67.27,66.24,66.25,64.51,67.34,72.21,73.41,76.8,75.58,73.94,71.98,87.49,94.93,96.68,96.28,99.37,99.56,100.11,105.49,107.74,106.86,119.8,121.29,122.06,123.83,129.09,130.47
CHE,meat_consumption_4,13.12,12.96,13.6,13.45,13.39,13.31,14.31,15.15,14.47,13.98,15.66,14.29,14.48,14.76,14.84,14.31,14.03,13.53,13.38,13.02,13.35,13.52,13.09,12.77,13.44,13.95,14.01,13.6,13.43,12.82,13.04,12.75,12.78
CHE,meat_consumption_per_capita_1,16.95,17.2,16.86,16.22,14.85,14.73,14.6,14.75,14.72,14.56,13.46,13.29,13.32,13.17,13.14,13.27,13.64,13.35,13.84,13.63,13.92,14.09,13.76,14.05,13.9,13.51,13.44,13.07,13.34,13.17,13.24,13.31,13.27
CHE,meat_consumption_per_capita_2,29.23,28.33,27.74,27.17,25.45,25.95,24.08,23.67,24.81,24.22,24.08,24.08,24.24,23.8,23.53,23.89,24.32,24.02,23.71,23.17,23.85,23.32,22.1,21.97,22.13,21.33,20.99,20.72,20.06,19.58,19.67,19.74,19.58
CHE,meat_consumption_per_capita_3,0,0,5.12,5,5.3,5.16,5.62,5.52,5.51,5.34,5.53,5.91,5.96,6.19,6.05,5.88,5.69,6.85,7.35,7.39,7.29,7.44,7.37,7.33,7.63,7.7,7.56,8.4,8.44,8.43,8.5,8.8,8.84
CHE,meat_consumption_per_capita_4,1.27,1.24,1.29,1.26,1.24,1.23,1.32,1.39,1.32,1.27,1.42,1.29,1.29,1.31,1.31,1.25,1.22,1.17,1.14,1.09,1.11,1.11,1.07,1.03,1.07,1.1,1.09,1.05,1.03,0.97,0.98,0.96,0.95
CHL,meat_consumption_1,245.33,241.62,236.37,269.71,293.04,323.36,340.59,366.94,349.25,331.72,341.52,277.67,256.75,352.27,375.1,402.59,353.05,326.68,323.68,268.52,341.19,346.04,363.37,428.02,442.95,442.53,482.42,452.58,485.32,521.76,524.21,634.64,577.03
CHL,meat_consumption_2,121.65,121.19,131.47,144.09,156.66,171.05,182.83,198.23,221.18,238.12,241.04,262.35,262.34,291.8,274.57,289.11,341.99,348.77,390.21,365.07,377.82,409.96,435.04,440.73,406.92,401.3,418.15,456.48,443.35,442.82,415.52,510.9,483.6
CHL,meat_consumption_3,117.82,132.23,200.02,239.36,267.16,311.46,330.43,331.96,361.91,371.2,405.47,434.79,417.47,425.49,470.97,472.41,546.67,543.58,557.7,525.61,561.54,614.85,623.19,640.39,641.02,684.68,731.68,728.76,748.22,727.89,716.26,761.43,772
CHL,meat_consumption_4,12.25,13.41,14.83,14.22,12.59,11.81,11.67,12.36,12.98,13.17,12.65,10.94,10.87,9.65,9.39,9,10.89,11.09,12.35,10.68,9.45,10.46,10.47,8.56,9.54,9.19,8.39,9.1,10.55,7.6,8.25,8.55,8.75
CHL,meat_consumption_per_capita_1,12.14,11.72,11.27,12.69,13.59,14.78,15.36,16.33,15.36,14.42,14.67,11.78,10.77,14.66,15.45,16.42,14.26,13.06,12.8,10.5,13.28,13.33,13.88,16.19,16.58,16.36,17.61,16.28,17.22,18.29,18.22,21.95,19.92
CHL,meat_consumption_per_capita_2,6.56,6.41,6.83,7.39,7.92,8.52,8.99,9.61,10.6,11.28,11.28,12.13,11.99,13.23,12.32,12.85,15.05,15.2,16.82,15.55,16.02,17.21,18.1,18.16,16.59,16.17,16.63,17.89,17.14,16.92,15.73,19.26,18.19
CHL,meat_consumption_per_capita_3,5.22,5.75,8.54,10.09,11.1,12.75,13.35,13.23,14.26,14.45,15.6,16.52,15.68,15.86,17.37,17.25,19.77,19.47,19.75,18.4,19.57,21.22,21.31,21.69,21.48,22.67,23.92,23.47,23.77,22.85,22.29,23.59,23.87
CHL,meat_consumption_per_capita_4,0.6,0.64,0.7,0.66,0.58,0.53,0.52,0.54,0.56,0.56,0.54,0.46,0.45,0.4,0.38,0.36,0.43,0.44,0.48,0.41,0.36,0.4,0.39,0.32,0.35,0.33,0.3,0.32,0.37,0.26,0.28,0.29,0.3
CHN,meat_consumption_1,1074.94,1278.73,1725.37,2186.4,2676.4,3463.37,3476.65,4329.81,4726.79,5013.46,5087.1,5030.48,5183.41,5382.25,5534.45,5578.68,5782.77,6141.64,6089.12,6209.31,6230.9,6041.29,6190,6473,6491,6754,6903,7227,7788,8814,9439,9968,10530
CHN,meat_consumption_2,22569.99,24242.13,26224.89,28374.41,31025.05,31721.45,31365.24,35777.15,38661.56,38839.59,39663.58,40395.31,41084.11,42154.91,42954.19,45084.37,45979.74,42612.44,46423.83,48836.18,51367.53,51650.68,54741.18,56523.73,58462.53,57030.33,55948.3,55663.91,55155.14,44815.36,46186,55229.72,55546.39
CHN,meat_consumption_3,0,3928.56,4479.75,5722.12,6566.2,8380.38,8416.13,9676.61,10756.48,11270.59,12189.61,11874.84,11980.98,12523.47,12361.24,13265.19,13688.59,14761.74,15757.95,16274.14,16562.53,16898.45,18137.73,17938.19,17342.91,18076.96,18907.09,18788.94,19786.45,22535.88,24585.64,24604.91,24552.8
CHN,meat_consumption_4,0,1177.75,1248.4,1371.19,1479.1,1745.15,1812.29,2130.74,2352.36,2519.98,2654.93,2740.48,2864.88,3108.58,3338,3511.9,3680.76,3881.22,3973.27,4051.18,4103.68,4054.18,4163.89,4354.46,4554.71,4618.22,4818.36,4954.43,5066.35,5265.52,5283.11,5548.97,5607.59
CHN,meat_consumption_per_capita_1,0.6,0.71,0.95,1.19,1.45,1.86,1.85,2.28,2.47,2.61,2.61,2.57,2.63,2.71,2.77,2.78,2.86,3.02,2.97,3.01,3.01,2.9,2.95,3.06,3.05,3.15,3.2,3.33,3.57,4.02,4.3,4.55,4.81
CHN,meat_consumption_per_capita_2,13.77,14.57,15.77,16.89,18.29,18.53,18.16,20.55,22.05,21.99,22.21,22.49,22.71,23.15,23.44,24.46,24.82,22.82,24.71,25.83,27.02,26.99,28.42,29.14,29.94,29.02,28.28,27.96,27.57,22.26,22.91,27.45,27.62
CHN,meat_consumption_per_capita_3,0,1.94,2.21,2.8,3.18,4.02,4.01,4.57,5.04,5.25,5.61,5.43,5.44,5.65,5.54,5.92,6.07,6.5,6.89,7.08,7.16,7.26,7.74,7.6,7.3,7.56,7.86,7.76,8.13,9.2,10.02,10.05,10.03
CHN,meat_consumption_per_capita_4,0,0.64,0.68,0.74,0.79,0.92,0.95,1.11,1.21,1.29,1.34,1.38,1.43,1.54,1.65,1.72,1.8,1.88,1.91,1.94,1.95,1.92,1.95,2.03,2.11,2.12,2.2,2.25,2.29,2.36,2.37,2.49,2.52
COL,meat_consumption_1,734.93,676.34,587.02,601.22,648.05,702.26,731.71,764.88,765.4,716.84,749.42,694.8,674.67,638.51,704.97,782.8,804.79,775.91,763.85,706.59,766.22,818.53,848.08,821.46,834.07,850.47,793.04,749.68,761.61,759.79,716.52,708.45,677.5
COL,meat_consumption_2,133.88,133.8,135.39,135.08,136.16,138.99,132.65,107.67,82.38,113.49,110.74,104.26,113.68,126.53,131.83,130.82,152.37,185.39,181.53,180.6,207.28,237.65,274.34,304.55,334.15,369.93,415.39,449.99,508.6,560.9,529.84,613.02,661.09
COL,meat_consumption_3,298.56,388.34,415.97,455.99,511.74,570.02,489.06,459.68,531.12,522.23,537.05,633.82,684.18,708.98,728.18,793.31,885.74,964.77,1051.04,1061.71,1116.24,1126.75,1169.69,1331.19,1414.83,1483.71,1564.65,1645.35,1723.89,1814.49,1724.68,1800.99,1876.67
COL,meat_consumption_4,12.2,11.53,12.31,13.13,13.12,13.28,12.05,13.05,12.1,11.78,13.32,11.52,10.23,9.63,8.28,7.1,5.99,5.29,4.11,3.54,3.22,2.6,1.56,0.56,0.74,0.84,1.25,1.31,1.52,2.33,0.97,0.93,1.24
COL,meat_consumption_per_capita_1,14.66,13.19,11.1,11.15,11.81,12.57,12.85,13.19,12.96,11.93,12.28,11.21,10.73,9.99,10.89,11.96,12.15,11.56,11.29,10.33,11.16,11.83,12.15,11.66,11.73,11.82,10.88,10.12,10.13,9.97,9.3,9.12,8.68
COL,meat_consumption_per_capita_2,2.91,2.84,2.79,2.73,2.7,2.71,2.54,2.02,1.52,2.06,1.98,1.83,1.97,2.16,2.22,2.18,2.51,3.01,2.92,2.88,3.29,3.74,4.28,4.71,5.12,5.6,6.21,6.62,7.37,8.02,7.49,8.6,9.23
COL,meat_consumption_per_capita_3,5.33,6.78,7.05,7.57,8.35,9.13,7.69,7.1,8.05,7.78,7.88,9.16,9.74,9.93,10.08,10.85,11.98,12.88,13.92,13.9,14.56,14.58,15,16.92,17.81,18.47,19.22,19.9,20.54,21.33,20.04,20.77,21.54
COL,meat_consumption_per_capita_4,0.24,0.22,0.23,0.24,0.24,0.23,0.21,0.22,0.2,0.19,0.22,0.18,0.16,0.15,0.13,0.11,0.09,0.08,0.06,0.05,0.05,0.04,0.02,0.01,0.01,0.01,0.02,0.02,0.02,0.03,0.01,0.01,0.02
EGY,meat_consumption_1,402.44,466.84,466.63,529.88,556.08,544.55,573.26,637.37,654.25,690.11,767.61,652.87,813.93,774.37,803.35,905.49,1016.42,1097.77,900.67,954.43,1057.11,1052.1,1075.1,1064.97,1013.96,1247.49,1117.39,1042.16,1093.25,940.47,810.98,921.96,986.08
EGY,meat_consumption_2,2.43,2.48,2.89,2.91,2.8,2.79,2.85,2.94,8.23,3.05,3.1,3,2.79,2.64,3.02,2,2.94,3.82,2.75,0.51,0.72,0.83,0.92,0.88,0.59,0.52,0.84,2.75,2.97,3.15,2.96,2.9,2.88
EGY,meat_consumption_3,272.04,304.3,317.52,330.37,358.6,406.92,422.74,541.3,534.6,590.06,595.33,621.76,743.42,685.33,647.06,664.47,726.95,820.16,759.11,836.83,973.63,934.26,1045.56,1197.57,1246.34,1238.89,1263.42,1529.76,1501.34,1675.75,1486.4,1504.04,1526.81
EGY,meat_consumption_4,82.13,73.75,76.2,80.63,87.65,90.85,90.42,93.79,95.92,81.29,125.69,128.92,137.07,139.85,137.13,138.73,141.66,149.54,151.42,145.28,139.56,127.39,130.71,339.08,129.2,128.21,130.54,93.83,74.6,54.69,61.53,62.21,63.76
EGY,meat_consumption_per_capita_1,4.33,4.92,4.75,5.33,5.51,5.28,5.46,6.03,6.05,6.29,6.86,5.67,7.04,6.53,6.66,7.39,8.21,8.72,6.97,7.25,8.23,8.03,8,7.75,7.19,8.71,7.65,6.99,7.19,6.05,5.11,5.7,5.99
EGY,meat_consumption_per_capita_2,0.03,0.03,0.03,0.03,0.03,0.03,0.03,0.03,0.08,0.03,0.03,0.03,0.03,0.02,0.03,0.02,0.03,0.03,0.02,0,0.01,0.01,0.01,0.01,0,0,0.01,0.02,0.02,0.02,0.02,0.02,0.02
EGY,meat_consumption_per_capita_3,2.62,2.87,2.89,2.97,3.18,3.53,3.61,4.58,4.43,4.81,4.77,4.83,5.76,5.18,4.8,4.86,5.26,5.84,5.26,5.69,6.79,6.38,6.96,7.8,7.92,7.75,7.74,9.19,8.84,9.65,8.38,8.33,8.31
EGY,meat_consumption_per_capita_4,0.87,0.77,0.76,0.8,0.86,0.87,0.85,0.87,0.87,0.73,1.11,1.1,1.17,1.16,1.12,1.12,1.13,1.17,1.15,1.09,1.07,0.96,0.96,2.43,0.9,0.88,0.88,0.62,0.48,0.35,0.38,0.38,0.38
ETH,meat_consumption_1,231.5,231.5,230,230,229.99,234.93,266.93,269.99,273.96,290.01,294.04,303.54,352.5,338.26,335.87,350.31,373.44,363.02,380.05,354.75,419.09,406.61,337.26,340.79,379.66,387.82,387.06,386.73,387.09,407.67,432.92,421.71,414.74
ETH,meat_consumption_2,1.05,1.1,1.15,1.15,1.16,1.21,1.27,1.32,1.4,1.46,1.46,1.53,1.52,1.67,1.64,1.69,1.76,1.72,1.72,1.68,1.81,1.88,1.9,1.92,2.51,2.05,2.1,2.1,2.13,2.17,2.2,2.25,2.26
ETH,meat_consumption_3,35.64,35.64,35.9,36,35.97,35.97,36.17,36.3,36.96,37.24,37.6,49.84,54.06,50.24,47.1,42.57,45.21,46.25,48.59,50.42,59.22,53.94,60.5,62.11,69.12,73.55,72.26,67.79,71.59,58.93,68.16,66.06,64.71
ETH,meat_consumption_4,59.29,59.68,60.34,60.61,60.52,60.16,60.56,59.29,61.68,61.4,60.4,66.13,79.38,85.27,101.42,109.46,128.21,145.05,135.99,144.52,142.61,138.29,142.89,148,156.8,161.47,167.83,177.22,200.21,257.3,274.16,264.82,254.91
ETH,meat_consumption_per_capita_1,3.25,3.12,2.98,2.72,2.62,2.57,2.83,2.77,2.73,2.81,2.77,2.79,3.16,2.94,2.83,2.87,2.99,2.83,2.88,2.58,2.96,2.77,2.18,2.15,2.34,2.31,2.25,2.18,2.11,2.17,2.23,2.11,2.02
ETH,meat_consumption_per_capita_2,0.02,0.02,0.02,0.01,0.01,0.01,0.01,0.01,0.02,0.02,0.02,0.02,0.01,0.02,0.02,0.02,0.02,0.01,0.01,0.01,0.01,0.01,0.01,0.01,0.02,0.01,0.01,0.01,0.01,0.01,0.01,0.01,0.01
ETH,meat_consumption_per_capita_3,0.45,0.43,0.42,0.38,0.37,0.35,0.34,0.33,0.33,0.32,0.32,0.41,0.43,0.39,0.36,0.31,0.32,0.32,0.33,0.33,0.38,0.33,0.35,0.35,0.38,0.39,0.38,0.34,0.35,0.28,0.31,0.3,0.28
ETH,meat_consumption_per_capita_4,0.82,0.79,0.77,0.71,0.68,0.65,0.63,0.6,0.61,0.59,0.56,0.6,0.7,0.73,0.84,0.88,1.01,1.11,1.01,1.03,0.99,0.93,0.91,0.92,0.95,0.95,0.96,0.98,1.08,1.35,1.39,1.31,1.22
EUU,meat_consumption_1,8291.77,8329.96,8177.84,8112.36,7715.28,7523.17,7451.52,7195.14,7257.72,7060.92,7330.06,7189.88,7363.62,7286.68,7455.97,7430.14,7457.43,7475.74,7183.17,7197.94,7035.87,6865.99,6684.74,6462.71,6540.01,6617.76,6734.7,6711.01,6862.93,6785.57,6631.53,6619.53,6661.41
EUU,meat_consumption_2,17701.42,17529.17,17669.04,17536.59,17494.11,17588.26,17589.06,17515.99,18568.14,18763.66,18845.73,19338.15,19624.14,19483.45,19063.81,19155.45,19376.86,20080.33,19562.12,19204.39,19455.94,19431.02,18961.52,18758.58,19164.5,19536.03,19403.55,19414.11,19743,18980.87,18436.14,18961.49,18599.96
EUU,meat_consumption_3,0,6060.37,6226.78,6240.7,6627.64,7092.99,7185.06,7539.72,7947.76,7733.4,7953.17,8677.85,9099.01,8759.14,8957.03,9192.94,8979.95,9516.65,9735.89,9753.55,9780.64,9893.56,10212.44,10255.01,10634.38,10990.49,11400.45,11347.08,11791.97,11883.73,12029.42,11862.99,12003.33
EUU,meat_consumption_4,1247.42,1222.74,1198.94,1170.22,1142.77,1134.13,1129.87,1087.26,1095.8,1117.24,1112.81,1038.34,1030.98,1025,1011.3,1021.85,1009.68,981.11,911.51,882.65,811.74,806.41,740.43,712.79,698.61,705.44,704.61,689.02,703.77,700.72,667.55,662.56,676.33
EUU,meat_consumption_per_capita_1,13.09,13.11,12.88,12.75,12.1,11.77,11.65,11.23,11.31,10.99,11.39,11.15,11.39,11.24,11.46,11.38,11.38,11.37,10.88,10.87,10.6,10.33,10.04,9.7,9.8,9.91,10.08,10.03,10.23,10.11,9.87,9.86,9.87
EUU,meat_consumption_per_capita_2,30.44,30.05,30.33,30.02,29.88,29.99,29.95,29.79,31.54,31.84,31.9,32.67,33.07,32.74,31.93,31.97,32.21,33.28,32.29,31.6,31.93,31.84,31.03,30.68,31.31,31.89,31.64,31.62,32.08,30.83,29.9,30.77,30.03
EUU,meat_consumption_per_capita_3,2.34,8.54,8.79,8.78,9.31,9.94,10.06,10.54,11.1,10.78,11.07,12.05,12.6,12.1,12.33,12.61,12.27,12.96,13.21,13.19,13.19,13.33,13.74,13.78,14.28,14.74,15.28,15.19,15.75,15.86,16.03,15.82,15.93
EUU,meat_consumption_per_capita_4,1.94,1.9,1.86,1.81,1.76,1.75,1.74,1.67,1.68,1.71,1.7,1.59,1.57,1.56,1.53,1.54,1.52,1.47,1.36,1.31,1.2,1.19,1.1,1.05,1.03,1.04,1.04,1.01,1.03,1.03,0.98,0.97,0.99
GBR,meat_consumption_1,1102.27,1124.16,1086.1,927.77,940.92,983.17,813.37,862.71,853.62,855.6,892.43,899.85,983.05,999.69,1033.94,1037.45,1069.42,1090.47,1060.78,1022.21,1075.55,1062.39,1039.9,1023.41,1060.65,1094.54,1107.88,1115.88,1125.38,1067.18,1094.3,1081.01,1051.61
GBR,meat_consumption_2,1316.34,1320.28,1312.64,1309.8,1344.15,1289.74,1319.41,1314.82,1353.85,1320.56,1292.76,1331.27,1345.81,1402.67,1379.12,1397.64,1391.35,1450.97,1364.25,1362.04,1353.65,1347.43,1327.33,1305.26,1345.07,1383.32,1450.05,1422.02,1428.91,1400.86,1325.32,1394.94,1439.31
GBR,meat_consumption_3,1022.95,1073.41,1287.44,1327.22,1429.29,1474.72,1552.4,1592.34,1705.14,1703.77,1703.73,1731.81,1710.32,1709.59,1751.85,1789.62,1725.46,1631.02,1592.67,1626.79,1776.45,1784.59,1806.7,1831.58,1817.68,1982.55,2086.27,1993.42,2113.86,2060.04,2017.08,2064.09,2094.33
GBR,meat_consumption_4,417.36,397.89,386.15,381.7,357.86,361.81,383.32,362.33,371.59,378.92,391.86,341.64,360.32,361.52,375.18,375.79,378.41,390.14,372.32,350.34,313.09,298.99,283.29,300.71,302.25,333.53,324.63,305.78,299.12,290.45,276.2,255.32,274.3
GBR,meat_consumption_per_capita_1,12.91,13.13,12.65,10.78,10.9,11.37,9.38,9.92,9.78,9.77,10.16,10.2,11.09,11.22,11.54,11.51,11.78,11.92,11.51,11,11.48,11.24,10.92,10.66,10.97,11.24,11.3,11.31,11.35,10.7,10.75,10.58,10.26
GBR,meat_consumption_per_capita_2,16.79,16.8,16.65,16.58,16.97,16.25,16.58,16.47,16.9,16.43,16.03,16.44,16.54,17.16,16.77,16.89,16.7,17.28,16.12,15.97,15.74,15.54,15.18,14.81,15.15,15.48,16.12,15.71,15.7,15.31,14.19,14.88,15.31
GBR,meat_consumption_per_capita_3,10.73,11.23,13.43,13.81,14.83,15.27,16.03,16.39,17.5,17.43,17.36,17.58,17.28,17.19,17.51,17.78,17.02,15.97,15.47,15.68,16.98,16.91,16.98,17.09,16.83,18.23,19.06,18.1,19.09,18.5,17.75,18.1,18.3
GBR,meat_consumption_per_capita_4,4.81,4.58,4.43,4.37,4.09,4.12,4.35,4.1,4.19,4.26,4.39,3.81,4,4,4.13,4.11,4.11,4.2,3.98,3.71,3.29,3.12,2.93,3.09,3.08,3.37,3.26,3.05,2.97,2.87,2.67,2.46,2.64
IDN,meat_consumption_1,305.86,313.43,346.46,402.14,391.6,369.61,417.09,432.22,400.7,384.26,422.51,404.56,387.95,421.63,504.46,425.01,473.78,433.7,490.38,532.39,589.59,604.01,590.79,605.61,631.15,611.63,704.34,664.43,730.42,783.44,684.91,726.8,733.99
IDN,meat_consumption_2,546.87,574.82,586.24,622.66,660.6,572.57,600,633.99,621.81,550.06,163.61,161.48,161.45,169.05,194.24,176.52,199.65,227.74,211.01,200.26,212.43,225.41,233.04,300.76,305.13,335.88,345.88,318.29,219.35,237.47,283.48,327.63,335.42
IDN,meat_consumption_3,508.9,583.77,547.63,698.79,816.4,876.81,949.21,899.47,618.35,626.32,831.67,923.44,1102.7,1135.67,1214.6,1151.4,1288.67,1346.31,1386.82,1433.81,1561.44,1689.72,1764.76,1870.13,1971.46,2065.59,2344.21,3631.57,3880.82,3973.35,3681.11,3886.52,3936.62
IDN,meat_consumption_4,90.27,94.73,99.68,111.77,100,95.02,99.34,107.87,82.03,78.21,78.86,94.08,127.33,144.97,123.7,98.76,140.9,121.03,113.74,128.93,114.43,114.11,110.74,108.01,110.68,112.2,115.84,127.99,154.45,145.33,117.23,118.72,121.96
IDN,meat_consumption_per_capita_1,1.03,1.03,1.09,1.26,1.21,1.12,1.25,1.28,1.15,1.07,1.16,1.11,1.03,1.11,1.31,1.07,1.2,1.09,1.2,1.28,1.49,1.51,1.46,1.48,1.52,1.46,1.67,1.57,1.71,1.82,1.57,1.65,1.65
IDN,meat_consumption_per_capita_2,2,2.05,2.02,2.13,2.22,1.89,1.97,2.04,1.95,1.67,0.49,0.48,0.47,0.48,0.55,0.48,0.55,0.62,0.56,0.52,0.59,0.61,0.63,0.8,0.8,0.87,0.89,0.82,0.56,0.6,0.71,0.81,0.82
IDN,meat_consumption_per_capita_3,1.53,1.71,1.55,1.96,2.26,2.38,2.56,2.38,1.59,1.56,2.05,2.28,2.62,2.67,2.82,2.59,2.93,3.04,3.03,3.08,3.54,3.79,3.9,4.09,4.26,4.41,4.97,7.7,8.16,8.28,7.56,7.89,7.92
IDN,meat_consumption_per_capita_4,0.3,0.31,0.31,0.35,0.3,0.28,0.29,0.31,0.23,0.21,0.21,0.26,0.33,0.38,0.32,0.24,0.35,0.3,0.27,0.3,0.29,0.28,0.27,0.26,0.26,0.26,0.27,0.3,0.36,0.33,0.26,0.27,0.27
IND,meat_consumption_1,2050.97,2059.28,2091.77,2080.77,2075.36,2041.21,2053.35,2044.23,2071.75,2063.1,1926.89,1915.48,1873.95,1866.48,1858,1779.09,1765.54,1805.45,1822.13,1897.17,1654.08,1308.72,1207.55,944.11,641.97,837.7,871.06,776.67,1125.29,1111.49,1010.88,1162.42,1181.88
IND,meat_consumption_2,413,427,444.49,447.94,450.8,453.88,558.11,464.4,463.28,464.38,465.86,466.43,467.57,469.36,444.06,425.09,403.48,383.57,381.48,379.07,369.9,364.61,357.72,354.08,350.43,362.09,367.82,382.18,375.81,358.66,335.94,329.35,324.1
IND,meat_consumption_3,391.34,522.37,540.18,608.15,625,641.82,659.87,664.56,737.95,810.04,903.79,962.92,1126.75,1242.1,1341.19,1439.85,1554,1789.57,1917.58,2119.69,2222.03,2505.16,2707.05,2872.8,3064.99,3288.41,3476.98,3801.53,4096.22,4218.45,3593.5,3763.58,3817.85
IND,meat_consumption_4,602.87,611.18,619.04,624.18,626,654.64,663.13,672.93,678.95,681.61,677.91,689.71,692.03,686.24,715.24,741.19,766.72,791.76,772.58,714.87,759.44,753.8,743.07,726.75,717.59,748.45,768.14,769.57,789.16,811.11,827.97,830.52,831.33
IND,meat_consumption_per_capita_1,1.37,1.34,1.32,1.28,1.24,1.19,1.18,1.14,1.14,1.11,1.02,1,0.97,0.95,0.92,0.87,0.84,0.85,0.84,0.87,0.76,0.58,0.52,0.39,0.23,0.33,0.33,0.26,0.4,0.39,0.33,0.38,0.39
IND,meat_consumption_per_capita_2,0.3,0.3,0.31,0.3,0.29,0.29,0.35,0.28,0.28,0.27,0.27,0.27,0.26,0.26,0.24,0.23,0.21,0.2,0.19,0.19,0.19,0.18,0.17,0.16,0.14,0.16,0.15,0.14,0.14,0.14,0.12,0.12,0.12
IND,meat_consumption_per_capita_3,0.23,0.3,0.31,0.34,0.34,0.34,0.34,0.33,0.36,0.39,0.43,0.45,0.52,0.57,0.6,0.63,0.66,0.75,0.79,0.87,0.92,0.99,1.05,1.07,0.98,1.16,1.2,1.14,1.29,1.32,1.06,1.1,1.13
IND,meat_consumption_per_capita_4,0.4,0.39,0.38,0.38,0.37,0.38,0.38,0.37,0.37,0.36,0.35,0.36,0.35,0.34,0.35,0.36,0.36,0.37,0.35,0.32,0.35,0.33,0.32,0.3,0.25,0.29,0.29,0.25,0.27,0.28,0.27,0.27,0.27
IRN,meat_consumption_1,345.56,291.8,285.96,325.12,316.36,308.92,386,386.78,389.36,327.41,297.27,341.99,367.26,374.83,419.6,397.79,429.75,504.04,413.42,456.67,604.51,556.18,461.5,474.9,508.87,491.2,559.77,616.26,595.12,560.92,600.45,570.99,621.77
IRN,meat_consumption_2,0,0,0,0,0,0,0,0,0,0,0,0,0,0,0,0,0,0,0,0,0,0,0,0,0,0,0,0,0,0,0,0,0
IRN,meat_consumption_3,395.24,436.94,566.46,628.91,635.81,658.52,682.02,727.66,747.51,754.94,830.14,886.98,944.17,1106.66,1164.92,1233.55,1352.27,1482.16,1577.62,1621.26,1682.2,1832.14,1884.39,1962.31,1969.2,2015.44,1983.95,2102.38,2116.58,2160.91,2157.41,2220.33,2195.4
IRN,meat_consumption_4,352.5,409,410.81,390.61,383,383,410.45,417,438.99,399.11,435.8,443.64,449.71,416.85,427.3,432,436,454.27,348.36,357.37,378.55,381.22,383.3,358.31,367.71,383.79,358.3,370.78,325.32,281.88,344.3,341.68,346.3
IRN,meat_consumption_per_capita_1,3.94,3.25,3.15,3.53,3.38,3.26,4.02,3.97,3.94,3.27,2.93,3.34,3.54,3.56,3.94,3.69,3.94,4.57,3.71,4.05,5.37,4.88,4,4.07,4.3,4.1,4.6,4.99,4.75,4.42,4.67,4.39,4.72
IRN,meat_consumption_per_capita_2,0,0,0,0,0,0,0,0,0,0,0,0,0,0,0,0,0,0,0,0,0,0,0,0,0,0,0,0,0,0,0,0,0
IRN,meat_consumption_per_capita_3,4.04,4.36,5.59,6.11,6.09,6.22,6.35,6.69,6.78,6.76,7.34,7.75,8.14,9.42,9.8,10.24,11.11,12.04,12.68,12.88,13.37,14.39,14.62,15.05,14.9,15.05,14.61,15.26,15.14,15.24,15.02,15.27,14.93
IRN,meat_consumption_per_capita_4,3.96,4.49,4.46,4.18,4.04,3.98,4.21,4.22,4.38,3.93,4.24,4.26,4.27,3.9,3.95,3.95,3.94,4.06,3.08,3.12,3.31,3.29,3.27,3.02,3.06,3.15,2.9,2.96,2.56,2.19,2.64,2.59,2.59
ISR,meat_consumption_1,64.07,81.72,69.34,75.9,102.54,94.05,106.75,116.1,112.49,113.36,142.18,132.87,158.53,166.43,83.05,159.26,212.26,191.38,237.85,185.68,200.62,212.54,200.52,261.48,212.52,217.44,239.83,250.81,243.94,289.35,280.45,331.92,343.39
ISR,meat_consumption_2,9.18,9.34,9.27,8.69,8.69,10.24,10.41,11.82,11.83,8.59,14.74,15.67,16.39,17.39,17.95,18.55,17.4,18.14,18.01,19.37,18.69,18.55,18.77,15.26,15.18,14.14,14.15,13.09,11.72,11.44,12.54,10.99,10.03
ISR,meat_consumption_3,175.26,189.47,209.5,225.72,247.89,246.64,254.66,259.02,263.62,274.54,402.15,434.48,446.54,441.82,458.89,477.35,507.24,510.21,511.38,522.49,528.26,541.41,554.33,508.8,558.67,593.37,636.82,625.99,647.95,600.22,658.28,638.96,634.68
ISR,meat_consumption_4,6,6,6,7.03,7.26,7.71,7.5,6.85,7.6,8.26,8.85,8.98,8.07,8.45,8.45,9.34,10.63,10.88,11.77,12.59,13.63,15.72,15.5,14.48,16.1,14.19,14.32,15.23,14.18,16.06,12.86,15.22,17.48
ISR,meat_consumption_per_capita_1,9.54,11.8,9.68,10.22,13.32,11.84,13.06,13.83,13.09,12.91,15.84,14.52,17.03,17.57,8.59,16.17,21.08,18.55,22.5,17.13,18.21,18.93,17.55,22.52,18.04,18.18,19.73,20.28,19.41,22.65,21.61,25.19,25.67
ISR,meat_consumption_per_capita_2,1.49,1.47,1.41,1.27,1.23,1.4,1.39,1.53,1.5,1.07,1.79,1.87,1.92,2,2.02,2.05,1.88,1.92,1.86,1.95,1.85,1.8,1.79,1.43,1.4,1.29,1.27,1.15,1.02,0.98,1.05,0.91,0.82
ISR,meat_consumption_per_capita_3,23.37,24.49,26.19,27.21,28.84,27.79,27.89,27.64,27.47,28,40.12,42.52,42.97,41.78,42.49,43.4,45.1,44.28,43.32,43.18,42.94,43.18,43.44,39.25,42.46,44.42,46.91,45.33,46.16,42.08,45.43,43.42,42.49
ISR,meat_consumption_per_capita_4,0.88,0.85,0.83,0.93,0.93,0.96,0.9,0.8,0.87,0.93,0.97,0.97,0.85,0.88,0.86,0.93,1.04,1.04,1.1,1.14,1.22,1.38,1.34,1.23,1.35,1.17,1.16,1.21,1.11,1.24,0.98,1.14,1.29
JPN,meat_consumption_1,1067.24,1142.37,1190.67,1308.38,1441.19,1517.9,1441.21,1463.36,1486.63,1486.74,1570.03,1282.59,1302.38,1276.91,1275.12,1142.9,1135.18,1171.14,1172.56,1192.21,1231.57,1233.99,1234.87,1233.09,1223.15,1169.3,1247.01,1279.4,1344.75,1323.04,1292.2,1259.5,1267.29
JPN,meat_consumption_2,2071.81,2082.68,2089.85,2079.11,2097.02,2110.85,2220.73,2064.94,2051.12,2099.96,2179.85,2236.45,2350.44,2316.99,2474.04,2459.77,2304.24,2349.37,2390.9,2333.6,2364.55,2404.85,2389.88,2383.58,2411.88,2455.96,2521.38,2590.21,2606.52,2595.57,2594.85,2604.07,2618.78
JPN,meat_consumption_3,1784.4,1680.94,1736.81,1707.51,1787.15,1804.29,1866.97,1820.71,1727.12,1737.49,1860.74,1917.74,1862.65,1844.26,1805.44,1917.83,1952.02,1969.78,1946.9,1998.77,2085.61,2075.23,2206.41,2193.19,2226.18,2301.73,2368.67,2448.23,2511.67,2551.13,2509.13,2608.26,2634.88
JPN,meat_consumption_4,105.12,107.75,113.53,95.98,80.64,82.76,71.57,63.16,60.62,50.97,46.34,44.52,42.67,36.67,46.46,53.06,53.49,38.59,39.05,39.44,31.62,31.86,27.46,18.17,20.39,18.5,24.57,22.14,23,21.96,20.96,19.42,21.3
JPN,meat_consumption_per_capita_1,5.71,6.09,6.33,6.94,7.62,8.01,7.58,7.68,7.79,7.77,8.18,6.67,6.77,6.62,6.6,5.91,5.87,6.05,6.06,6.16,6.37,6.38,6.4,6.4,6.36,6.09,6.51,6.7,7.07,6.98,6.85,6.71,6.78
JPN,meat_consumption_per_capita_2,12.07,12.1,12.11,12.01,12.08,12.13,12.73,11.81,11.71,11.96,12.38,12.67,13.3,13.09,13.96,13.87,12.98,13.22,13.45,13.13,13.32,13.56,13.49,13.48,13.66,13.93,14.34,14.77,14.92,14.91,14.98,15.11,15.27
JPN,meat_consumption_per_capita_3,8.55,8.03,8.27,8.11,8.46,8.52,8.8,8.56,8.1,8.13,8.69,8.93,8.67,8.56,8.37,8.89,9.03,9.11,9,9.24,9.66,9.61,10.24,10.2,10.36,10.73,11.08,11.47,11.82,12.05,11.9,12.44,12.63
JPN,meat_consumption_per_capita_4,0.55,0.57,0.59,0.5,0.42,0.43,0.37,0.33,0.31,0.26,0.24,0.23,0.22,0.19,0.24,0.27,0.27,0.2,0.2,0.2,0.16,0.16,0.14,0.09,0.1,0.09,0.13,0.11,0.12,0.11,0.11,0.1,0.11
KAZ,meat_consumption_1,710,724,593.21,651.31,614.7,515.7,439.58,364.2,344.04,340.69,313.7,299.21,307.24,327,346.01,372.99,405.62,436.18,446.58,431.58,448.03,443,439.21,450.39,459.13,468.13,472.66,501.69,520.41,555.87,575.93,600.8,592.26
KAZ,meat_consumption_2,286,274,221.2,196.71,156.83,108.9,108.39,84.28,82.34,97.38,85.95,117.3,116.59,112.72,116.58,122.89,129.52,132.27,146.66,138.69,134.15,150.22,150.27,145.23,137.81,126.53,121.04,123.3,113.53,115.94,125.98,133.2,131.85
KAZ,meat_consumption_3,201,185,140.85,115.79,81.17,56.44,54.47,56.17,54.38,43.07,53.59,66.63,84.31,96.26,122.44,157.15,218.02,210.06,197.55,190.11,231.93,262.47,327.27,304.35,282.78,292.55,301.29,340.02,371.35,399.67,409.68,494.62,440.1
KAZ,meat_consumption_4,278,270,232.9,263.3,239.8,192.08,165.56,146.29,119.18,98.92,95.29,97.16,101.61,96.06,101.65,106.77,115.16,123.66,131.26,135.05,142.68,149.2,154.42,157.11,162.19,165.39,168.99,170.65,167.62,169.13,171.34,174.23,170.32
KAZ,meat_consumption_per_capita_1,28.12,28.96,24.12,26.76,25.49,21.62,18.66,15.65,14.99,15,13.87,13.25,13.53,14.28,14.96,15.98,17.24,18.36,18.62,17.75,18.29,17.83,17.41,17.57,17.63,17.7,17.61,18.44,18.88,19.92,20.39,21.02,20.5
KAZ,meat_consumption_per_capita_2,12.34,11.94,9.8,8.81,7.09,4.97,5.01,3.95,3.91,4.67,4.14,5.66,5.59,5.36,5.49,5.74,6,6.07,6.66,6.22,5.97,6.59,6.49,6.17,5.76,5.21,4.91,4.94,4.49,4.53,4.86,5.08,4.97
KAZ,meat_consumption_per_capita_3,7.13,6.63,5.13,4.26,3.01,2.12,2.07,2.16,2.12,1.7,2.12,2.64,3.32,3.76,4.74,6.03,8.3,7.92,7.37,7,8.48,9.46,11.62,10.63,9.72,9.9,10.05,11.19,12.06,12.82,12.99,15.5,13.64
KAZ,meat_consumption_per_capita_4,10.85,10.64,9.33,10.66,9.8,7.93,6.92,6.19,5.11,4.29,4.15,4.24,4.41,4.13,4.33,4.51,4.82,5.13,5.39,5.47,5.74,5.92,6.03,6.04,6.13,6.16,6.2,6.18,5.99,5.97,5.97,6.01,5.81
KOR,meat_consumption_1,0,315.04,355.02,335.23,361.69,419.44,438.78,500.75,453.45,542.98,571.87,498.99,571.2,553.63,448.2,415.74,463.59,493.51,505.26,523.32,564.92,627.21,639.63,671.55,713.68,726.62,729.75,762.17,795.7,839.63,841.87,896.25,940.57
KOR,meat_consumption_2,0,552.62,748.46,762.23,794.64,835.26,900.38,895.85,890.94,1030.49,979.95,1019.77,1058.06,1291.64,1198.86,1177.3,1422.98,1505.35,1524.59,1484.98,1544.08,1492.18,1551.37,1633.71,1665.35,1819.2,1901.91,1934.82,2008.11,2019.46,1983.63,2005.66,2072.91
KOR,meat_consumption_3,271.5,332.27,374.85,393.7,397.9,437.72,472.47,445.93,396.83,494.43,495.14,516.23,537.98,523.9,465.08,600.43,645.45,637.66,635.21,677.86,746.7,803.31,809.71,816.5,925.26,973.29,1001.22,980.46,1063.78,1103.04,1181.34,1170.83,1186.2
KOR,meat_consumption_4,9.56,7.9,15.47,11.52,14.19,12.72,10.89,9.61,8.07,6.81,5.46,4.88,5.69,5.51,5.97,6.07,5.83,5.81,5.72,5.32,5.66,6.48,6.69,6.59,8.68,10.94,14.38,18.52,19.47,18.98,19.17,19.54,20.25
KOR,meat_consumption_per_capita_1,0,4.57,5.15,4.84,5.2,6.01,6.27,7.11,6.39,7.64,7.99,6.94,7.91,7.65,6.15,5.69,6.34,6.73,6.86,7.08,7.63,8.41,8.51,8.85,9.32,9.42,9.4,9.78,10.18,10.72,10.74,11.44,12
KOR,meat_consumption_per_capita_2,0,8.73,11.84,11.99,12.46,13.05,14.01,13.86,13.68,15.79,14.92,15.44,15.97,19.44,17.93,17.54,21.2,22.36,22.57,21.9,22.73,21.8,22.48,23.47,23.71,25.7,26.69,27.05,27.99,28.09,27.56,27.88,28.83
KOR,meat_consumption_per_capita_3,2.95,4.31,4.87,5.09,5.13,5.62,6.04,5.67,5.01,6.23,6.2,6.43,6.67,6.48,5.72,7.35,7.9,7.79,7.73,8.22,9.03,9.65,9.64,9.64,10.83,11.3,11.55,11.27,12.19,12.61,13.49,13.38,13.56
KOR,meat_consumption_per_capita_4,0.11,0.11,0.22,0.16,0.2,0.18,0.15,0.13,0.11,0.09,0.08,0.07,0.08,0.07,0.08,0.08,0.08,0.08,0.08,0.07,0.08,0.09,0.09,0.09,0.11,0.14,0.18,0.23,0.25,0.24,0.24,0.25,0.25
MEX,meat_consumption_1,950.09,1140.07,1214.24,1100.33,1314.74,1123.9,1354.6,1426.81,1554.56,1540.13,1555.79,1610.76,1746.4,1605.85,1542.26,1600.91,1625.3,1645.07,1754.93,1678.53,1596.89,1465.09,1476.98,1578.93,1554.16,1515.79,1564.86,1537.25,1622.26,1604.1,1596.68,1718.4,1666.32
MEX,meat_consumption_2,798.37,880.85,908.77,910.22,998.6,967.3,945.55,985.03,1057.13,1116.43,1221.36,1263.5,1301.26,1314.69,1406.22,1402.04,1422.18,1455.14,1528.71,1672.28,1684.84,1629.83,1752.67,1844.72,1875.07,2029.99,2100.81,2180.68,2181.63,2224.33,2152.37,2365.15,2535.73
MEX,meat_consumption_3,848.03,995.55,1071.89,1261.1,1369.91,1515.52,1505.32,1750.5,1931.27,2080.25,2230.05,2351.77,2516.88,2686.41,2783.38,3029.75,3112.86,3167.99,3262.08,3314.65,3421.24,3532.32,3612.92,3690.52,3802.04,3928.15,4072.95,4223.32,4361.1,4550.07,4614.11,4793.48,4898.47
MEX,meat_consumption_4,70.99,78.91,86.91,91.19,93,82.64,78.94,87.01,96.04,102.43,116.81,123.95,127.39,124.63,142.71,126.62,123,125.5,126.5,117.79,113.39,110.93,107.32,109.25,109.36,110.37,109.69,111.51,110.24,109.87,106.62,106.1,107
MEX,meat_consumption_per_capita_1,7.44,8.77,9.1,8.09,9.52,7.99,9.45,9.8,10.53,10.27,10.23,10.44,11.17,10.12,9.58,9.8,9.81,9.82,10.35,9.79,9.2,8.31,8.26,8.72,8.48,8.18,8.35,8.12,8.49,8.33,8.23,8.82,8.49
MEX,meat_consumption_per_capita_2,6.81,7.39,7.42,7.29,7.88,7.49,7.18,7.37,7.8,8.11,8.75,8.92,9.07,9.03,9.51,9.35,9.36,9.46,9.83,10.63,10.57,10.07,10.68,11.1,11.15,11.94,12.21,12.55,12.44,12.58,12.08,13.23,14.08
MEX,meat_consumption_per_capita_3,5.94,6.86,7.19,8.3,8.88,9.64,9.4,10.77,11.71,12.43,13.13,13.65,14.42,15.16,15.48,16.61,16.83,16.93,17.23,17.31,17.65,17.94,18.09,18.25,18.58,18.99,19.46,19.97,20.44,21.16,21.29,22.03,22.35
MEX,meat_consumption_per_capita_4,0.55,0.6,0.64,0.66,0.66,0.58,0.54,0.59,0.64,0.67,0.76,0.79,0.8,0.77,0.87,0.76,0.73,0.74,0.74,0.68,0.64,0.62,0.59,0.59,0.59,0.59,0.58,0.58,0.57,0.56,0.54,0.54,0.54
MYS,meat_consumption_1,66.58,77.07,80.09,83.56,92.37,103.37,114.91,115.33,103.49,114.86,139.22,84.33,152.2,153.56,187.11,187.11,180.46,179.42,164.9,179.71,184.21,198.12,205.33,225.89,232.61,255.68,240.7,232.47,238.39,224.55,234.96,238.64,264.47
MYS,meat_consumption_2,232.63,237.37,255.68,267.05,287.6,286.98,280.8,283.42,267.26,168.99,163.59,187.65,200.43,194.94,203.28,211.38,219.53,202.59,198.74,207.12,246.33,227.13,225.06,224.75,229.14,242.4,219.32,241.76,251.3,244.18,237.42,236.74,253.06
MYS,meat_consumption_3,385.61,471.44,556.18,640.71,680.89,705.1,713.7,723.36,734.77,757.76,739.52,740.78,854.41,870.41,933.17,976.82,1039.7,1102.7,1147.63,1180.87,1280.63,1325.94,1394.15,1472.09,1590.59,1649.97,1778.49,1684.21,1673.75,1672.32,1617.33,1586.35,1614.09
MYS,meat_consumption_4,7.59,7.77,9.44,9.24,9.05,12.2,14.84,13.25,13.39,14.22,14.36,16.85,15.28,12.97,15.57,16.2,17.6,19.58,19.9,20.55,24.42,21.14,25.27,30.07,35.76,38.5,38.38,43.02,40.5,35.53,41.78,33.2,42.45
MYS,meat_consumption_per_capita_1,2.43,2.72,2.76,2.82,3.04,3.32,3.59,3.51,3.08,3.32,3.93,2.33,4.13,4.08,4.88,4.79,4.53,4.42,3.99,4.27,4.34,4.6,4.7,5.1,5.18,5.62,5.22,4.97,5.03,4.68,4.83,4.84,5.3
MYS,meat_consumption_per_capita_2,9.25,9.14,9.62,9.81,10.31,10.03,9.55,9.4,8.66,5.32,5.04,5.65,5.92,5.64,5.78,5.89,6.01,5.44,5.24,5.36,6.33,5.74,5.61,5.53,5.56,5.81,5.19,5.64,5.78,5.54,5.32,5.24,5.53
MYS,meat_consumption_per_capita_3,12.61,14.92,17.19,19.34,20.07,20.25,19.95,19.72,19.56,19.62,18.71,18.33,20.74,20.72,21.79,22.38,23.39,24.34,24.89,25.1,27.03,27.55,28.55,29.75,31.73,32.48,34.56,32.27,31.64,31.2,29.77,28.84,28.99
MYS,meat_consumption_per_capita_4,0.27,0.27,0.32,0.31,0.29,0.39,0.46,0.4,0.39,0.41,0.4,0.46,0.41,0.34,0.4,0.41,0.44,0.48,0.47,0.48,0.57,0.48,0.57,0.67,0.78,0.83,0.82,0.91,0.84,0.73,0.85,0.66,0.84
NGA,meat_consumption_1,204.33,205.71,210.38,244.46,265.05,267.01,280.99,295.13,298.37,298.88,279.17,318.17,359.88,311.01,324.91,306.68,260.04,328.37,328.63,330.78,307.74,351.03,289.74,379.73,383.47,385.72,299.61,301.1,317.51,328.64,327.84,329.42,329.47
NGA,meat_consumption_2,106.92,106.81,112.51,117.01,121.5,133.73,138.23,142.73,147.23,156.23,157.54,165.37,192.64,179.09,186.33,193.57,201.4,209.44,217.89,226.52,234.21,243.54,249.39,254.91,253.3,267.85,281.37,295.69,300.19,303.45,307.48,295.06,291.34
NGA,meat_consumption_3,174.11,165,162,165,168.05,169,170,171.04,172.04,174,160.43,189.31,194.4,201.53,211.21,218.8,232.26,246.27,260.6,273.01,245.01,198.31,229.19,193.21,196.37,204.64,240.29,258.25,264.43,240.04,238.27,237.16,236.52
NGA,meat_consumption_4,164.65,170.5,174.13,181.16,205.68,222.23,238.3,269.54,289.9,311.99,336.65,366.43,372.27,376.84,386.18,394.05,405.76,415.39,422.81,433.11,458.16,381.91,339.76,374.72,384.09,393.71,403.5,413.59,423.64,422.21,411.77,408.56,405.19
NGA,meat_consumption_per_capita_1,1.3,1.25,1.21,1.37,1.46,1.43,1.48,1.53,1.51,1.48,1.34,1.51,1.71,1.43,1.45,1.33,1.09,1.35,1.32,1.3,1.18,1.3,1.03,1.32,1.29,1.27,0.95,0.93,0.96,0.96,0.93,0.91,0.88
NGA,meat_consumption_per_capita_2,0.74,0.7,0.7,0.72,0.73,0.78,0.8,0.8,0.81,0.84,0.83,0.86,1,0.9,0.9,0.92,0.92,0.94,0.95,0.97,0.98,0.98,0.96,0.96,0.93,0.96,0.97,1,0.98,0.97,0.95,0.88,0.85
NGA,meat_consumption_per_capita_3,1,0.89,0.83,0.83,0.83,0.81,0.8,0.79,0.78,0.77,0.69,0.81,0.83,0.83,0.84,0.85,0.87,0.91,0.94,0.96,0.84,0.66,0.73,0.6,0.59,0.6,0.68,0.71,0.71,0.63,0.61,0.58,0.57
NGA,meat_consumption_per_capita_4,1.04,1.02,0.98,1,1.12,1.17,1.24,1.37,1.44,1.52,1.6,1.72,1.74,1.7,1.69,1.69,1.68,1.68,1.67,1.67,1.74,1.39,1.19,1.28,1.27,1.27,1.26,1.26,1.26,1.22,1.15,1.11,1.07
NOR,meat_consumption_1,84.29,81.74,86.14,85.6,89.97,88.72,90.67,91.79,95.02,99.45,94.98,92.64,92.77,95.69,97.49,99.66,96.25,97.79,99.95,94.96,91.8,94.9,98.85,100.88,93.73,105.28,106.41,104.67,103.25,100.57,104.93,112.35,109.82
NOR,meat_consumption_2,0,86.25,88.31,92.37,95.66,100.77,107.14,101.74,107.05,98.99,103.27,108.85,104.32,107.83,111.81,115.47,114.03,124,124.23,131.81,136.49,140.71,130.89,128.83,131.12,137.25,138.25,136.17,137.67,132.95,138.6,148.33,149.01
NOR,meat_consumption_3,20.08,20.54,23.12,23.09,26.17,29.66,32.62,33.49,31.43,36.75,42.98,42.31,45.92,49.37,54.76,57.93,63.14,70.72,84.99,83.05,84.64,85.11,93.72,106.43,104.66,93.92,100.48,103.26,100.52,109.66,109.31,119.81,121.97
NOR,meat_consumption_4,23.31,24.46,25.01,25.45,27.15,27.49,27.73,25.13,23.71,23.18,24.43,25.16,25.54,24.86,26.58,26.44,25.91,26.45,29,25.47,26,25.15,25.69,26.93,26.74,27.34,27.07,27.02,27.33,24.48,23.62,25.27,25.34
NOR,meat_consumption_per_capita_1,13.1,12.64,13.23,13.07,13.66,13.4,13.63,13.72,14.12,14.68,13.94,13.53,13.48,13.83,14.01,14.21,13.6,13.7,13.82,12.96,12.39,12.64,13.03,13.12,12.04,13.4,13.42,13.1,12.83,12.42,12.88,13.74,13.35
NOR,meat_consumption_per_capita_2,0,14.54,14.78,15.37,15.83,16.58,17.54,16.57,17.33,15.92,16.52,17.32,16.52,16.98,17.5,17.93,17.55,18.92,18.71,19.6,20.07,20.42,18.79,18.25,18.36,19.03,19,18.56,18.64,17.89,18.54,19.77,19.74
NOR,meat_consumption_per_capita_3,2.8,2.85,3.18,3.16,3.56,4.01,4.39,4.48,4.18,4.86,5.65,5.53,5.98,6.39,7.05,7.39,7.99,8.87,10.52,10.15,10.23,10.15,11.06,12.39,12.04,10.7,11.35,11.57,11.19,12.13,12.02,13.12,13.28
NOR,meat_consumption_per_capita_4,3.57,3.73,3.79,3.83,4.06,4.09,4.11,3.7,3.47,3.37,3.53,3.62,3.66,3.54,3.76,3.71,3.61,3.65,3.95,3.42,3.46,3.3,3.34,3.45,3.38,3.43,3.36,3.33,3.35,2.98,2.86,3.05,3.04
NZL,meat_consumption_1,126.56,118.3,124.12,122.98,108.82,148.14,154.31,135.4,118.49,126.25,128.27,120.94,158.98,73.02,117.65,138.04,120.78,91.51,93.11,109.81,107.16,104.29,100.72,102.52,100.5,91.39,83.32,81.34,80.56,77.54,72.3,72.83,70.73
NZL,meat_consumption_2,47.8,46.63,49.26,52.98,60.64,58.54,59.61,57.06,60.68,65.54,66.21,62.87,65.84,71.08,77.67,79.73,85.93,87.28,88.12,88.2,82.97,90.52,92.28,92.07,95.83,105.23,104.24,111.97,116.59,113.96,111.97,112.08,122.35
NZL,meat_consumption_3,56.3,58.3,60.9,68.2,75.36,92.99,91.08,89.12,97.41,100.63,107.68,117.5,129.26,142.04,149.54,158.97,152.85,146.48,147.1,139.03,142.92,148.21,165.12,165.93,173.55,176.8,197.74,206.09,213.55,222.81,209.34,219.16,208.77
NZL,meat_consumption_4,107.45,116.58,119.1,86.89,158.78,125.4,64.15,111.53,113.45,98.62,105.05,120.17,92.81,102.37,95.03,94.88,90.62,83.38,65.77,41.61,30.35,27.87,28.18,31.55,32.55,30.77,29.21,28.28,22.52,19.29,17.82,17.59,16.42
NZL,meat_consumption_per_capita_1,24.56,22.4,23.16,22.69,19.83,26.6,27.29,23.65,20.53,21.75,22.02,20.58,26.64,12,19.06,22.1,19.12,14.32,14.43,16.84,16.29,15.72,15.09,15.22,14.72,13.17,11.81,11.34,11.02,10.35,9.45,9.39,9.02
NZL,meat_consumption_per_capita_2,10.11,9.62,10.01,10.65,12.04,11.45,11.49,10.86,11.45,12.3,12.39,11.65,12.02,12.73,13.71,13.91,14.82,14.88,14.88,14.74,13.74,14.87,15.06,14.89,15.3,16.52,16.1,17.01,17.38,16.57,15.94,15.74,17
NZL,meat_consumption_per_capita_3,9.79,9.89,10.18,11.27,12.3,14.95,14.43,13.94,15.11,15.53,16.56,17.9,19.4,20.91,21.7,22.79,21.67,20.53,20.42,19.1,19.45,20.01,22.15,22.06,22.77,22.81,25.1,25.74,26.16,26.63,24.49,25.3,23.84
NZL,meat_consumption_per_capita_4,20.54,21.75,21.89,15.79,28.5,22.18,11.18,19.19,19.36,16.74,17.77,20.14,15.32,16.58,15.17,14.96,14.13,12.85,10.04,6.29,4.54,4.14,4.16,4.61,4.7,4.37,4.08,3.89,3.04,2.54,2.29,2.23,2.06
PAK,meat_consumption_1,666.75,695.75,730.88,767.64,806.91,846.77,716.8,826.82,845.9,866.76,885.3,906.81,928.98,950,977.46,1002.03,1303.27,1347.99,1381.09,1420.76,1461.76,1512.49,1552.38,1607.81,1653.06,1700.25,1765.29,2039.2,2102.02,2158.13,2227.36,2305.54,2376.7
PAK,meat_consumption_2,0,0,0,0,0,0,0.02,0,0,0,0,0,0,0,0.01,0.05,0.06,0.13,0,0,0,0.01,0.01,0.01,0.02,0.01,0.02,0.09,0.07,0.1,0.03,0.04,0.1
PAK,meat_consumption_3,160.71,154.9,173.16,269.29,300.42,312.55,359.7,391.67,288.69,314.77,331.97,343.95,359.81,377.17,383.51,389.17,517.42,559.21,605.65,656.82,711.27,770.56,838.11,911.39,989.93,1078.87,1174.5,1279.39,1391.99,1518.83,1655.39,1808.76,1920.24
PAK,meat_consumption_4,483.99,518.99,555.94,594.85,636.94,683.12,433.49,434.01,444.88,455.28,463.71,478.62,491.22,502.69,513.34,526.94,394.03,400.04,411.23,418.09,421.99,427.38,434.79,456.37,461.97,473.87,487.05,699.51,713.69,726.27,741.2,760.91,778.9
PAK,meat_consumption_per_capita_1,3.94,3.97,4.05,4.15,4.25,4.33,3.5,3.97,3.91,3.91,3.89,3.91,3.9,3.9,3.93,3.93,5.04,5.07,5.1,5.12,5.25,5.31,5.34,5.4,5.45,5.48,5.58,6.35,6.42,6.47,6.55,6.65,6.73
PAK,meat_consumption_per_capita_2,0,0,0,0,0,0,0,0,0,0,0,0,0,0,0,0,0,0,0,0,0,0,0,0,0,0,0,0,0,0,0,0,0
PAK,meat_consumption_per_capita_3,0.85,0.79,0.86,1.3,1.42,1.43,1.58,1.68,1.2,1.27,1.31,1.33,1.35,1.38,1.38,1.37,1.79,1.88,2,2.12,2.29,2.42,2.58,2.74,2.92,3.12,3.33,3.57,3.81,4.08,4.36,4.67,4.87
PAK,meat_consumption_per_capita_4,2.82,2.92,3.03,3.17,3.31,3.44,2.09,2.05,2.03,2.02,2.01,2.03,2.03,2.03,2.03,2.04,1.5,1.48,1.5,1.49,1.49,1.48,1.47,1.51,1.5,1.51,1.52,2.15,2.15,2.14,2.15,2.16,2.17
PER,meat_consumption_1,123.49,119.55,114.76,113.04,107.46,116.34,119.36,128.56,130.96,139.36,133.32,133.33,138.78,144.61,149.83,158.93,166.3,168.14,167.63,168.92,177.06,183.98,191.69,199.45,201.89,201.97,198.28,194.36,197.07,201.78,194.5,199.78,200.81
PER,meat_consumption_2,66.52,68.88,73.1,75.65,78.11,80.5,83.49,86.98,71.25,66.46,91.97,93.29,92.84,93.15,99.37,105.35,110.23,116.07,116.87,116.86,120.15,121.78,127.86,134.12,143.24,153.56,159.42,169.23,174.83,184.77,178.34,187.37,198
PER,meat_consumption_3,249.12,295.55,322.88,306.18,320.49,357.58,391.46,441.95,473.16,504.83,519.86,524.87,563.69,584.98,584.29,657.4,717.8,779.41,886.69,978.81,1041.45,1124.95,1234.81,1282.89,1344.78,1455.43,1563.06,1629.22,1757.63,1834.35,1800.79,1855.83,1867.67
PER,meat_consumption_4,35.22,29.24,28.56,26.91,25.94,26.56,27,28.18,29.01,36.91,37.6,37.78,37.23,38.22,40.17,40.3,40.66,40.51,39.76,39.61,39.8,40.4,41.55,41.35,40.59,39.07,39.78,38.95,38.63,38.88,37.27,38.21,38.44
PER,meat_consumption_per_capita_1,3.64,3.46,3.23,3.1,2.89,3.08,3.1,3.29,3.29,3.45,3.25,3.22,3.31,3.42,3.51,3.7,3.84,3.86,3.82,3.82,4,4.13,4.27,4.4,4.41,4.36,4.22,4.07,4.06,4.09,3.88,3.94,3.92
PER,meat_consumption_per_capita_2,2.14,2.17,2.24,2.26,2.29,2.32,2.36,2.43,1.95,1.79,2.44,2.45,2.41,2.4,2.54,2.67,2.77,2.9,2.9,2.88,2.96,2.98,3.1,3.23,3.41,3.61,3.7,3.86,3.92,4.08,3.88,4.03,4.22
PER,meat_consumption_per_capita_3,6.57,7.65,8.13,7.53,7.72,8.47,9.1,10.13,10.66,11.18,11.34,11.34,12.04,12.38,12.27,13.69,14.85,16.02,18.11,19.82,21.09,22.61,24.63,25.36,26.31,28.14,29.79,30.53,32.39,33.27,32.19,32.79,32.68
PER,meat_consumption_per_capita_4,1.02,0.83,0.79,0.73,0.69,0.69,0.69,0.71,0.72,0.9,0.9,0.9,0.88,0.89,0.93,0.92,0.92,0.92,0.89,0.88,0.89,0.89,0.91,0.9,0.87,0.83,0.83,0.8,0.78,0.78,0.73,0.74,0.74
PHL,meat_consumption_1,138.69,139.57,148.74,160.57,180.85,211.25,239.3,281.11,281.13,345.74,375.58,358.32,378.51,379.03,409.82,377.31,373.29,424.58,429.4,399.08,422.53,410.93,402.9,397.3,435.34,444,418.51,397.09,375.32,364.4,343.94,394.74,393.59
PHL,meat_consumption_2,684.81,701.7,658.56,731.05,757.38,814.23,1042.95,1097.91,1144.61,1212.76,1238.93,1289.41,1360.84,1405.07,1387.79,1436.74,1583.92,1637.95,1646.05,1680.94,1727.18,1728.2,1741.52,1791.64,1802.27,1872.52,1867.95,1812.8,1784.61,1730.92,1592.01,1517.86,1530.96
PHL,meat_consumption_3,241.97,287.21,307.57,364.02,381.41,420.05,475.91,518.62,518.52,548.43,577.63,627.3,669.98,680.77,706.41,704.42,718.19,816.71,888.74,917.36,994.74,1058.81,1164.75,1211.77,1310.71,1412.29,1503.26,1567.18,1728.44,1837.94,1749.98,1773.1,1741.37
PHL,meat_consumption_4,27.19,25.04,26.65,28.6,30.26,30.81,30.67,31.05,31.54,33.67,34.24,34.13,34.1,33.56,34.06,36.61,45.48,50.1,53.86,55,56.06,56.24,54.93,55.26,56.22,57.43,49.82,42.86,34.66,34.46,32.07,33.9,35.48
PHL,meat_consumption_per_capita_1,1.45,1.42,1.47,1.56,1.71,1.95,2.18,2.5,2.45,2.95,3.14,2.94,3.04,2.98,3.16,2.85,2.77,3.1,3.08,2.82,2.97,2.84,2.74,2.65,2.86,2.87,2.67,2.5,2.33,2.23,2.07,2.34,2.31
PHL,meat_consumption_per_capita_2,7.77,7.76,7.09,7.72,7.82,8.21,10.34,10.65,10.88,11.29,11.29,11.52,11.92,12.05,11.66,11.83,12.82,13.03,12.88,12.93,13.24,13.02,12.89,13.04,12.91,13.21,12.99,12.42,12.05,11.53,10.42,9.82,9.78
PHL,meat_consumption_per_capita_3,2.26,2.61,2.72,3.16,3.24,3.48,3.88,4.13,4.05,4.2,4.33,4.61,4.82,4.8,4.88,4.77,4.78,5.34,5.71,5.8,6.27,6.56,7.09,7.25,7.72,8.19,8.59,8.82,9.6,10.06,9.42,9.43,9.14
PHL,meat_consumption_per_capita_4,0.28,0.25,0.26,0.27,0.28,0.28,0.27,0.27,0.27,0.28,0.28,0.28,0.27,0.26,0.26,0.27,0.33,0.36,0.38,0.38,0.39,0.38,0.37,0.36,0.36,0.37,0.31,0.27,0.21,0.21,0.19,0.2,0.2
PRY,meat_consumption_1,85.84,175.62,201.17,192.91,193.52,203.84,198.64,197.71,192.53,224.54,185.52,173.58,163.03,184.7,115.27,82.71,93.69,86.41,88.97,88.08,82.48,167.88,72.75,85.94,109.62,94.19,110.29,186.78,165.12,162.96,168.72,171.29,145.01
PRY,meat_consumption_2,118.13,120.55,126.49,126.79,127.82,130.16,116.12,118.07,119.45,120.67,42.89,43.69,33.61,36.58,37.56,35.31,32.23,30.77,28.89,30.71,32.65,34.29,34.62,34.35,32.14,34.5,43.59,45.56,52.18,56.31,61.7,65.43,67.96
PRY,meat_consumption_3,24.72,18.61,20.17,22.11,30.86,33.79,34.49,36.63,38.05,41.97,34.88,38.17,38.21,38.92,43.04,43.05,46.54,31.02,37.83,37.03,36.06,40.67,41.9,43.45,60.27,64.8,65.22,64.99,69.5,72.14,68.87,69.78,69.69
PRY,meat_consumption_4,3.42,3.33,3.24,3.27,3.31,3.14,3.13,3.18,3.39,3.44,3.26,3.24,3.27,3.23,3.66,3.28,3.4,3.26,3.2,3.43,3.59,3.67,3.75,3.79,3.78,3.62,3.87,2.5,2.55,2.5,2.58,3.06,3.16
PRY,meat_consumption_per_capita_1,13.39,26.79,29.99,28.02,27.43,28.24,26.87,26.15,24.92,28.47,22.9,21,19.31,21.52,13.12,9.21,10.29,9.31,9.49,9.26,8.58,17.41,7.34,8.57,10.85,9.19,10.65,17.91,15.62,15.23,15.58,15.59,13.04
PRY,meat_consumption_per_capita_2,20.08,20.04,20.54,20.06,19.74,19.65,17.12,17.01,16.84,16.67,5.77,5.76,4.34,4.64,4.66,4.28,3.86,3.61,3.36,3.52,3.7,3.87,3.81,3.73,3.47,3.67,4.59,4.76,5.38,5.73,6.21,6.49,6.66
PRY,meat_consumption_per_capita_3,3.45,2.54,2.69,2.88,3.92,4.19,4.18,4.34,4.41,4.76,3.86,4.14,4.05,4.06,4.39,4.29,4.58,2.99,3.61,3.48,3.36,3.78,3.79,3.88,5.34,5.66,5.64,5.58,5.89,6.04,5.7,5.69,5.61
PRY,meat_consumption_per_capita_4,0.53,0.5,0.48,0.47,0.46,0.43,0.42,0.41,0.43,0.43,0.4,0.39,0.38,0.37,0.41,0.36,0.37,0.35,0.34,0.36,0.37,0.37,0.37,0.37,0.37,0.35,0.37,0.24,0.24,0.23,0.23,0.27,0.28
RUS,meat_consumption_1,0,0,4278.85,4006.31,3805.01,3303,3201.92,3219.44,2947.76,2508.13,2170.32,2341.76,2485.45,2529.5,2492.42,2587.26,2436.51,2678.02,2887.9,2623.05,2616.85,2686.67,2685.84,2460.07,2490.23,2232.1,2088.1,2066.49,2103.51,2007.13,1953.56,1910.39,1879.02
RUS,meat_consumption_2,0,0,0,2791.87,2622.45,2628.38,2214.2,2238.7,2216.05,2018.37,1837.68,1971.9,2331.95,2372.56,2240.33,2247.75,2471.52,2755.01,3017.1,2971.73,3151.09,3294.4,3517.23,3642.66,3477.78,3480.63,3675.49,3856.75,3791.99,3964.42,4118.92,4142.09,4268.2
RUS,meat_consumption_3,0,0,1484.03,1455.42,1767,1829.5,1942.1,2080.88,1894.99,1885.74,1461.71,2150.02,2331.76,2301.98,2316.32,2730.36,2919.87,3113.45,3230.66,3284.57,3209.26,3313.58,3820.56,3944.06,4150.38,4293.26,4342.57,4603.09,4586.94,4604.71,4491.31,4554.97,4594.6
RUS,meat_consumption_4,0,0,348.37,371.91,317.32,291.46,238.66,217,191.28,146.21,142.09,135.6,139.44,136.14,145.72,161.07,169.77,179.14,205.26,190.96,193.38,200.82,199.27,199.47,208.64,206.1,215.82,217.78,207.55,204.69,204.76,214.74,212.37
RUS,meat_consumption_per_capita_1,0,0,18.99,17.76,16.87,14.67,14.26,14.36,13.18,11.24,9.65,10.5,11.22,11.48,11.36,11.85,11.2,12.34,13.32,12.08,12.06,12.38,12.37,11.29,11.41,10.19,9.51,9.4,9.55,9.11,8.88,8.7,8.58
RUS,meat_consumption_per_capita_2,0,0,0,13.48,12.67,12.72,10.74,10.88,10.79,9.85,8.91,9.63,11.47,11.73,11.13,11.22,12.38,13.83,15.16,14.92,15.83,16.54,17.65,18.22,17.36,17.32,18.24,19.11,18.76,19.6,20.39,20.56,21.24
RUS,meat_consumption_per_capita_3,0,0,5.9,5.78,7.02,7.28,7.74,8.31,7.59,7.56,5.82,8.63,9.43,9.35,9.46,11.2,12.02,12.85,13.34,13.55,13.25,13.67,15.75,16.22,17.02,17.56,17.71,18.75,18.65,18.71,18.27,18.58,18.8
RUS,meat_consumption_per_capita_4,0,0,1.52,1.62,1.39,1.28,1.05,0.95,0.84,0.65,0.62,0.6,0.62,0.61,0.65,0.73,0.77,0.81,0.93,0.87,0.88,0.91,0.9,0.9,0.94,0.93,0.97,0.98,0.93,0.92,0.92,0.96,0.96
SAU,meat_consumption_1,70.37,83.17,87.69,50.7,54.84,96.66,67.15,64.6,82,59.84,85.42,53.3,85.19,86.29,107.56,102.45,132.21,145.16,148.73,153.41,171.88,169.05,185.9,182.35,176.66,196.2,183.45,175.57,175.33,190.92,203.79,212.05,219.7
SAU,meat_consumption_2,0,0,0,0,0,0,0,0,0,0,0.74,0.33,2.34,2.34,2.59,4.74,4.16,5.41,5.39,6.52,6.2,8.25,6.11,4.63,7.9,8,6.98,20.91,20.91,14.26,17.4,14.14,15.72
SAU,meat_consumption_3,475.19,525.06,473.66,450.34,432.05,565.8,548.73,617.67,700.82,780.35,792.96,849.56,794.36,875.04,856.36,975.47,948.35,1001.88,1042.82,1122.33,1237.65,1229.73,1231.25,1414.25,1320.86,1476.82,1497.77,1327.75,1325.35,1371.41,1503.63,1494.92,1392
SAU,meat_consumption_4,105.13,109.56,116.8,152.51,136.88,154.47,151.65,148.5,141.31,146.3,155.17,142.01,142.92,152.11,155.55,167.44,147.83,157.63,149.95,136.12,155.61,172.49,182.11,185,197.79,200.98,172.97,174.38,168.13,169.53,175.07,182.15,191.16
SAU,meat_consumption_per_capita_1,2.83,3.22,3.28,1.85,1.94,3.37,2.29,2.16,2.69,1.93,2.69,1.63,2.55,2.51,3.02,2.8,3.5,3.75,3.75,3.76,4.15,3.96,4.22,4.01,3.77,4.09,3.73,3.49,3.43,3.68,3.87,3.96,4.05
SAU,meat_consumption_per_capita_2,0,0,0,0,0,0,0,0,0,0,0.03,0.01,0.08,0.07,0.08,0.14,0.12,0.15,0.15,0.17,0.16,0.21,0.15,0.11,0.18,0.18,0.15,0.45,0.45,0.3,0.36,0.29,0.32
SAU,meat_consumption_per_capita_3,17.11,18.23,15.88,14.71,13.69,17.67,16.74,18.5,20.63,22.5,22.35,23.32,21.28,22.8,21.53,23.86,22.51,23.21,23.54,24.66,26.77,25.78,25.03,27.88,25.25,27.56,27.29,23.66,23.22,23.66,25.55,25.01,22.96
SAU,meat_consumption_per_capita_4,4.16,4.18,4.31,5.48,4.77,5.31,5.09,4.89,4.57,4.64,4.81,4.29,4.21,4.36,4.3,4.51,3.86,4.02,3.72,3.29,3.7,3.98,4.07,4.01,4.16,4.13,3.47,3.42,3.24,3.22,3.27,3.35,3.47
THA,meat_consumption_1,316.45,318.92,316.18,337.23,274.1,359.02,323.1,284.43,251.97,228.25,199.34,146.61,140.81,142.68,152.13,152.8,161.59,180.69,168.67,170.54,189.66,170.79,156.31,152.21,144.06,152.82,151.38,150.49,135.13,136.95,114.65,112.87,120.58
THA,meat_consumption_2,336.01,400.5,432.79,457.63,487.9,486.05,509.64,530.5,463.71,450.03,685.53,687.81,770.85,852.62,863.7,896.29,975.39,990.66,879.58,855.29,879.66,859.59,923.64,941.22,923.45,908.74,887.2,890.39,873.95,861.9,838.05,848.34,565.57
THA,meat_consumption_3,524.17,699.79,849.8,878.26,814.6,812.46,857.53,840.28,900.18,798.49,746.54,749.06,681.7,720.45,588.73,760.03,679.66,759.44,629.75,635.24,630.52,626.34,747.71,979.55,1068.4,826.29,752.88,674.22,641.13,643.26,636.14,575.75,567.71
THA,meat_consumption_4,1.33,1.41,1.69,1.31,1.2,1.1,0.82,0.85,0.93,0.93,1.02,1.38,1.31,1.4,1.92,2.06,1.99,2.48,2.37,2.23,2.29,2.68,2.98,3.3,3.28,3.34,3.6,3.39,3.63,3.43,2.85,2.74,2.95
THA,meat_consumption_per_capita_1,3.63,3.62,3.55,3.76,3.02,3.93,3.5,3.04,2.65,2.37,2.06,1.5,1.43,1.44,1.52,1.52,1.6,1.78,1.65,1.66,1.87,1.68,1.53,1.48,1.4,1.47,1.45,1.44,1.29,1.3,1.09,1.07,1.14
THA,meat_consumption_per_capita_2,4.2,4.95,5.3,5.56,5.86,5.79,6.01,6.18,5.32,5.09,7.71,7.66,8.52,9.38,9.42,9.74,10.55,10.65,9.4,9.1,9.45,9.19,9.83,9.98,9.75,9.55,9.29,9.29,9.08,8.93,8.65,8.74,5.81
THA,meat_consumption_per_capita_3,5.39,7.11,8.55,8.77,8.04,7.96,8.31,8.04,8.49,7.43,6.9,6.85,6.19,6.51,5.28,6.79,6.04,6.71,5.53,5.55,5.57,5.5,6.54,8.53,9.28,7.14,6.48,5.78,5.47,5.48,5.4,4.88,4.8
THA,meat_consumption_per_capita_4,0.02,0.02,0.02,0.01,0.01,0.01,0.01,0.01,0.01,0.01,0.01,0.01,0.01,0.01,0.02,0.02,0.02,0.02,0.02,0.02,0.02,0.03,0.03,0.03,0.03,0.03,0.03,0.03,0.03,0.03,0.03,0.03,0.03
TUR,meat_consumption_1,381.68,372.97,337.77,334.28,311.09,309.38,323.29,384.98,363.56,354.7,499.47,499.93,501.32,503.66,502.46,500.13,522.09,551.84,588.62,607.99,688.79,810.26,796.82,786.86,809.13,884.15,964.65,1103.98,1350.82,1322.59,1331.78,1439.51,1474.8
TUR,meat_consumption_2,0.4,0.38,0.3,0.21,0.34,0.34,0.11,0.09,0.13,0.11,0.19,0.04,0.1,0.1,0,0,0,0,0,0,0,0,0,0,0,0,0,0,0,0,0,0,0
TUR,meat_consumption_3,414.6,414.31,440.3,459.05,477.27,501.3,427.02,475.72,497.29,604.87,666.02,613.3,710.98,884.61,889.44,937.41,899.72,1050.08,1046.92,1212.03,1338.73,1414.85,1461.72,1486.48,1543.93,1608.76,1597.42,1761.19,1732.63,1710.14,1673.03,1679.46,1785.6
TUR,meat_consumption_4,362.89,363.52,360.27,359.37,324.56,408.5,364.84,376.1,372.19,366.64,278.99,282.64,277,261.26,242.55,241.01,236.13,241.95,242.89,234.73,228.96,255.01,273.48,295.68,302.51,319.9,342.12,340.87,374.06,403.18,436.04,479.91,522.75
TUR,meat_consumption_per_capita_1,4.42,4.2,3.72,3.61,3.3,3.23,3.31,3.9,3.61,3.49,4.86,4.78,4.71,4.7,4.64,4.53,4.68,4.94,5.18,5.28,6.15,7.13,6.91,6.73,6.8,7.33,7.87,8.85,10.69,10.33,10.28,11.01,11.22
TUR,meat_consumption_per_capita_2,0.01,0,0,0,0,0,0,0,0,0,0,0,0,0,0,0,0,0,0,0,0,0,0,0,0,0,0,0,0,0,0,0,0
TUR,meat_consumption_per_capita_3,4.3,4.18,4.34,4.45,4.53,4.69,3.91,4.32,4.42,5.33,5.8,5.25,5.99,7.4,7.36,7.6,7.22,8.42,8.26,9.43,10.7,11.15,11.35,11.38,11.62,11.94,11.68,12.65,12.28,11.96,11.57,11.51,12.17
TUR,meat_consumption_per_capita_4,4.14,4.03,3.91,3.83,3.39,4.2,3.67,3.76,3.64,3.55,2.67,2.66,2.57,2.4,2.21,2.15,2.09,2.13,2.11,2.01,2.01,2.21,2.34,2.49,2.51,2.61,2.75,2.69,2.92,3.1,3.32,3.62,3.92
UKR,meat_consumption_1,1985.4,1877.6,1521.65,1286.14,1158.7,981.64,796.55,782.87,681.26,648.54,678.44,551.62,562.85,562.4,539.89,552.62,588.65,530.03,500.46,446.7,419.81,393.36,376.76,407.66,391.85,350.71,339.02,316.92,311.97,327.09,320.92,281.55,288.82
UKR,meat_consumption_2,1576.3,1421.1,1167.85,1008.41,860.38,805.2,787.52,700.69,676.5,638.7,738.06,592.24,599.01,626.49,599.26,543.82,585.2,710.23,799.51,687.58,764.44,802.69,934.21,930.62,771.37,736.46,748.85,738.08,735.92,735.94,731.68,766.64,700.9
UKR,meat_consumption_3,708.4,654.4,499.2,363.73,264.84,235.09,308.76,241.62,251.17,291.72,244.31,331.73,394.48,444.97,684.76,665.4,771.93,856.66,1075.07,1094.3,1103.72,1037.43,1139.66,1124.57,1081.57,1072.1,1070.26,1092.95,1070.75,1109.26,1091.86,1038.27,914.4
UKR,meat_consumption_4,45.8,39.7,35,30,42.64,38.19,31.24,23.72,20.58,18.88,16.81,15.22,16.43,16.4,16.48,16.22,14.6,15.3,17.11,17.8,21.1,19.6,19.71,18.72,14.41,13.7,13.4,13.5,14.19,13.67,11.24,9.6,2.53
UKR,meat_consumption_per_capita_1,25.32,23.99,19.52,16.54,14.95,12.73,10.39,10.29,9.04,8.68,9.14,7.48,7.72,7.77,7.52,7.75,8.32,7.54,7.16,6.41,6.08,5.72,5.5,5.97,5.76,5.17,5.02,4.72,4.67,4.93,4.86,4.29,4.43
UKR,meat_consumption_per_capita_2,21.9,19.78,16.32,14.13,12.1,11.38,11.2,10.04,9.78,9.32,10.83,8.75,8.95,9.43,9.1,8.31,9.01,11.01,12.46,10.75,12.07,12.71,14.86,14.86,12.35,11.83,12.09,11.97,12.01,12.08,12.08,12.74,11.72
UKR,meat_consumption_per_capita_3,8.09,7.49,5.73,4.19,3.06,2.73,3.61,2.84,2.98,3.5,2.95,4.03,4.84,5.51,8.54,8.36,9.77,10.92,13.77,14.06,14.32,13.5,14.9,14.76,14.23,14.16,14.2,14.57,14.36,14.97,14.82,14.18,12.57
UKR,meat_consumption_per_capita_4,0.58,0.5,0.44,0.38,0.54,0.49,0.4,0.31,0.27,0.25,0.22,0.2,0.22,0.22,0.23,0.22,0.2,0.21,0.24,0.25,0.3,0.28,0.28,0.27,0.21,0.2,0.2,0.2,0.21,0.2,0.17,0.14,0.04
USA,meat_consumption_1,11047.42,11076.05,11145.85,11018.41,11527.97,11726.19,11902.57,11767.68,12051.79,12324.7,12502.56,12351.21,12737.93,12338.91,12667.49,12663.36,12833.82,12841.44,12447.32,12268.34,12032.32,11689.67,11701.59,11569.14,11211.28,11276.32,11678.36,12046.11,12175.84,12409.75,12535.99,12677.97,12982.92
USA,meat_consumption_2,7271.31,7438.69,7927.07,7901.17,8087.11,8059.44,7618.09,7629.89,8304.83,8597.4,8456.33,8387.84,8684.94,8815.58,8816.3,8669.97,8640.94,8966.17,8814.22,8998.38,8656.82,8332.96,8408.71,8684.04,8650.02,9341.29,9476.46,9541.33,9748.17,10064.81,10027.12,9911.01,10016.69
USA,meat_consumption_3,10047.99,10564.63,11079.01,11383.82,11681.83,11768.01,12138.6,12365.85,12618.95,13547.46,13838.21,13981.09,14775.79,15028.27,15485.11,15851.71,16081.68,15976.45,16074.88,15497.46,15990.06,16471.32,15888.45,15938.8,16313.92,17423.41,17773.58,18064.79,18376.41,18887.16,19138.9,19464.58,19914.54
USA,meat_consumption_4,180.37,179.98,176.21,172.81,157.08,156.9,151.27,150.78,163.1,162.41,160.54,166.77,172.79,166.53,169,161.37,161.47,174.68,155.47,153.59,143.76,133.76,135.84,146.83,154.09,162,172.79,176.81,186.61,188.61,202.83,226.23,218.98
USA,meat_consumption_per_capita_1,29.53,29.2,28.95,28.23,29.14,29.26,29.34,28.64,28.97,29.27,29.34,28.68,29.29,28.1,28.57,28.28,28.38,28.12,27,26.37,25.65,24.71,24.51,24.03,23.09,23.05,23.68,24.24,24.33,24.64,24.77,24.97,25.47
USA,meat_consumption_per_capita_2,21.18,21.37,22.44,22.05,22.27,21.91,20.46,20.24,21.75,22.24,21.62,21.22,21.76,21.87,21.66,21.1,20.82,21.39,20.83,21.07,20.11,19.19,19.19,19.65,19.41,20.8,20.94,20.92,21.22,21.77,21.58,21.27,21.41
USA,meat_consumption_per_capita_3,24.06,24.94,25.77,26.12,26.44,26.3,26.79,26.95,27.16,28.81,29.08,29.07,30.43,30.65,31.27,31.71,31.85,31.32,31.23,29.83,30.52,31.18,29.81,29.65,30.08,31.89,32.28,32.55,32.88,33.58,33.86,34.33,34.99
USA,meat_consumption_per_capita_4,0.48,0.47,0.45,0.44,0.39,0.39,0.37,0.36,0.39,0.38,0.37,0.38,0.39,0.37,0.38,0.36,0.35,0.38,0.33,0.33,0.3,0.28,0.28,0.3,0.31,0.33,0.35,0.35,0.37,0.37,0.39,0.44,0.42
VNM,meat_consumption_1,164.32,165.34,172.92,170.8,175.7,179.95,175.6,164.29,163.28,178.82,186.3,194.57,201.36,205.53,224.43,264.36,303.93,407.12,520.41,619.17,585.16,814.27,843.2,1091.23,1337.33,1311.96,1305.44,1449.77,1238.23,1098.14,695.2,720.42,774.05
VNM,meat_consumption_2,712.4,690.52,807.69,858.3,945.14,1000.68,1047.48,1089.5,1161.43,1248.97,1402.61,1488.72,1639.92,1786,2268.51,2271.13,2558.05,2531.2,2753.5,3021.01,3022.59,3082.12,3144.04,3214.32,3338.68,3476.54,3625.37,3735.43,3875.62,3375.19,3763.6,3954.11,4033
VNM,meat_consumption_3,169.56,164.67,175.52,168.07,170.05,175.22,196.6,284.96,299.74,325.44,292.96,307.97,348.64,373.69,352.89,327.27,386.33,514.97,683.4,798.04,1121.88,1498.13,1244.62,889.81,940.95,985.73,1046.61,1113.53,1222.23,1487.86,1723.52,1695.51,1717.3
VNM,meat_consumption_4,2.79,2.34,2.34,2.65,3.22,4.17,4.65,4.64,4.71,4.7,4.82,4.95,5.48,6.06,7.93,9.33,10.68,12.66,10.96,13.13,16.68,12.94,11.67,12.7,11.24,13.79,14.09,16.94,19.02,21.79,21.65,21.54,21.67
VNM,meat_consumption_per_capita_1,1.55,1.53,1.57,1.53,1.55,1.57,1.5,1.39,1.36,1.47,1.52,1.58,1.62,1.63,1.78,2.07,2.36,3.13,3.97,4.68,4.43,6.1,6.25,8,9.7,9.42,9.28,10.21,8.63,7.58,4.75,4.89,5.21
VNM,meat_consumption_per_capita_2,7.33,6.94,8.01,8.36,9.09,9.51,9.77,10.04,10.54,11.2,12.48,13.13,14.34,15.48,19.59,19.37,21.66,21.23,22.88,24.88,24.95,25.16,25.37,25.68,26.39,27.2,28.07,28.65,29.42,25.38,28.04,29.22,29.57
VNM,meat_consumption_per_capita_3,1.43,1.36,1.43,1.35,1.34,1.37,1.51,2.16,2.24,2.4,2.14,2.23,2.51,2.66,2.5,2.29,2.69,3.55,4.67,5.4,7.61,10.05,8.26,5.84,6.11,6.34,6.66,7.02,7.63,9.2,10.55,10.3,10.35
VNM,meat_consumption_per_capita_4,0.03,0.02,0.02,0.02,0.03,0.04,0.04,0.04,0.04,0.04,0.04,0.04,0.04,0.05,0.06,0.07,0.08,0.1,0.08,0.1,0.12,0.1,0.09,0.09,0.08,0.1,0.1,0.12,0.13,0.15,0.15,0.14,0.14
ZAF,meat_consumption_1,719,741,718,663,587,591,573,560,560,671,592.7,565.83,569.5,638.59,691.59,765.18,849.62,845.1,799.32,807.99,892.12,875.55,881.05,950.46,980.53,1034.64,1050.77,977.67,970.97,1007.82,982.96,998.66,997.02
ZAF,meat_consumption_2,130.15,113.43,129.25,122.12,122.47,138.54,135.02,129.95,124.45,132.95,125.58,126.7,126.64,171.09,185.85,196.12,207.5,214.85,197.87,215.51,220.25,211.45,233.7,231.51,235.3,249.58,248.02,246.33,286.39,290.32,298.6,326.49,339.6
ZAF,meat_consumption_3,556.06,525.33,535.32,546.67,628.9,709.42,710.26,780.83,725,800.04,920.62,960.99,1007.95,1047.14,1084.49,1162.82,1263.08,1400.68,1547.77,1599.9,1673.92,1752.57,1831.49,2010.85,2045.07,2131.58,2158.53,2151.91,2262.7,2298.96,2309.41,2291.84,2299.08
ZAF,meat_consumption_4,168.48,169.02,178.52,164.85,196.4,155.77,164.29,163.14,161.13,186.29,164.08,146.72,145.5,143.83,166.94,166.94,178.67,208.12,198.55,185.3,184.07,173.22,181.33,200.71,202.79,188.36,188.22,172.65,180.2,189.06,176.84,171.99,166.75
ZAF,meat_consumption_per_capita_1,12.87,12.94,12.19,10.98,9.49,9.35,8.89,8.54,8.4,9.93,8.65,8.15,8.11,8.98,9.62,10.52,11.54,11.35,10.59,10.55,11.57,11.18,11.07,11.77,11.95,12.42,12.44,11.41,11.18,11.45,11.03,11.06,10.92
ZAF,meat_consumption_per_capita_2,2.54,2.16,2.39,2.2,2.16,2.39,2.28,2.16,2.03,2.14,2,1.99,1.96,2.62,2.82,2.94,3.07,3.14,2.86,3.07,3.11,2.94,3.2,3.12,3.12,3.27,3.2,3.13,3.59,3.59,3.65,3.94,4.05
ZAF,meat_consumption_per_capita_3,8.91,8.21,8.14,8.1,9.11,10.05,9.87,10.66,9.74,10.6,12.03,12.4,12.85,13.19,13.51,14.32,15.37,16.84,18.36,18.72,19.44,20.04,20.62,22.3,22.32,22.92,22.88,22.49,23.33,23.39,23.2,22.74,22.55
ZAF,meat_consumption_per_capita_4,2.97,2.91,2.99,2.69,3.13,2.43,2.51,2.45,2.38,2.72,2.36,2.08,2.04,1.99,2.29,2.26,2.39,2.75,2.59,2.38,2.35,2.18,2.25,2.45,2.43,2.23,2.19,1.98,2.04,2.12,1.95,1.88,1.8
