Source,Property,Value
historical_emissions_climate_watch,Title (75 character limit),Climate Watch Historical GHG Emissions
historical_emissions_climate_watch,Technical Title,Climate Watch Historical Country Greenhouse Gas Emissions Data
historical_emissions_climate_watch,Source Organization,World Resources Institute
historical_emissions_climate_watch,Learn More Link,https://www.climatewatchdata.org/ghg-emissions
historical_emissions_climate_watch,"Function/Summary: Tagline description of what data says 
(150 character limit)",Historical country-level and sectoral GHG emissions data (1990-2022)
historical_emissions_climate_watch,"Description: 
Recap data name, source organization
Objectives/ data type/ Methodology","Climate Watch Historical Emissions data contains sector-level greenhouse gas (GHG) emissions data for 194 countries and the European Union for the period 1990-2022, including emissions of the six major GHGs from most major sources and sinks. <br>UPDATE: As of September 16, 2025, Non-CO2 emissions are expressed in CO2 equivalents using 100-year global warming potential values from the IPCC Fifth Assessment Report (AR5).<br>Population and GDP (constant 2015 US$) values are extracted from the World Bank Databank Development Indicators. <br>The <a href=""https://files.wri.org/d8/s3fs-public/2024-05/climate-watch-country-greenhouse-gas-emissions-data-methodology.pdf?VersionId=1geU96keSmqZlUjv41FNGB4CLpHQbruN"">technical note is available here</a>."
historical_emissions_climate_watch,Cautions: Known use limitations/cautions regarding: geographic/content coverage; source (inconsistency); methodology ,"Climate Watch Historical GHG Emissions data (previously published through CAIT Climate Data Explorer) are derived from several sources. Any use of the Land-Use Change and Forestry or Agriculture indicator should be cited as FAO 2024, FAOSTAT Emissions Database. Any use of GHG emissions from fuel combustion data should be cited as GHG Emissions from Fuel Combustion, OECD/IEA, 2024. As of March 2020, emissions from European Union (27) for all years no longer include emissions from United Kingdom on Climate Watch."
historical_emissions_climate_watch,Geographic Coverage: global; quasi-global; select regions/countries,Global
historical_emissions_climate_watch,Date of Content: List all years; for multiple years (2001 - 2014),1990-2022
historical_emissions_climate_watch,Frequency of Updates: annual; every x years/months/days; no updates planned,Annual. Last updated September 2025.
historical_emissions_climate_watch,Summary of License,Creative Commons Attribution-NonCommercial 4.0 International license
historical_emissions_climate_watch,Link to License or Terms of Service,https://creativecommons.org/licenses/by/4.0/
historical_emissions_climate_watch,Citation,"Climate Watch Historical GHG Emissions. 2025. Washington, DC: World Resources Institute. Available online at: https://www.climatewatchdata.org/ghg-emissions"
historical_emissions_climate_watch,Published Language,English
historical_emissions_pik,Title (75 character limit),PRIMAP historical emissions
historical_emissions_pik,Technical Title,The PRIMAP-hist national historical emissions time series (1850-2021)
historical_emissions_pik,Source Organization,Climate Resource
historical_emissions_pik,Learn More Link,https://zenodo.org/record/7179775#.Y-UGOXbMI2w
historical_emissions_pik,"Function/Summary: Tagline description of what data says 
(150 character limit)",The PRIMAP-hist national historical emissions time series (1750-2021) v2.4
historical_emissions_pik,"Description: 
Recap data name, source organization
Objectives/ data type/ Methodology","The PRIMAP-hist dataset combines several published datasets to create a comprehensive set of greenhouse gas emission pathways for every country and Kyoto gas covering the years 1750 to 2021, and all UNFCCC (United Nations Framework Convention on Climate Change) member states, as well as most non-UNFCCC territories. The scenario in which country-reported data (CRF, BUR, UNFCCC) is prioritized over third-party data (CDIAC, FAO, Andrew, EDGAR, BP) is used on Climate Watch. The data resolves the main IPCC (Intergovernmental Panel on Climate Change) 2006 categories. Subsector data for Energy, Industrial Processes, Agriculture and Waste is available for CO2, CH4, and N2O. Due to data availability and methodological issues, PRIMAP-hist dataset does not include emissions from land use, land use change, and forestry (LULUCF). Non-CO2 emissions are expressed in CO2 equivalents using 100-year global warming potential values from IPCC Fourth Assessment Report."
historical_emissions_pik,Cautions: Known use limitations/cautions regarding: geographic/content coverage; source (inconsistency); methodology ,"Multiple scenarios are available by PRIMAP-hist. Climate Watch presents HISTCR where country-reported data are prioritized over third-party data, extrapolated data using AR4 GWP values.<br><br>When using this dataset or one of its updates, please also cite the data description article (Gutschow et al., 2016, http://doi.org/10.5194/essd-8-571-2016). <br><br>""The v2.4 release of PRIMAP-hist reduces the time-lag from 2 to 1 years. Thus we include data for 2021 while the last version (2.3.1) included data for 2019 only. For energy CO2 growth rates from the BP statistical review of world energy are used to extend the country reported (CR) or CDIAC (TP) data to 2021. For CO2 from cement production Andrew cement data are used. For all other sectors and gases no emission estimates exist. Thus PRIMAP-hist relies on numerical methods and uses a linear extrapolation based on the last 15 years. COVID-19 has primarily impacted energy related emissions and in tests with CRF data no impact of COVID in the performance of linear extrapolation of emissions data in the other sectors has been detected."""
historical_emissions_pik,Geographic Coverage: global; quasi-global; select regions/countries,Global
historical_emissions_pik,Date of Content: List all years; for multiple years (2001 - 2014),1850-2021
historical_emissions_pik,Frequency of Updates: annual; every x years/months/days; no updates planned,Annual
historical_emissions_pik,Summary of License,Creative Commons Attribution-NonCommercial 4.0 International license
historical_emissions_pik,Link to License or Terms of Service,https://creativecommons.org/licenses/by/4.0/
historical_emissions_pik,Citation,"Gütschow, J.; Pflüger, M. (2022): The PRIMAP-hist national historical emissions time series v2.4 (1750-2021). zenodo. doi:10.5281/zenodo.7179775.<br>Gütschow, J.; Jeffery, L.; Gieseke, R.; Gebel, R.; Stevens, D.; Krapp, M.; Rocha, M. (2016): The PRIMAP-hist national historical emissions time series, Earth Syst. Sci. Data, 8, 571-603, doi:10.5194/essd-8-571-2016"
historical_emissions_pik,Published Language,English
historical_emissions_unfccc,Title (75 character limit),UNFCCC historical emissions
historical_emissions_unfccc,Technical Title,UNFCCC GHG data
historical_emissions_unfccc,Source Organization,United Nations Framework Convention on Climate Change (UNFCCC)
historical_emissions_unfccc,Learn More Link,http://di.unfccc.int/
historical_emissions_unfccc,"Function/Summary: Tagline description of what data says 
(150 character limit)","Greenhous gas inventory data reported by parties to the UNFCCC, and published through UNFCCC's GHG data interface"
historical_emissions_unfccc,"Description: 
Recap data name, source organization
Objectives/ data type/ Methodology",The GHG data interface includes GHG data received by the UNFCCC secretariat as of 18 February 2022. The GHG inventory data from UNFCCC are provided in the annual GHG inventory submissions by Annex I Parties and in the national communications and biennial update reports by non-Annex I Parties.
historical_emissions_unfccc,Cautions: Known use limitations/cautions regarding: geographic/content coverage; source (inconsistency); methodology ,"For the purpose of Climate Watch, emissions estimates for EU(27) are calculated by adding up emissions inventories of 27 member countries of EU from UNFCCC Data Interface. <br><br>The reporting and review requirements for GHG inventories are different for Annex I and non-Annex I Parties. The definition format of data for emissions/removals from the forestry sector is different for Annex I and non-Annex I Parties. <br>Some non-Annex I Parties submitted their GHG inventory data using the format of the 2006 IPCC Guidelines in reporting GHG emissions/removals. For this reason, these data could not be included in the data interface. However, the data are available in the national communications (Andorra, Angola, Antigua and Barbuda, Armenia, Azerbaijan, Bahrain, Bangladesh, Bhutan, Brazil, Brunei Darussalam, Cabo Verde, Cook Islands, Costa Rica, Côte d'Ivoire, Colombia, Cuba, Equatorial Guinea, Eswatini, Fiji, Gabon, Gambia, Georgia, Grenada, Ghana, Honduras, Indonesia, Iran, Jamaica, Kuwait, Lesotho, Malaysia, Mauritania, Mauritius, Mexico, Mongolia, Montenegro, Morocco, Namibia, Nepal, Nicaragua, Nigeria, Panama, Oman, Republic of Moldova, Rwanda, Samoa, Serbia, Sierra Leone, Singapore, Somalia, South Africa, Suriname, Timor-Leste, Trinidad and Tobago, United Arab Emirates, Vanuatu, Venezuela, Viet Nam, and Zambia) and biennial update reports (Afghanistan, Albania, Andorra, Antigua and Barbuda, Argentina, Armenia, Azerbaijan, Belize, Benin, Cambodia, Chile, Colombia, Costa Rica, Côte d'Ivoire, Dominican Republic, Egypt, El Salvador, Gabon, Ghana, Georgia, Guinea-Bissau, Honduras, India, Indonesia, Jordan, Laos Peoples Republic, Lesotho, Liberia, Malaysia, Mauritania, Mauritius, Mexico, Mongolia, Montenegro, Morocco, Namibia, Nigeria, North Macedonia, Oman, Panama, Paraguay, Papua New Guinea, Peru, Republic of Moldova, Rwanda, Saint Lucia, Serbia, Singapore, South Africa, Tajikistan, Thailand, Togo, Trinidad and Tobago, Tunisia, Uruguay, Uganda, Uzbekistan, Viet Nam, and Zambia<br> Data displayed on the data interface are ""as received"" from Parties. The publication of Party submissions on this website does not imply the expression of any opinion whatsoever on the part of the UNFCCC or the Secretariat of the United Nations concerning the legal status of any country, territory, city or area or of its authorities, or concerning the delimitation of its frontiers or boundaries as may be referred to in any of the submissions.<br>See the complete list of notes on GHG data by UNFCCC here: https://unfccc.int/process-and-meetings/transparency-and-reporting/greenhouse-gas-data/notes-on-ghg-data."
historical_emissions_unfccc,Geographic Coverage: global; quasi-global; select regions/countries,Global
historical_emissions_unfccc,Date of Content: List all years; for multiple years (2001 - 2014),1990-2019
historical_emissions_unfccc,Frequency of Updates: annual; every x years/months/days; no updates planned,Bi-annually
historical_emissions_unfccc,Summary of License,"Public domain, may be freely downloaded, copied and printed provided no change to the content is introduced, and the source is acknowledged."
historical_emissions_unfccc,Link to License or Terms of Service,http://unfccc.int/home/items/2783.php
historical_emissions_unfccc,Citation,UNFCCC. 2022. Greenhouse Gas Inventory Data. Accessed May 2022. https://di.unfccc.int.
historical_emissions_unfccc,Published Language,English
