area,Source,short names,1990,1991,1992,1993,1994,1995,1996,1997,1998,1999,2000,2001,2002,2003,2004,2005,2006,2007,2008,2009,2010,2011,2012,2013,2014,2015,2016,2017,2018,2019,2020,2021
AFG,FAOSTAT_3,total_fertilizers,44500,48600,45800,40000,,,5000,5000,7000,5000,5000,18400,24526.53,27035.26,33169.37,29774.39,24869.52,16377.29,14432.03,14712.11,13854.86,29816.2,18523.47,38011.93,79000.86,103464.68,105733.85,157464.02,135243.27,85453.83,68225.78,40730.94
AGO,FAOSTAT_4,total_fertilizers,9500,6900,9100,8000,10000,8000,6000,2000,3400,3400,1400,,5143,5903,14855,7460,12078,11237,28080,21889,34563,56324,41717.43,45393.39,45371,39436.84,35482.22,52305.94,38053.73,35676.95,42134.53,30125.63
AGO,FAOSTAT_5,total_pesticides_use,64,79,23,169,25.5,336,40,40,40,40,40,40,40,40,40,40,40,40,40,40,40,40,40,40,40,40,40,40,40,40,40,40
ALB,FAOSTAT_6,total_fertilizers,102000,31300,23500,17890,14770,11000,6500,5200,25000,10600,18700,18700,56404,57406.71,58555.64,60457.92,50108.64,51106.74,47158.94,55040.42,53224.98,60604.12,57614.41,54410.38,54410.3,66327,78243.7,61082.86,40706.52,57607.99,60816.34,
ALB,FAOSTAT_7,total_pesticides_use,121,121,121,121,201,251,262.4,273.79,285.19,296.59,307.98,319.38,330.78,342.17,353.57,364.97,376.36,387.76,399.16,410.55,590.5,582.68,361.62,450.6,457.47,538.24,584.49,614.91,442.35,729.67,756.51,756.51
AND,FAOSTAT_8,total_pesticides_use,14.12,14.12,14.12,14.12,14.12,12.82,12.33,14.17,15.4,15.12,18.55,18,18.43,11.74,11.79,12.4,14.58,15.01,14.93,13.39,12.72,13.44,13.68,17.26,15.42,16.27,13.37,13.9,13.17,12.89,12.89,12.89
ARE,FAOSTAT_9,total_fertilizers,12500,17470,22300,27700,29400,32000,32200,32300,35400,36200,35100,35000,48360,48360,48360,45360,42220,41950,41210,31090,37310,40590,31470,38770,27682.89,31528.29,31528.29,31528.29,31528.29,31528.29,31528.29,31528.29
ARG,FAOSTAT_10,total_fertilizers,165500,167300,248200,293900,462000,524700,855200,809600,775500,823500,862983,861991,842378,1200310,1394388,1197545,1443348,1794570,1241715,788194,1488126,1617843,1372564,1428027,1379654.32,1069248.59,1612290.23,1658455.24,1890880.06,2075931.76,2317177.05,2624506.53
ARG,FAOSTAT_11,total_pesticides_use,26156,26156,26156,26156,30195,37842,54595,77691,62397,73293.04,84189.08,95085.12,105981.16,116877.2,127773.24,138669.28,149565.32,186790.19,203369.34,140094.8,235739.1,220610.04,216308.7,212007.35,207706,203807,199908,196009,172928,204559,241294.18,241519.98
ARM,FAOSTAT_12,total_fertilizers,,,25000,15000,7000,7000,8000,8000,9620,6158,7000,5000,15708,10464,14401,10325,57900.5,26820,24390.3,39547.4,29625.6,36366.3,58026.6,59192.6,53113.1,65039.5,147530.9,90339.3,90339.3,90339.3,90339.3,90339.3
ARM,FAOSTAT_13,total_pesticides_use,,,8,8,23,23.9,32,41.46,50.92,60.38,69.85,79.31,88.77,98.23,204.77,220.51,227.55,241.71,218.2,198.36,278.72,320.67,362.62,404.57,446.52,488.47,530.42,572.37,614.32,527.33,639.15,914.03
ATG,FAOSTAT_14,total_fertilizers,,,,,,,,,,,,,52,109,30,24,18,2,14,53,12,13,39.39,50.12,31.81,21.06,72.85,21.05,13.87,41.09,34.94,33.33
ATG,FAOSTAT_15,total_pesticides_use,289.45,289.45,289.45,289.45,289.45,289.45,289.45,289.45,289.45,265.94,260.2,272.21,325.49,378.77,432.05,410.49,347.26,291.81,318.99,379.81,341.78,781.95,694.16,685.08,174.47,175.93,180.2,182.95,199.69,208.22,216.06,216.06
AUS,FAOSTAT_16,total_fertilizers,1168557.14,1290312.31,1424472.65,1517963.67,1733243.93,1875501.26,2024174.5,2193249.74,2258722.78,2361860.67,2284299.16,2472969.49,2265940.25,2173753.46,2432276.91,2215978,2073872.57,2065702.1,1873821.79,1653681.38,1971550.96,2158904.74,2196325.83,2273989.5,2544376.31,2470711.37,2677682.25,2746921.84,2659740.28,2583112.36,2583112.36,2583112.36
AUS,FAOSTAT_17,total_pesticides_use,17866.42,17866.42,22234.95,23899.03,21056.8,25598.59,31185.06,34091.5,37215.09,34200,33475.48,32709.51,26650.16,32417.57,36276.68,34310.35,35901.27,32446.24,42935.38,38065.69,42169.39,47632.98,48687.88,45177.19,49857.35,50921.6,63416.48,60201.36,63416.48,63416.48,63416.48,63416.48
AUT,FAOSTAT_18,total_fertilizers,303300,288700,267000,262000,250000,237000,237336,263361,246338,232711,225433,218214,224822,189642,189678,181842,179409,187187,228873,118321,136116,180464,156397,177237,176905,200193.9,185264.17,187422.15,176710.1,157087.3,182807.83,169676.76
AUT,FAOSTAT_19,total_pesticides_use,4246,4487,3897,3984,3619,3402,3565,3689.6,3340.3,3418.6,3563.2,3132.2,3079.2,3384.9,3301.7,3404,3415.7,3526.6,4246.7,3531.8,3692.4,3441.5,3563.3,3108.6,3380.7,3787.1,3662,4656,5295,4963,5595,5862
AZE,FAOSTAT_20,total_fertilizers,,,75000,54000,39000,39000,16600,23700,15800,13800,4100,11900,19170,14050,22042,24626,24561,19722,38948,25133,18756,29369,36184.31,38433.71,61170.3,98757,88385,76813,127300.36,158439,220587.23,220587.23
AZE,FAOSTAT_21,total_pesticides_use,,,148.68,148.68,148.68,148.68,148.68,148.68,148.68,148.68,148.68,148.68,148.68,148.68,148.68,148.68,148.68,148.68,262.99,316.18,333.85,461.84,516.35,489.8,531.84,529.69,542.82,542.82,542.82,542.82,542.82,542.82
BDI,FAOSTAT_22,total_fertilizers,2100,2100,5201,3844,3100,3000,2800,1000,3615,3970,3500,3500,1325,301,1095,3390,3009,1716,1954,1768,3446,5635,6375.16,11161.75,12978.17,10003.5,17299.57,21301.95,28537.11,24224.44,24224.44,24224.44
BDI,FAOSTAT_23,total_pesticides_use,92.08,92.08,92.08,96.99,84.45,144.2,207.1,117.56,107.29,150.24,109.87,72.56,98.1,263.7,508.26,304.83,190.51,412.66,456.44,177.75,264.53,75.64,98.59,956.06,74.49,72.74,50.26,50.26,50.26,50.26,50.26,50.26
BEL,FAOSTAT_24,total_fertilizers,,,,,,,,,,,,,271417,283417,283316,280211,274382,281139,189468,236892,271005,262190,263827,262231,248393,253394,233630.86,225499.08,226747.07,227938.24,224041.53,230006.28
BEL,FAOSTAT_25,total_pesticides_use,,,,,,,,,,,9560.49,8529.07,9204,8822,9186,9776,8244.02,6712.05,6516.47,5496.04,4644.53,6297.22,6584.48,6336.49,7179.97,6480.36,6579.06,6248.62,6357.33,5944.14,5835.12,5709.67
BEN,FAOSTAT_26,total_fertilizers,11003,11817,15325,17238,17055,36000,30681,38968,37707,56700,35200,31100,41735,2126,145,1226,33,614,801,16360,22835,11100,26755.09,13506.15,21833.68,359.73,27858.11,45.91,102599.71,155298.28,112593.76,113976.85
BEN,FAOSTAT_27,total_pesticides_use,1378.13,1378.13,1333.52,1183.56,1598.51,1712.27,1635.17,933.06,1019.31,1032.69,1014.81,748.58,777.24,766.28,619.55,582.98,895.21,1610.01,1948.96,2259.94,2092.91,2080.63,1691.82,1422.57,1452.14,1525.17,1583.06,1745.25,3396.57,4315.02,4370.11,3402
BFA,FAOSTAT_28,total_fertilizers,21166,20686,21336,21000,22651,24308,24095,42577,50232,43400,33923,1671,2010,52996,57687,74694,63000,49495,57207,53876,56571,61004,81401.83,95856.94,95284.54,97724.36,130641.1,109044.72,105431.81,57249.1,103086.86,72657.44
BFA,FAOSTAT_29,total_pesticides_use,513.89,513.89,513.89,513.89,513.89,498.52,661.12,913.74,1170.7,1023.49,750.45,558.5,762.42,1060.24,1386.94,1580.79,1808.87,1759.35,1528.07,1166.27,1042.53,1059.25,1254.56,1560.01,1781.41,2046.39,2646.16,2938.25,3123.39,2793.45,2848.95,2832.85
BGD,FAOSTAT_30,total_fertilizers,933622,1004400,998762,945583,1049367,1195000,1230525,1109200,1170500,1365700,1320198,1449623,1556839,1318676,1389777,1564390,1522338,1441357,1561100,1472297,1659202,1963760,1997600,1954820,2141340,2311680,2246980,2356000,2475220,2517740,2567300,3115940
BGD,FAOSTAT_31,total_pesticides_use,1266,1287,1453,1487,1594.5,1702,1919,2035,2068,2532,3170,3334.84,4206.24,5462.81,6995.51,8090.88,9412.65,10915.12,12403.08,13755.78,13250.83,14798.28,13289.18,15330.16,15857.26,13364.42,14387.63,15144.49,15144.49,15144.49,15506.47,15506.47
BGR,FAOSTAT_32,total_fertilizers,684900,471583,236963,204939,225068,124000,192000,199829,169000,122606,151500,200082,381693,489569,267862,235538,231580,314699,343518,329073,309212,432518,318000,379692,379288,428191,482548,455782.15,458520.43,472183.94,486187.33,458771.93
BGR,FAOSTAT_33,total_pesticides_use,3906,3906,3906,3777.25,3648.5,3519.75,3391,3262.25,3133.5,3004.75,2876,2747.25,2618.5,2489.75,2361,2232.25,2103.5,1974.75,1846,1717.25,1588.5,1459.75,1331,1197,1001,1541.9,3759,3384,5067,6663,4220,4484
BHR,FAOSTAT_34,total_fertilizers,602,700,700,600,600,600,600,600,1128,433,346,300,1994.63,1994.63,1994.63,1994.63,1994.63,1350.36,2499.28,1376.53,2752.33,1994.63,3243.34,2747.48,2877.07,2162.17,651.92,728.65,1122.48,1737.99,2931.37,2931.37
BHR,FAOSTAT_35,total_pesticides_use,14.05,14.05,14.05,14.05,30.86,12.46,12.16,9.42,11.15,12.5,8.65,9.2,0.91,6.03,12.24,12.75,12.12,16.25,10.45,12.59,9.84,9.14,9.18,9.22,9.26,9.3,9.34,9.38,5.56,14.56,12.16,12.07
BHS,FAOSTAT_36,total_fertilizers,100,300,300,200,200,200,400,300,300,300,300,800,,,,,,,,,,,1240.78,1075.68,1219.55,1506.14,2182.84,2625.81,2788.8,1364.5,818.59,818.59
BHS,FAOSTAT_37,total_pesticides_use,242,257.1,252.46,313.9,375.34,335.15,437.63,536.93,536.29,554.09,461.09,629.38,547.49,498.67,393.78,436.07,375.45,454.09,243.45,97.41,87,144.36,158.5,111.38,118.48,178.05,178.05,178.05,178.05,178.05,178.05,178.05
BIH,FAOSTAT_38,total_fertilizers,,,,,,15000,9000,9000,47000,42000,41800,32600,32600,17957,59808.39,59032.81,43331.09,46079.46,59662.22,72566.97,81856,103895,121106.21,102550.04,120754.61,130701,110711,112867.47,87220.98,61264.51,83693.97,62518.1
BIH,FAOSTAT_39,total_pesticides_use,,,2276.82,2231.7,2213.13,2226.56,2201.19,2222.29,2158.88,2193.42,2193.39,2162.18,2184.52,2132.92,2163.83,2182.86,2161.42,2209.1,2197.5,2119.77,2135.13,2277.28,2267.39,2261.66,2276.56,2286.58,2369.33,2398.3,2454.3,2509.21,2723.4,2723.4
BLR,FAOSTAT_40,total_fertilizers,,,1395000,752000,540000,523000,777000,855000,925000,791000,805000,760000,763700,755300,815100,929400,1285100,1205100,1309600,1558500,1497000,1680200,1498594,1425190,1218623,1102475,833351,815790,892133,879118,1022922,952524
BLR,FAOSTAT_41,total_pesticides_use,,,2097.16,2097.16,2097.16,2097.16,2097.16,2097.16,1881.7,1822.95,1817.1,1962.61,1603.58,1919.86,2347.57,3646.91,3890.56,4235.1,3880.08,3874.87,3386.54,3078.92,2422.74,2229.08,1892.13,1463.89,1077.76,721.32,839.88,817.28,931.88,974.73
BLZ,FAOSTAT_42,total_fertilizers,5100,5200,5800,6400,4600,5000,3300,4800,5638,6095,6140,4700,25741,26766,5506,5670,6248,4261,3483,8865,4351,17603,10925.5,30350.6,29188.98,33659.49,36367.41,30009.11,37791.05,41380.15,39455.93,37814.44
BLZ,FAOSTAT_43,total_pesticides_use,771,696,997,1057.83,1118.67,1179.5,1240.33,1301.17,1362,1362,1296,1719,1529.27,1339.54,1149.81,960.08,770.35,674.46,984.03,788.61,700.39,826.58,638.28,1036.68,880.1,1067.18,1258.98,1217.14,1384.31,1062.59,1334.69,1123.03
BOL,FAOSTAT_44,total_fertilizers,5162,7752,13737,10155,10796,6769,9059,12555,5054,1940,7503,11529,13341,12916,18125,24636,15478,24556,20088,22962,31177,34778,35166.21,43796.73,40473.99,40560.63,33953.09,39571.55,35632,29616.78,48886.8,50403.7
BOL,FAOSTAT_45,total_pesticides_use,2468.03,1690.82,941,1299.88,1652.86,2005.84,2358.82,2711.8,3064.78,3417.76,3770.74,4123.72,4476.7,4829.68,6453.17,7145.93,7771.83,8426.9,8869.82,10280.78,12969.35,13839.18,14403.04,17070.92,16473.2,15962.09,16392.39,21654.91,21749.34,17909.76,19294.96,18306.98
BRA,FAOSTAT_46,total_fertilizers,3207800,3386800,3535540,4450000,5017800,4205900,5020000,5839900,5851100,5869772,6568000,6838000,7685196.21,8905665.74,10975249.62,8425089.3,9028448.81,11549175.6,10768013.79,7540435.57,10424767.72,13081009.13,12116475.02,14147326.89,15363337.57,12809826.43,13243632.77,15386626.26,16386486.87,16546145.71,20366564.09,21522499.98
BRA,FAOSTAT_47,total_pesticides_use,51120,58662,67358,76053,84748,93444,102139,110835,119530,128226,141130,152271,146264,183340,215779,233367,239892,305530,314191,337391,360735,408787,456839,472977,484254,497626,514829,514843,549280,620538,685746,719507
BRB,FAOSTAT_48,total_fertilizers,2700,2700,2700,2700,2700,3200,3200,3200,3000,3000,3000,3000,642,1116,2785,1418,1807,1737,1757,1001,1621,1059,1995.22,1268.9,720.1,972.52,796.63,1034.98,545.92,380.78,354.13,260.39
BRB,FAOSTAT_49,total_pesticides_use,550,550,550,550,514,664,475,168.46,168.48,168.49,168.51,168.52,168.54,168.55,168.57,168.58,168.6,168.62,168.63,168.65,168.66,168.68,168.69,168.71,168.72,168.74,168.75,168.77,168.79,168.8,168.82,68.4
BRN,FAOSTAT_50,total_fertilizers,,,,,,,,,,,,,672,204,303,617,132,1131,338,412,1727,470,454,223,709,709,709,709,709,709,709,709
BRN,FAOSTAT_51,total_pesticides_use,120.32,132.64,139.83,171.09,197.87,237.59,261.03,260.42,245.65,216.72,197.68,182.69,173.78,282.14,337.71,338.49,215.14,139.33,120.85,116.92,133.56,149.55,168.45,176.16,186.36,172,146.95,142.26,157.04,216.06,286.01,339.11
BTN,FAOSTAT_52,total_fertilizers,100,100,100,100,100,100,100,100,,,,,1083,1098,1169,1262,1153,1228,1166,2396,1010,1308,1070.94,1217.94,1422.91,1479.01,1406.91,1254.28,2000.69,1345.34,1345.34,1345.34
BTN,FAOSTAT_53,total_pesticides_use,4.03,4.55,4.54,3.4,24.51,29.24,32.37,2.01,2.35,2.44,3.22,2.55,1.88,5.16,6.64,2.09,5.93,7.05,5.82,5.68,6.56,9.07,7.44,5.4,3.38,10.81,25.62,27.64,37.58,34.53,34.53,34.53
BWA,FAOSTAT_54,total_fertilizers,900,900,900,1000,1000,2284,3341,3800,4248,4600,4600,4600,,,,,,,,15359,21530,9616,15628,22545,23253,17142.15,12180.85,8614.49,15116.66,13335.69,17210.6,15409.32
BWA,FAOSTAT_55,total_pesticides_use,351.35,331.02,313.04,257.23,209.38,171.46,176.61,192.72,227.33,287.21,374.1,435.96,434.11,380.01,315.72,328,407.82,434.32,429.15,377.28,390.32,425.21,457.36,481.63,469.23,615.39,739.07,940.45,869.9,984.42,1186.21,1428.99
CAF,FAOSTAT_56,total_fertilizers,940,900,1100,1200,300,300,300,300,600,600,600,600,78.77,0.32,129.92,245.08,428.03,604.1,399.28,406.06,539.67,800.51,507.31,259.06,10.79,613.21,404.37,336.18,337.9,425.95,429.23,429.23
CAF,FAOSTAT_57,total_pesticides_use,153.15,111,72.02,54.68,92.11,120.81,119.5,103.88,82.22,70.05,42.01,26.59,21.23,35.33,38.8,31,21.23,37.91,44.9,52.46,48.14,48.69,36.67,27.87,20.97,24.4,41.08,44.74,55.1,43.57,47.6,46.89
CAN,FAOSTAT_58,total_fertilizers,2073852,2173084,2261141,2359214,2394685,2567805,2696330,2726000,2649000,2689240,2445389,2474115,2635197,2685508,2481366,2798402,2120036,3065439,2830666,2726361,3002013,3612675,3911963.27,3646000,3885000,3995000,3825000,3921000,4326000,4125000,5024000,4823000
CAN,FAOSTAT_59,total_pesticides_use,29568,29477.5,29387,29296.5,29206,32234.97,35263.94,38292.91,41321.89,44350.86,39718.43,38501,34264.57,35628.14,36163.71,36382.29,36585.61,45146.45,53707.3,54529.4,61050,62107.2,73508.9,81659.8,76314,75318.3,90926,98304,87632,78893,92960,92960
CHE,FAOSTAT_60,total_fertilizers,167900,159000,152000,151000,145000,135000,125000,121000,120027,102000,88942,98332,80111,82751,87982,92599,93062,93476,92341,77477,88336,84397,67691.44,81970.42,83244.15,83238.87,84567.26,79592.17,74767.62,65174.17,70024.24,70071.29
CHE,FAOSTAT_61,total_pesticides_use,2282,2055.9,2018.7,1934.5,1922.5,1826.3,1746.3,1644.3,1563.6,1526.6,1576.9,1561.9,1526.6,1476.7,1390.7,1388.3,1359.04,2099.3,2237.36,2224.02,2148.48,2284.09,2231.91,2290.07,2245.45,2220.55,2158.17,2027.76,2051.98,1952.01,1928.59,2259.21
CHL,FAOSTAT_62,total_fertilizers,306682,306000,344000,385000,381000,405000,423000,435000,470000,475196,482000,474800,476027,485593,568711,473292,509481,604313,615981,540474,568699,491894,488978,518411,532147,595439,495014.73,454821.64,454350.8,431941.84,454490.61,471759.19
CHL,FAOSTAT_63,total_pesticides_use,3368.9,3356,3179.21,3175.15,3293.85,3678.63,4511.61,4903.7,4917.4,4578.98,4802.36,5125.77,5643.25,5549.18,5917.46,6429.07,6554.88,6537.68,6468.85,7013.69,6895.43,7027.68,7420.73,8059.78,8359.48,9651.25,11816.85,13564,13039.24,12943.95,14129.03,15822.2
CHN,FAOSTAT_64,total_fertilizers,27273700,29659100,29202000,25079300,28842000,35580200,35984000,35646700,35830000,36439000,34217868,35345643,40030306.47,39511799.3,42418044.94,45259876.72,45347730.86,46602615.48,45162717.37,46607753.03,51084980.9,52771038.83,53657857.06,53360000.59,55209645.04,55165789.95,53812381,52355141,49817383.11,43621022.95,41985563.73,40802031.44
CHN,FAOSTAT_65,total_pesticides_use,144459.52,144459.52,150858.55,159466.09,184722.44,205184.24,215339.63,225664.91,232498.09,249467.79,241520.91,240633.73,247523.54,250147.33,261624.06,275573.56,290145.99,306322.89,315666.6,322594.17,331881.25,337317.6,340922.95,341224.97,340394.42,336562.55,328540.17,312419.9,283822.46,262700,247844.43,233876.05
CIV,FAOSTAT_66,total_fertilizers,37000,38700,37000,54000,65000,66000,70500,110000,90000,70600,67100,68700,86853,82167,76213,49785,63763,69571,52814,44392,93049,56268,78063.35,108983.98,122922.26,144575.03,154413.98,133873.66,105727.57,183765.67,159720.89,160587.72
CIV,FAOSTAT_67,total_pesticides_use,16,16,16,16,143,134,93,93.02,93.05,93.07,93.09,93.11,93.14,93.16,93.18,93.2,93.23,93.25,93.27,93.29,93.32,93.34,93.36,93.39,93.41,93.43,93.45,22.1,29.33,92.26,88.56,22.87
CMR,FAOSTAT_68,total_fertilizers,21800,18100,20900,22304,30000,30000,34000,39190,39533,49510,46084,52502,58221,48605,65934,47698,53859,51418,39102,41758,57282,68423,64081.55,62361.7,59650.42,84263.94,67602.46,80775.96,82989.04,82989.04,82989.04,82989.04
CMR,FAOSTAT_69,total_pesticides_use,2227.46,1503.69,1843.81,1245.32,646.84,48.35,180.08,630.12,258.02,653,545,687,2196.54,2249.74,2530.46,2259.41,2758.28,2824.64,2599.43,2323.15,3474.69,3968.89,4010.74,4536.15,5479.55,5838.14,4831.12,7068.63,7321.6,7321.6,7321.6,7321.6
COD,FAOSTAT_70,total_fertilizers,6200,8200,2300,4100,10404,9000,6000,,2954,742,800,1965,,1844,1395,454,3048,4253,6347,5413,7508,7073,5235.87,10262.49,20185.24,23597.45,17611.34,21173.77,25796.55,32968.52,28595.63,28595.63
COD,FAOSTAT_71,total_pesticides_use,1105.73,1105.73,1105.73,1105.73,1105.73,1105.73,1105.73,1105.73,1105.73,1105.73,1105.73,1105.73,1105.73,1105.73,1105.73,1105.73,1105.73,1105.73,1105.73,1105.73,1105.73,1105.73,1105.73,1105.73,1105.73,1129.87,1113.59,1081.55,1045.34,1069.67,1129.86,1160.01
COG,FAOSTAT_72,total_fertilizers,1575,1400,2000,2000,1900,2000,4000,4000,5000,5000,5000,4625,,,1299,32,26,176,366,2289,276,697,1191.43,1610.12,1037.21,2272.58,1192.39,1269.98,2318.06,2341.13,5476.74,5360.69
COG,FAOSTAT_73,total_pesticides_use,40.91,47.89,65.35,104.42,156.44,204.98,238.89,259.86,280.83,301.79,322.76,343.72,364.69,385.66,406.62,427.59,448.55,424.38,462.82,480.21,598.78,652.53,769.99,858.06,802.96,691.46,499.65,463.12,471.07,579.28,724.2,804.59
COK,FAOSTAT_74,total_fertilizers,,,,,,,,,,,,,33,47,26,54,65,9,52,54,19,19,26.61,23.35,12.17,64.03,48.38,21.09,20.69,22.4,37.37,29.24
COK,FAOSTAT_75,total_pesticides_use,9.98,9.98,9.98,12.22,15,15.67,13.23,9.42,10.55,12.45,15.12,15.91,18.37,20.43,20.75,19.89,19.9,20.39,20.19,17.4,15.66,14.21,14.95,14.94,14.93,14.93,14.93,14.93,14.93,14.93,14.93,14.93
COL,FAOSTAT_76,total_fertilizers,602300,601200,511400,514900,497800,486200,485000,556700,595900,585900,658200,619719,716155.56,758380.36,814692.6,744738.59,797882.99,790437.74,739770.35,657384.27,841767.81,925700.52,926638.69,899856.44,1080136.04,1041429.68,1086586.94,1208108.37,1149625.6,1075018.12,1229753.59,1226315.96
COL,FAOSTAT_77,total_pesticides_use,18058.29,16817,15305.94,14961.81,17051.34,20156.23,18131,16005,60687,66088,75843,85515.3,84023.26,88772.15,105514.19,117881.45,98328.63,82439.06,48538.97,51435.13,48618.46,53797,48727.73,54563.38,73744.34,33689.3,32392,37699,37773,69862,36711,39324
COM,FAOSTAT_78,total_fertilizers,,100,100,100,300,300,300,300,300,300,300,300,55.55,24.44,,,6.75,,25.47,23.55,16.56,,14.79,9.52,2.14,9.29,45.41,6.43,73.92,115.83,223.04,124.92
COM,FAOSTAT_79,total_pesticides_use,13.73,13.73,13.73,13.73,13.73,17.72,19.62,19.44,15.09,12.66,11.79,11.1,8.37,5.49,2.61,2.38,4.94,8.25,14.96,19.69,25.39,25.37,20.41,16.16,11.94,17.35,18.17,20.94,21.37,28.2,39.18,45.56
CPV,FAOSTAT_80,total_fertilizers,,,,,,,,102,114,187,129,243,,,,,,,,,,,,,,151.73,154.08,195.67,203.5,204.38,283.64,268.65
CPV,FAOSTAT_81,total_pesticides_use,1,1,1,1,2,0.68,0.5,1.74,7.03,11,7,5,5,5,5,5,5,5,5,5,5,5,5,5,5,5,5,5,5,5,5,5
CRI,FAOSTAT_82,total_fertilizers,108600,116400,122800,107500,129000,122000,149200,191000,199000,184000,167000,117173,125838.31,193130.4,157722.77,143542.48,177548.43,171608.71,183141.98,84252.81,116846.49,163810.44,147396.02,136843.35,131434.41,158026.2,149709.24,160067.88,162065.51,154805.53,160512.5,144786.68
CRI,FAOSTAT_83,total_pesticides_use,1447.15,1447.15,1447.15,1447.15,1475.13,1503.12,2747.79,4104.66,7898,17029,14283,10704,11982.37,11334.74,11524.1,11309.47,11198.84,12746.56,13317,12306.67,14241.84,12811.25,12575.54,12339.82,12104.11,11868.4,11632.69,11396.97,10284.52,11866.02,14113.7,10758.66
CUB,FAOSTAT_84,total_fertilizers,580000,365000,249500,172000,124100,244000,235000,239400,169300,155500,130400,205900,141521.91,55869.95,60219.51,74577.16,108114.32,95663.34,130792.7,32860.52,125999.25,112710.94,136277.89,143144.57,169427.04,133786.1,99361.92,99610.66,74383.88,74383.88,74383.88,74383.88
CUB,FAOSTAT_85,total_pesticides_use,4188.73,4188.73,4188.73,4188.73,4188.73,4188.73,4188.73,4188.73,4188.73,3874.51,3656.65,3456.23,3118.26,2979.76,3115.18,3539.45,3667.88,3504.96,3504.96,3504.96,3504.96,3504.96,3504.96,3504.96,3504.96,3504.96,3504.96,3504.96,3504.96,3504.96,3504.96,3504.96
CYP,FAOSTAT_86,total_fertilizers,22732,22144,28359,26213,26314,25575,25449,20339,20294,20183,14415,14707,15965,17722,14849,13404,12538,12060,9230,15768,16749,12701,16862,14660,12685,15544,16649.35,16488.11,16400.42,18098.37,16663.14,14786.93
CYP,FAOSTAT_87,total_pesticides_use,2184.51,1970.71,1695.53,2044.07,2518.2,2030.77,2417.19,2224.09,1731.13,1238.18,745.22,864.51,1060.57,796.43,717.3,678.16,861.02,534.89,477.75,728.61,632.48,1324.62,1266.21,1243.1,1203.71,1056.74,1142.13,1163.2,1187.4,1233.5,1201,1115.4
CZE,FAOSTAT_88,total_fertilizers,,,,306303,336700,347700,346700,314072,299884,268867,330723,394716,263742,295144,279818,287382,301864,320042,278198,281484,303927,318224,403039,403869,404854,478861,489191,455322,433112,411656,358256,367895
CZE,FAOSTAT_89,total_pesticides_use,,,,3545.1,3593.15,3757.2,3631.1,4085.03,4351.03,4242.02,4533.04,4649.12,4977.62,4590,5318.44,5384.76,5693.11,6194.49,5440,4759.9,4957.4,5306.06,5345.4,5146.98,4683.39,4472.87,4433,4433,4092,3908.2,3515.1,3461.1
DEU,FAOSTAT_90,total_fertilizers,3350700,2968658,2843851,2672215,2906436,2820946,2818925,2856819,2938428,3033160,2742776,2613413,2594893,2598369,2559567,2485044,2306976,2635171,1904141,2166995,2506576,2273908,2354038,2416417,2583830,2396137,2319996,2096816,1952990,2039392,1904055,1517184
DEU,FAOSTAT_91,total_pesticides_use,31289,32006,29542,25170,26330,30090,31683,30414,33377,30019,35273.17,33423.49,34431.72,35539.26,34930.37,36386.27,38540.15,40740.64,43413.01,39289.43,40832.42,44429.92,46204.26,44039.03,46777.65,48002.64,47027.57,48420.18,45079.86,45301.23,48332.97,49071.47
DJI,FAOSTAT_92,total_fertilizers,,,,,,,,,,,,,12.7,11.16,11.01,11.51,15.99,20.12,16.8,17.49,24.56,32.14,35.74,35.4,38.1,37.18,42.94,48.76,46.44,48.94,51.6,51.6
DJI,FAOSTAT_93,total_pesticides_use,20.51,20.47,20.39,20.28,20.16,20.04,19.93,19.81,19.69,19.58,19.46,19.34,19.23,19.11,18.99,18.88,18.76,18.65,18.53,18.45,18.41,18.41,18.41,18.41,18.41,18.41,18.41,18.41,18.41,18.41,18.41,18.41
DMA,FAOSTAT_94,total_fertilizers,3400,5000,4600,4600,4400,3212,2739,3000,3000,3000,3000,3000,433,741,993,1039,671,1380,223,349,313,901,508.95,735.68,482.45,912.26,532.13,248.29,394.34,4813.56,432.74,438.54
DNK,FAOSTAT_95,total_fertilizers,633200,580600,507000,483000,466000,438000,449000,437000,412000,375000,349000,308668,293318,313116,328516,319757,325250,328402,354718,250194,275297,282009,259000,280781,300512,321895,329836.09,386280.23,322042.66,326045.26,343741.62,312589.18
DNK,FAOSTAT_96,total_pesticides_use,5650,4628,4566,4103,3922,5043,3672,3679,3623,2867,3174,3311,2868,2954,2899,3246,3212,3336,4145,2836,3894,4549.46,5959.04,4197.1,1821.89,2583.75,2586.88,2708.11,2647.13,2660.87,3168.46,2975.53
DOM,FAOSTAT_97,total_fertilizers,92291,94700,83900,78200,90700,94000,91900,108900,97800,93700,91695,97570,65907,42839,48522,47757,65983,77701,64319,64448,85605,75325,59571,63826,75786.62,117664.37,131537.84,132395.37,244277.72,136008.44,153451.45,142244.8
DOM,FAOSTAT_98,total_pesticides_use,4971,4971,4971,4971,4971,3449,3493,3846,4375,5401,5082,7182,4018.07,854.14,3713.96,3515.56,4116.45,5689.8,5409.43,5975.25,6316.61,6384.22,6451.83,6519.43,6587.04,5028.43,5874.45,6815.45,7069.45,7069.45,7069.45,2565.86
DZA,FAOSTAT_99,total_fertilizers,127000,91500,96800,130900,119300,46400,38000,97000,108000,93000,92300,105300,72765,45031,188038,55806,99072,111748,64231,107000,118500,118300,160100,168300,190500,175600,155700,155700,155700,155700,155700,155700
DZA,FAOSTAT_100,total_pesticides_use,5743.46,7094.39,3876.18,3710,4058.62,6255.63,2190.88,1822.16,1498.96,2228.17,2537.4,2846.64,3155.87,3465.11,3774.35,2810.61,2504.01,3562.52,5720.11,3168.41,1869.58,7612.21,8980.17,8269.57,7151.52,4516.93,4153.38,6067.35,6067.35,6067.35,6067.35,6067.35
ECU,FAOSTAT_101,total_fertilizers,68021,82600,97800,94000,93000,101000,118000,162600,161711,175500,164400,349651,227966,203712,277785,195475,256205,237932,264652,224622,299057,318228,292420.11,281988.16,333695.96,272139.84,337154.54,382195.77,415077.1,376674.19,376674.19,376674.19
ECU,FAOSTAT_102,total_pesticides_use,2537,2377,2012,1844,2670,2658,2407,7612,21500,14216,17948,7344,1302.49,30634.53,29799.84,18391.23,7953.42,14156.16,15396.14,9666.87,31637.12,17529.44,11469.74,6471.77,33573.94,44564.66,39239.6,37808,37408.2,34081.3,15729.1,19050.09
EGY,FAOSTAT_103,total_fertilizers,958946,963400,877442,988138,843236,1126400,1157500,1078743,1171128,1179500,1259731,1308348,1334000,1388100,1604900,1538000,1528000,1341400,1374500,1393200,1360000,1414000,1309800,1453500,1444100,1632000,1583000,1672000,1632100,1624700,1669500,1669500
EGY,FAOSTAT_104,total_pesticides_use,13214,8255,6156,4175,4283,4391,4499,4607,4715,4823,4931,5039,5147,5255,5363,5471,9781,9105,9527,9013,11590,12945,13991,13653,11363,8043.71,11523.61,8107.45,11352.49,13024,7536.68,5709.89
ERI,FAOSTAT_105,total_fertilizers,,,,700,1300,1614,4993,6000,6500,10900,10900,5468,3505,828,3,1436,11,2338,,1920,288,567,678.69,820.37,1006.1,1014.72,1923.24,1774.36,4691.81,4130.78,3490.23,2071.38
ERI,FAOSTAT_106,total_pesticides_use,,,,4.44,4.44,4.44,4.44,30.92,19.61,22.28,24.96,27.63,27.63,27.63,27.63,27.63,27.63,27.63,27.63,27.63,27.63,27.63,27.63,27.63,27.63,27.63,27.63,27.63,27.63,27.63,27.63,27.63
ESP,FAOSTAT_107,total_fertilizers,1975901,1881742,1574798,1817690,1927400,1868700,2192100,2107900,2367000,2319963,2149400,2195800,2122908,2281502,2154369,1835448,1810431,1985092,1330529,1211296,1637100,1524000,1540841,1749149,1858350,1860169,1776136,1905402,1874129,1860154.94,1860154.94,1860154.94
ESP,FAOSTAT_108,total_pesticides_use,39562,39147,31839,29408,31244,27852,33236,34023,35070,33614,34597,35700,40727,41586,47445,41017,39767,39286,40719,35199,39043,53549,63490.52,71454.16,78818.31,77216.75,76940.64,71987.32,75014.23,75190.44,67098.9,76173.55
EST,FAOSTAT_109,total_fertilizers,,,112710,64950,41683,28000,22172,27805,32397,27290,35025,29709,27007,39049,43782,36071,42298,45470,59997,41398,44111,45228,50304,52543,55813,55804,55188,59708,60369,62289,65777,72446
EST,FAOSTAT_110,total_pesticides_use,,,469,170,176,154,133,200,195,187,315,329,331,323,351,386,452,460,551,402,514,460,553,567,597,594,712,673.97,636.08,776.62,610.5,885.92
ETH,FAOSTAT_111,total_fertilizers,,,,75900,116100,134300,177549,131732,164062,167877,157480,134913,167624,62315,127464,139803,149111,225168,234026,246354,318203,316308,469378.11,282487.41,395507.3,441957.46,535409.54,551170.33,420088.31,516693.92,645943.56,686373.68
ETH,FAOSTAT_112,total_pesticides_use,,,,242,242,242,383,383,383,492.5,602,630,822.67,1015.35,1208.03,1400.7,2603.1,2593.9,2270.6,3699.2,4128.1,4128.1,4128.1,4128.1,4128.1,4128.1,4128.1,4128.1,4128.1,4128.1,4128.1,4128.1
EUU,FAOSTAT_113,total_fertilizers,21414509.14,18684413.14,17601067.74,17979190.74,18509790.74,18347848.02,19179203.05,18885434.22,18755016,18477339,17106388.71,16749090.48,16585924.96,17315313.59,16737209.57,16042459.09,15778954.64,17027497.49,13816243.4,12372204.14,14394209.23,13951403.3,14409465.85,15028461.32,15220744.96,15501013.94,15470514.82,15968337.41,15515264.01,15358316.12,15459832.48,14918732.15
EUU,FAOSTAT_114,total_pesticides_use,373053.18,355011.54,323644.99,351099.73,337065.44,336665.3,340940.93,362227.93,367513.98,359908.76,346096.63,341307.15,358582.71,339726.22,349019.8,356589.17,334811.87,351034.76,356596.12,313098.11,315314.73,341963.61,347531.36,344727.83,373107.04,366379.41,370010.9,358884.27,362766.57,329560.88,343723.05,354082.26
FIN,FAOSTAT_115,total_fertilizers,442650,339050,345040,340745,355105,340790,313000,314000,309000,310000,299000,297000,285403,280276,280154,271464,257556,240957,216735,173377,226691,193962,193962,194280.61,206893.56,200022.94,193521.79,200745.36,205594,213904.99,208132.11,220003
FIN,FAOSTAT_116,total_pesticides_use,4254.58,3756.54,4054.17,4103.38,3970.65,2368.26,2485.12,3128.15,4053.56,4180.64,3608.08,4077.46,4731.01,4735.83,4765.83,4956.24,5254.09,4064.95,3806.2,4804.83,3806.97,4043.94,4283.01,4475.97,4436.73,4919.12,4376.75,4243,4817,3980,4914,4032.4
FJI,FAOSTAT_117,total_fertilizers,23000,14000,13100,14900,18000,18000,19000,19200,18400,14400,7500,10000,12152,3273,7699,6660,4271,4046,6950,3655,2698,5855,4773.16,5598.38,5842.38,8794.2,7595.47,8616.66,6303.63,6153.13,7504.87,5849.9
FJI,FAOSTAT_118,total_pesticides_use,152.96,703.55,139.76,164.94,190.13,215.32,240.5,265.69,290.87,316.06,341.25,366.43,391.62,416.81,441.99,467.18,492.36,517.55,542.74,709.7,689.97,710.1,805.54,769.07,1013.12,515.81,813.85,721.33,1233.15,618.92,760.22,909.39
FRA,FAOSTAT_119,total_fertilizers,5682800,5565000,4530000,4604000,4712200,4914200,5064000,4988800,4837000,4753400,4144800,4178000,3881600,4099800,3896000,3537000,3491426,3828000,2785000,2201030,2754950,2582160,2939447,3101304,3087784,3148788,2994568,3279730,3099085,2829983,3112894,2753165
FRA,FAOSTAT_120,total_pesticides_use,97701,103434,85249,91953,89515,84011,97890,109792,107753,114695,97878,99694,82448,74531,76099,78265,71612,77255,78577,63676,61903,61351.89,63844.29,66676.69,75339.2,66896.92,72064.82,70603.5,85072.22,54366.97,64858.85,69602.42
FSM,FAOSTAT_121,total_fertilizers,,,,,,,,,,,,,,,,,,,,,,,0,0,0,0.19,0,0,0,2.28,1.52,0.93
FSM,FAOSTAT_122,total_pesticides_use,,19.74,19.74,19.74,19.74,19.74,19.74,19.74,19.74,19.74,19.74,19.74,19.74,18.82,17.32,16.58,15.66,15.54,13.14,11.92,11.31,13.24,13.81,13.55,12.27,12.27,12.27,12.27,12.27,12.27,12.27,12.27
GAB,FAOSTAT_123,total_fertilizers,1121,600,500,400,400,400,200,200,433,300,300,300,1813,1174,1660,2712,2749,2944,3418,3907,1027,1836,3278.66,3295.9,4250.66,8886.03,10344.3,19701.85,14348.75,12955.26,6913.63,9181.35
GAB,FAOSTAT_124,total_pesticides_use,195.58,206.88,234.73,282.61,328.92,368.44,398.61,416.16,390.75,368.51,349.48,330,263.88,252.29,366.74,511.41,592.43,559.68,522.02,493.15,485.69,485.69,485.69,485.69,485.69,485.69,485.69,485.69,485.69,485.69,485.69,485.69
GBR,FAOSTAT_125,total_fertilizers,2388000,2171000,2003000,2075000,2219000,2191000,2376000,2270000,2081000,1996000,1764000,1870000,1871000,1788000,1778000,1672000,1563000,1549000,1541000,1285000,1451000,1497000,1447000,1460000,1545000,1517000,1493000,1512000,1483000,1491000,1394000,1448000
GBR,FAOSTAT_126,total_pesticides_use,29517,29022,31077,32387,33929,33743,35579,35490,35422,35537,33031.28,32893.1,30995.26,30754.4,31223.91,31415.27,22588.09,22331.7,21596.68,21324.22,16770.87,16401.66,17718.64,17673.46,18392.45,18475.05,19298,19116,19300,19372.58,14923.34,14728.86
GEO,FAOSTAT_127,total_fertilizers,,,72000,53900,31000,31000,32200,36500,34000,40000,42000,28000,26400,11524,14223,25045,21958,19140,18429.47,20932,18520.63,17558.39,21488.98,30515.16,25069.34,23704.45,25841.2,21247.01,21394.23,21050.01,55241.09,
GEO,FAOSTAT_128,total_pesticides_use,,,3081.1,3081.1,3081.1,3081.1,3081.1,3081.1,3081.1,3081.1,3081.1,3081.1,3081.1,3081.1,3081.1,3081.1,3081.1,3081.1,3081.1,3081.1,3081.1,3081.1,3081.1,3081.1,3081.1,1350.98,1481.03,1738.19,2237.26,2565.94,2863.3,2500.7
GHA,FAOSTAT_129,total_fertilizers,13000,8000,10100,7568,7700,9700,17400,21316,15184,15406,11886,31027,15660,28621,52802,23995,84251,76368,65473,87306,86395,62448,163361,118718,73800,111600,100700,174600,127100,187100,236022.15,175979.93
GHA,FAOSTAT_130,total_pesticides_use,65.8,65.8,65.8,65.8,65.8,65.8,1575.5,502,297.78,114.13,81.63,82,92.68,110.14,127.6,173.76,778.04,129.93,359.46,386.16,1389.23,2392.29,3395.36,4398.42,5401.49,8884.39,9286.94,9689.5,9689.5,9689.5,9689.5,9689.5
GIN,FAOSTAT_131,total_fertilizers,1161,1938,506,1575,4000,5106,4249,1796,3284,3200,3200,3200,2400,1965,2627,2521,2430,3398,3698,1807,2705,10391,8795.5,8891.01,3171.57,2829.76,2349,26387.89,21257.77,21257.77,21257.77,21257.77
GIN,FAOSTAT_132,total_pesticides_use,80,80,80,21,39,153,157,157.11,181.46,205.8,230.15,254.49,278.84,303.19,327.53,351.88,376.22,400.57,424.91,449.26,556.24,663.23,770.21,877.19,400.65,282.3,163.96,206.3,108.5,110.5,110.5,110.5
GMB,FAOSTAT_133,total_fertilizers,600,900,800,800,800,944,805,1100,2500,1200,800,800,,2821,2508,3171,3172,2720,1585,2715,3285,4624,1162.04,181.78,204.82,238.01,299.69,172.21,3542.81,1856.63,343.26,984.01
GMB,FAOSTAT_134,total_pesticides_use,112.01,112.01,112.01,112.01,159.69,190.34,229.87,233.93,229.83,238.86,222.82,238.05,261.92,388.07,597.61,865.96,797.45,671.85,390.23,287.89,260.18,262.41,374.39,355.48,366.71,344.29,407.89,441.88,541.66,500.99,418.1,300.61
GNB,FAOSTAT_135,total_fertilizers,586,544,236,300,300,300,300,300,600,600,2400,2400,2703.19,2958.8,2851.4,3084.6,4028,2522.8,2830.2,2999.8,4966.5,3162.5,4438.5,4631,4680.5,4779.5,6308.5,8189.5,7854,8541.5,9515,9515
GNB,FAOSTAT_136,total_pesticides_use,32,38,4,25,21,17,13,9,5,1,41.5,82,82,82,82,82,82,82,82,82,82,82,82,82,82,82,82,82,82,82,82,82
GNQ,FAOSTAT_137,total_fertilizers,,,,,,,,,,,,,636.54,552.84,810.02,552,673.15,630.76,690.37,618.41,759.4,941.41,772.97,795.72,818.37,989.18,816.5,1057.52,896.63,892.7,974.92,974.92
GNQ,FAOSTAT_138,total_pesticides_use,3.13,3.04,2.87,19.27,52.25,59.45,50.5,24.7,24.41,23.41,17.18,11.85,9.29,18.55,30.51,60.84,128.4,155.89,163.39,169.79,180.18,204.36,185.02,176.77,156.57,108.83,85.9,62.43,72.59,78.22,80.26,78.07
GRC,FAOSTAT_139,total_fertilizers,696000,652100,628000,509000,527000,505000,560000,504000,472000,469000,456000,431000,418719.3,414011.2,411843.6,366092.2,344508.4,358632.7,302173.2,277010.18,323924.31,280801.51,277445,294253,273691,256770,268902,278471,288586.12,301175.69,319715.11,319715.11
GRC,FAOSTAT_140,total_pesticides_use,7420,7420,7869,8826,6341,6663,7296,9223,10702,9635,10627,10725,12753.66,12356.32,13144.98,13958.64,7505.3,7345.7,5130.8,3404.4,5607.7,8189.8,8002.2,8081.72,9504.13,9018.87,9200,8503,4869.36,4890.64,4946.23,4766.65
GRD,FAOSTAT_141,total_fertilizers,,,,,,,,,,,,,458.52,231.11,,,203.82,,227.34,144.62,298.13,,302.75,315.63,380.17,371.07,349.44,346.22,364.84,373.03,363.93,193.89
GRD,FAOSTAT_142,total_pesticides_use,143.75,138.6,128.3,120.19,131.66,138.51,131.62,109.31,91.83,95.76,98.24,94.48,87.33,81.84,99.58,113.89,121.46,215.63,218.37,212.29,102.94,80.9,70.84,82.67,96.02,116.64,114.63,119.27,115.22,115.59,110.13,109.82
GTM,FAOSTAT_143,total_fertilizers,117000,143200,157900,172000,169000,186000,183000,209345,172600,196500,211600,204896,142201,177660,199914,198367,204882,195067,121907,160175,226238,252543,285068,285460.46,278237.34,293393.54,261318.04,310172.28,321411.6,272151.14,368443.23,340869.3
GTM,FAOSTAT_144,total_pesticides_use,12004.33,12004.33,12004.33,12004.33,12004.33,12004.33,12004.33,11427.48,10850.64,10273.79,9696.94,10044.62,10392.31,10739.99,11959.92,13506.02,15951.27,22883.17,18091.67,13276.7,14898.25,16540.71,19726.3,20489.4,11438.92,10040.41,11444.49,11302.12,11841.7,11001.99,14242.06,13227.52
GUY,FAOSTAT_145,total_fertilizers,12000,15600,12200,12000,11100,15000,13300,15674,14900,18934,12584,13000,14900,10375,20175,9281,13684,13715,23855,8507,16514,11694,18288.2,25857.48,22322.71,25617.46,18733.7,11740.77,25981.45,26109.78,22149.51,25573.15
GUY,FAOSTAT_146,total_pesticides_use,6.57,49.9,71,104.39,106.73,143.57,180.42,241.71,422.12,495.26,673.85,820.8,2669.82,2492.45,2242.76,376.07,476.69,464.64,463.76,391.73,449.34,502.36,2282,2590.81,2635.9,875.28,557.97,532.23,575.9,704.5,910.43,1063.17
HND,FAOSTAT_147,total_fertilizers,14994,35601,40668,55000,29500,88900,82600,143739,139893,163800,180500,151500,44401.31,58695.4,38421.1,63654.28,103364.1,94681.88,79011.85,63341.8,87198.23,133857.6,109853.55,126195.86,142538.16,134281.92,167273.06,187832.5,209110.46,160284.49,242664.31,194559.7
HND,FAOSTAT_148,total_pesticides_use,4576.61,3368.28,5965.38,6768,5455.36,7800,6464,6980,3495,2387,4376,1141,1772.3,2403.6,3034.91,3666.21,4297.51,5283.93,5130.42,4344.36,5736.63,6324.41,7194.91,7282.38,7604.05,8113.5,7529.13,8153.23,8782.61,8214.39,11721.5,10533.17
HRV,FAOSTAT_149,total_fertilizers,,,183522,138500,193000,181000,202300,275852,176388,194200,223000,175600,220496,252981,264759,257106,335474,349374,426243,142991,268887,278884,173474,140934,156197,153373,104038,174469,177680,174271,177556,178324
HRV,FAOSTAT_150,total_pesticides_use,,,2304,2675.33,3046.67,3418,3148,3041.63,2935.27,2828.9,2722.53,2616.17,2509.8,2403.44,2297.07,2183.95,2213.84,2079.22,2452.6,2134.99,1605.37,1682.32,1759.27,1836.21,2109.17,2301.08,1854,1570,1677,1558,1644,1463
HTI,FAOSTAT_151,total_fertilizers,1000,2900,4300,4100,5100,7400,7000,12570,10928,8716,14429,13924,7746.81,10989.39,,,7458.28,,7838.38,10111.34,15256.09,,178245.44,12565.18,22420.42,9493.29,4390.2,14565.49,12971.03,52856.35,11363.81,7464.11
HTI,FAOSTAT_152,total_pesticides_use,181.28,157.55,99.76,95.44,135.92,178.6,251.23,267.95,396.42,359.33,371.91,310.12,392.05,457.46,454.97,434.67,476.29,518.09,748.67,733.65,1037.44,881.9,865.92,506.84,393.19,386.78,465.09,620.65,646.12,695.93,774.62,859.61
HUN,FAOSTAT_153,total_fertilizers,679944,326129,189000,292600,313723,368145,454927,427088,370600,432600,417024,453751,437000,439000,453000,392000,456000,507000,443373,355256,370396,410002,438009,490119,487125,493574,597322,658733,652314,630220,654690,669848
HUN,FAOSTAT_154,total_pesticides_use,12756,8069,5777,10197,9574,7715,6946,4445,5280,4598,4151,5458,8231.5,8725.5,9940.5,9676,11523,11178,12084,11144,10299.5,8473.26,8141.23,7767.34,9003.86,9483.76,9763.86,9756.22,8535.05,7814.98,8679.09,8858.11
IDN,FAOSTAT_155,total_fertilizers,2500800,2400100,2583000,2317000,2467000,2529200,2715900,2227600,2727700,2524500,2493500,2638308,2489222,2938147,3236411,3303912,3397346,3992059,4188796,4286696,4283793,4662837,5790356.61,5420295.42,5963612.77,6092499.97,5932582.4,6674699.17,6929245.72,5895970.18,6527680.35,7343556.77
IDN,FAOSTAT_156,total_pesticides_use,113120.57,115478.86,124362.22,126756.03,127382.89,137901.08,141286.54,135253.98,136116.04,137639.96,142709.22,146060.61,154432.41,164929.32,173325.51,178526.94,185738.21,221902.86,258851.67,260714.84,313639.25,206061.7,254912.71,314990.4,253450.88,313069.12,349797.63,279005.69,261305.81,274421.03,213036.33,283297.13
IND,FAOSTAT_157,total_fertilizers,12018000,12728085,12154409,12385271,13563669,13876235,14338041,16187986,16797504,18056730,16702300,17344311,16095991,16807212,18406670,20347381,21642119,22571108,24228437,26445526,28110244,28373686,25536100,24482500,25581400,26752600,25949100,26590900,27375200,28969600,32535600,29846300
IND,FAOSTAT_158,total_pesticides_use,75000,72133,70791,66388,61357,61257,56114,52279,49157,46195,44957.52,43720.04,42482.56,41245.08,35113,35342,37423,27422.77,14485.33,28707.01,40093.69,55540,52980,45620,56267.67,56720.12,58634.43,63405.78,59669.93,61701.9,61701.9,61701.9
IRL,FAOSTAT_159,total_fertilizers,692300,665000,668000,716000,752000,748000,682000,660000,712000,692000,599410,589717,597851,630920,562050,542316,497954,453173,416298,519860,467528,457170,549587,526343,576054.1,585620.64,593293.96,646743.48,709415.49,662008.37,694127.36,713772.36
IRL,FAOSTAT_160,total_pesticides_use,2014,2014,2014,2014,2014,2152,1577,2201,2257,1930,1942.21,2333.67,2614.27,2719.41,2978.49,2624.89,2766.64,3083.02,2790.17,2268.1,2529.2,3713.76,2801.78,2935.81,3392.34,3503.61,3112.53,2942.02,2651.36,2971.77,2909.82,3090.94
IRN,FAOSTAT_161,total_fertilizers,1161000,1149000,1349960,901100,1004000,1017200,1079325,1207202,1268000,1330400,1393563,1325619,1408887.35,1513354.04,1611800.62,1711115.31,2117363.11,1648513.6,1680402.53,1407057.95,1388930.03,734923.24,786635.66,834352.74,1075279.67,697295.7,698154.45,784408.06,902796.8,987896.02,1072075.87,1072075.87
IRN,FAOSTAT_162,total_pesticides_use,10644,16349,11683,9572,10324,8746,5332,6347.87,7363.74,8379.61,9395.48,9007.8,9592.16,10129.47,10015.31,7807.64,8253.48,5922.88,3016.89,4049.54,4381.59,4713.64,7051.91,6494.24,6609.9,6725.57,6841.23,6871.73,5744.42,4977.43,5855.93,5855.93
IRQ,FAOSTAT_163,total_fertilizers,207000,134700,210000,348000,384000,333900,354400,356800,383300,388100,371200,639200,634600,114700,111132,218787,223420,187360,228760,219717,137160,168120,213403.18,231038.74,97910.34,77346.05,143905.87,251613.61,274173.44,274173.44,274173.44,274173.44
IRQ,FAOSTAT_164,total_pesticides_use,692,692,692,692,692,816,616,848,755,508,548,837.47,878.68,853.65,828.62,873.01,824.14,1062.61,956.52,850.42,744.33,638.24,532.15,426.05,396,196.75,151.46,214.79,283.99,283.99,283.99,283.99
ISL,FAOSTAT_165,total_fertilizers,23163,22918,20024,23000,20098,19562,18892,19300,18700,21900,21200,18180,18802,15852,17792,17229,21649,24271,24985,15357,18290,19450,21390,20459,24450,17878,21965,17909,16490,14240,15742,16924
ISL,FAOSTAT_166,total_pesticides_use,3.21,3.21,3.21,3.21,3.21,3.21,3.21,3.21,3.21,3.21,4.18,4.74,4,4,6,5,5,5.34,5.73,4.37,2.73,3.43,3.14,2.41,3.88,4.08,3,2,2,0.98,0.69,1.35
ISR,FAOSTAT_167,total_fertilizers,102600,93600,97800,98000,104000,104000,119000,120000,121000,89000,94000,89400,87900,94500,99800,91000,92400,105500,84100,61000,60600,74400,82200,84600,79400,72400,82800,88951.61,92300,87497.98,90877,100048
ISR,FAOSTAT_168,total_pesticides_use,2491,2491,2491,2491,2491,2491,2491,2491,2491,2975.02,3459.04,3943.05,4427.07,4911.09,5395.11,5879.13,6363.14,6847.16,7331.18,6650,6753,6124,6009,6005,6335,6367,6093,6881,7322,6983,6983,6983
ITA,FAOSTAT_169,total_fertilizers,1944380,1986690,1922000,1903900,1892200,1822000,1865000,1758000,1748000,1784000,1732000,1405913,1418087,1414334,1447535,1336239,1305785,1364139,1075785,838499,864377,902647,872000,882755,851523,885372,880660,878647,872894,885051,930764.74,958218.41
ITA,FAOSTAT_170,total_pesticides_use,100596.4,88916.6,88227.6,89282.2,81217.6,84153,74617.2,84799,84117,81583,79447,75978,94211,86058,83810,84647,74349,80454,79643,74172,71613,70690,61889,55633,59422,63322,60259,56641,54153,48567,56556,50345
JAM,FAOSTAT_171,total_fertilizers,19100,25700,21300,23400,23200,26518,23800,23397,23445,23043,22400,20855,12781,15146,16485,14828,8130,4527,4517,6983,7515,8541,10485,9977.51,13834.29,4539.64,6869.56,7954.3,12295.01,9311.29,7834.25,7834.25
JAM,FAOSTAT_172,total_pesticides_use,1217.44,1217.44,1217.44,1217.44,1217.44,1258.99,1316.11,620.7,1094.84,1332.92,1379.22,1491.75,1372.63,1440.51,1355.12,1373.23,1243.58,1288.62,1286.84,1252.09,1034.18,1108.54,1278.96,1218.48,1138.79,1051.14,1409.14,1560.62,1761.15,1500.4,1853.15,1641.61
JOR,FAOSTAT_173,total_fertilizers,16800,20409,15700,16300,14000,16000,19150,24021,23431,23024,20623,22000,30100,30900,9700,16700,10600,13000,15300,21200,23200,23200,23500,30261,21985,40322,26653,25032,22923,24125,17466,27668
JOR,FAOSTAT_174,total_pesticides_use,734,926,1365,786,773.5,761,910,875,845,525,553,1527.54,1567.91,1320.91,737.06,1736.49,1142.43,1351.11,1265.7,1089.5,932.8,1111.9,708,1010,719,666,1028,1291.4,675,1862,1176,1257
JPN,FAOSTAT_175,total_fertilizers,1838000,1752000,1784000,1817100,1763500,1641100,1563000,1509700,1418600,1438700,1452300,1354000,1294207.37,1327273.79,1292187.72,1293968.42,1278536.4,1415217.81,1016099.07,895270.35,1092297.39,1062818.92,1073496.41,1036800,1069000,947500,987500,1012100,977500,934100,886500,886500
JPN,FAOSTAT_176,total_pesticides_use,79821.18,79821.18,79821.18,79821.18,79821.18,79821.18,79821.18,79821.18,79821.18,79821.18,79821.18,78735.45,70262.54,67869.72,64688.88,63829.77,65248.26,61164.07,58750,60970.8,55576,51796.3,54716.4,52794.3,53543.7,54171.16,51006,52248,52332,51970,48889,48889
KAZ,FAOSTAT_177,total_fertilizers,,,475000,324000,121000,95000,131000,56100,13000,34200,37000,50400,23700,33740,42100,40800,41400,58900,30900,56400,58688,87412,129657,84909,116487,127150,113833.63,158207.68,120589.87,85708.02,164750,131900
KAZ,FAOSTAT_178,total_pesticides_use,,,17182,17182,17182,13535,13047,8112,6416.14,4720.28,3024.42,3007.26,3361.84,3606.55,3802.92,3666.62,3926.27,5575.89,7044.9,8716.14,6283.85,10656.6,8674.58,8738.38,11158.77,10588.9,10372.1,13811.1,13058,13102.4,14492.01,18323.6
KEN,FAOSTAT_179,total_fertilizers,106700,112700,101900,100000,129800,78400,160800,134400,127100,148100,145705,149990,139051,170316,145546,180695,176052,192895,176424,187236.79,180358.87,229620.78,278882.69,328144.6,276838.41,225532.22,280616.77,365890.35,279114.16,332267.91,381727,351840
KEN,FAOSTAT_180,total_pesticides_use,443.57,998.22,1353.74,1432.44,3627.88,3728.01,3964.68,1801.24,2052.83,2124,1979.44,1841.4,1665.4,1716.15,1802,2085.05,2192.58,1918.86,2157.53,2181.52,2757.77,3143.67,3970.66,4476.33,4660.68,4764.24,4773.06,5293.41,6073.6,6587.2,6227.91,5617.42
KGZ,FAOSTAT_181,total_fertilizers,,,32000,28000,28000,28000,31000,31000,29078,28071,29199,27618,9483,33211,28924,31623,28494,28742,24277,28159,28918,24457,31042,35075,40980,13322.83,16346.54,9903.63,27344,29185,29155,29155
KGZ,FAOSTAT_182,total_pesticides_use,,,2418,2200.86,1983.72,1766.59,1549.45,1332.31,1115.17,898.04,680.9,609.6,733.2,1302.6,1321.3,1081.1,796,1026.2,662.8,266.8,350.1,312.9,365.1,341.1,402.6,516,533,560,608,677.3,692.6,608
KHM,FAOSTAT_183,total_fertilizers,4100,5700,11000,14600,10600,9800,7800,21900,7620,,,,25667.92,20289.86,25205.45,38693.34,38182.21,37586.1,36516.96,49037.24,58570.66,76246.26,103569.46,94065.62,105371.25,116937.61,84569.72,159147.83,170073.82,173645.77,180963.58,204291.85
KHM,FAOSTAT_184,total_pesticides_use,480.55,480.55,480.55,480.55,480.55,480.55,480.55,480.55,480.55,480.55,444.76,427.68,412.47,420.87,404.51,443.99,532.63,732.64,773.93,938.78,1198.31,1673,2386.97,3287.86,4338.92,5091.41,4594.58,5330.56,7719.69,11862.52,15399.46,16736.35
KIR,FAOSTAT_185,total_fertilizers,,,,,,,,,,,,,,,,,,,,,,,0,0,0,0.34,0,0,0,4.08,2.72,0
KIR,FAOSTAT_186,total_pesticides_use,2.6,2.59,2.66,2.86,9.69,10.3,10.77,4.31,3.77,3.8,4.06,4.46,4.86,5.26,6.88,7.12,8.34,7.78,8.55,9.7,9.77,10.32,10.65,15.73,20.45,23.72,21.53,18.98,20.58,26.36,34.26,37.22
KNA,FAOSTAT_187,total_fertilizers,882,1100,1100,1100,1590,1327,1327,1700,1700,1700,1700,1700,55,55,55,55,90,50,82,51,51,52,52,0.03,115.24,25.86,37.55,26.17,25.98,25.98,25.98,25.98
KNA,FAOSTAT_188,total_pesticides_use,92.44,92.44,92.44,94.22,99.69,106.91,104.39,100.91,98.37,97.99,200.36,289.41,467.76,363.86,266.48,100.94,96.39,103.93,90.33,99.26,90.2,87.42,96.02,98.89,109.77,115.37,120.63,117.44,101.42,101.42,101.42,101.42
KOR,FAOSTAT_189,total_fertilizers,957702,927700,963700,973700,960000,979029,908907,992000,867000,821085,783337,716603,699681.65,708470.37,749133.14,785603.77,540323.95,648781.24,476511.63,520105.65,497735.13,501930.49,535549.04,515596.09,510582.24,494726.83,498971.72,493621.75,504709.95,499948.36,412104,378025
KOR,FAOSTAT_190,total_pesticides_use,25082,27476,26718,25999,26970.5,25845,24620,24819,22103,25837,25684,28218,25844,24610,25323,24506,24076,24262,25368,22790,20431,19131,17438,18708,19788,19482,19798,20043,18716,16745,17132,19014
KWT,FAOSTAT_191,total_fertilizers,,,800,1000,1000,1000,2000,1200,1000,1100,629,1046,1000,1000,1000,1000,3488.16,3326.44,6028.93,1000,2283.96,4636.3,4686.08,5735.87,7382.93,9274.79,8405.79,9869.5,8977.73,7575.69,9665.15,9665.15
KWT,FAOSTAT_192,total_pesticides_use,196.66,278.54,338.59,499.93,826.28,1117.29,1209.28,1029.17,929.84,778.47,689.76,813,1115.14,1272.67,1201.17,1137.37,1276.41,1358.89,1305.44,1126.94,1222.75,1536.94,1969.43,2262.97,2384.53,2034.18,1449.71,1030.47,1110,1341.3,1493.35,1512.95
LAO,FAOSTAT_193,total_fertilizers,1500,2552,3386,3000,1794,6189,3800,7761,4564,9903,6004,12283,10894.25,3767.58,6634.07,8586.26,8758.79,10325.5,9458.77,15419.53,16098.35,25674,43065.26,37594.14,51074.64,50844.02,42389,42389.3,53605.15,69224,65099,62291.72
LAO,FAOSTAT_194,total_pesticides_use,21,21,21,46,35.59,25.19,14.79,4.38,0.66,0.97,1.28,1.79,2.3,2.81,3.31,3.82,4.33,0.44,0.07,25.67,1.83,43.8,43.53,125.89,3,189.35,175.41,145.1,187.31,187.31,187.31,187.31
LBN,FAOSTAT_195,total_fertilizers,25400,29700,34000,36200,28000,44000,56000,62242,63700,63700,52257,58577,34242.03,41871.56,48697.01,40885.32,31038.04,38817.73,35771.75,36364.6,41613.04,42985.55,40010.86,36795.03,36648.7,34226.86,37447,39508.49,36261.76,31975.77,27459.27,20383.03
LBN,FAOSTAT_196,total_pesticides_use,1221,1221,1221,1221,1221,1221,1221,1816,1816,1816,1816,1816,1816,1816,1816,1816,1816,1816,1816,1816,1816,1816,1816,1816,1816,1816,1816,1816,1816,1816,1816,1816
LBR,FAOSTAT_197,total_fertilizers,300,,,,,,,,,,,,3117.1,3470.9,,,4674,,3364.2,3679,5959.8,,5729.7,5978.2,6042.1,6083,8029,10423,9996,10871,12110,2784.61
LBR,FAOSTAT_198,total_pesticides_use,140.55,139.81,138.33,136.84,135.36,129.13,122.63,110.31,96.9,78.68,67.92,63.19,63.7,84.04,112.58,175.28,297.78,382.15,424.91,422.23,493.5,578.61,658.95,732.24,793.93,648.86,662.36,686.66,897,937.34,997.68,1035.56
LBY,FAOSTAT_199,total_fertilizers,77600,84800,86100,110900,74500,89000,62400,61700,50500,86500,55000,73200,65334.9,35477.99,50447.4,52465.53,55061.22,53276.21,51485.73,58605.18,66161.9,80938.45,82515,62277.86,39417.33,26957.48,26902.23,44808.83,28234.96,31149.14,31791.01,25325.02
LBY,FAOSTAT_200,total_pesticides_use,2612.16,2486.16,2234.11,2181.74,2129.33,2076.92,2024.51,1555.56,1107.31,681.57,693.32,864.83,1194.28,2388.58,3125.75,3405.81,2523.39,1987.59,2089.98,2264.6,2312.48,1942.03,1719.23,1496.43,1273.63,1050.82,842.59,754.82,1052.6,1410.08,1721.37,1721.37
LCA,FAOSTAT_201,total_fertilizers,5721,6500,2882.47,1866.35,634.55,199.73,225.77,85.36,1242.65,2219.12,2122.87,40.57,499.63,1359.6,493.65,622.97,520.93,115.55,18,264,358,252,785.53,336.65,721.2,702.54,512.68,393.82,471.26,640.21,528.14,533.37
LCA,FAOSTAT_202,total_pesticides_use,671.21,625.72,557.6,492.06,436.47,398.35,354.88,333.35,289.04,295.15,261.51,230.22,248.89,295.11,325.31,280.99,211.35,173.02,174.25,204.15,214.75,217.63,212.17,209.65,236.14,264.47,257.32,227.23,203.99,221.08,242.44,253.26
LKA,FAOSTAT_203,total_fertilizers,171143,177194,183657,210503,217503,206043,211170,208713,232924,259081,246965,244068,285071,246225,258309,280821,305881,288525,374054,309514,274857,334509,267611.82,226181.39,339708.97,247123.57,165404.32,154983.06,189687.24,260652.28,410165.35,211203.25
LKA,FAOSTAT_204,total_pesticides_use,1571.33,1409.15,2144.31,1753.2,1860.7,1735.5,1654.41,1622.4,1532.41,1766.91,1695.71,1705.05,1714.39,1723.73,1733.07,1742.41,1751.75,1439.8,1152.39,1170.36,1450.54,1290.31,1112.8,1235.31,933.34,2539.92,1925,1266,2261,1526.43,2573.15,2777.7
LSO,FAOSTAT_205,total_fertilizers,4600,5900,5700,6000,5300,5904,6082,5606,6000,5039,7994,11341,,,,,,,,,,,,,,1591.41,1963.52,3397.4,6774.08,3355.1,3721.21,3554.99
LSO,FAOSTAT_206,total_pesticides_use,5.47,5.47,5.47,5.47,5.47,5.47,5.47,5.47,7.07,10.27,19.83,22.89,44.8,50.27,59.68,47.71,44.86,42.02,39.55,35.73,28.45,25.63,25.73,26.1,20.72,87.03,95.06,140.57,91.65,166.04,265.7,357.02
LTU,FAOSTAT_207,total_fertilizers,,,156000,87000,79000,118000,119000,137300,139800,154000,153000,162000,189000,190000,193000,195000,217000,219000,169300,210400,221200,229000,242000,251121,262640,266236,282534,296851,282388,303215,314924,318341
LTU,FAOSTAT_208,total_pesticides_use,,,1380,936,713,737,979,928,812,695,688.06,726.09,792.6,847.2,1023.6,1048.5,1197,2722.82,2722.55,2748.8,1803.77,2062.34,2559.9,2515.69,2545.5,2737.7,3337,2994,2050,2317.72,2560,2590.5
LUX,FAOSTAT_209,total_fertilizers,,,,,,,,,,,,,16583,16583,20684,18789,17618,16861,15532,15108,15995,16810,16173,15462,15074,15240,16214,15647.15,13489.4,13990.98,13589.51,14180.88
LUX,FAOSTAT_210,total_pesticides_use,,,,,,,,,,,154.25,154.25,154.25,154.25,154.25,154.25,154.25,154.25,154.25,154.25,154.25,154.25,203.17,157,143.68,137.6,159.93,139.5,139.61,133.04,138.93,122.71
LVA,FAOSTAT_211,total_fertilizers,,,168000,95300,95300,22000,25000,35100,49200,54477,50289,56665,44441,58831.41,60519,74300,75500,80457,78328,75784,91081,96383,107864,121593,122259,128833,134200,133495,130993,139247,151311,152292
LVA,FAOSTAT_212,total_pesticides_use,,,1005,476,294,358,361,334,369,326.86,284.72,367.4,335.31,477.63,594.46,723.54,743.57,1113.49,1033,881.2,1027.5,1074.01,1281.04,1250.5,1417.41,1510.15,1724.62,1478.43,1586.99,1650.67,1900.41,1984.43
MAR,FAOSTAT_213,total_fertilizers,350000,288700,290930,334400,295100,282200,290000,327327,325000,364533,367416,360200,550787,500843,401942,518080,485200,474460,433412,330149,441892,461361,458620,516874,542343,528496.85,320546.05,508539.2,497538.59,413481.83,430921.42,415356.54
MAR,FAOSTAT_214,total_pesticides_use,9364,9771.14,10178.29,10585.43,10992.57,11399.71,11806.86,12214,12621.14,13028.29,13435.43,13842.57,14249.71,14656.86,15064,13966,13697,13697,13697,13697,13697,13697,13697,13697,13697,13697,13697,13697,13697,13697,13697,13697
MDA,FAOSTAT_215,total_fertilizers,,,134800,115000,115000,115000,116000,10200,7000,3200,5100,32471,15000,13900,15300,16500,15398,20083,22677,17015,20051,23629,34700,44800,44813,52340.7,72855.65,84476.87,99928.6,86500.21,82867.1,86494.26
MDA,FAOSTAT_216,total_pesticides_use,,,2897,2501,2553.55,2606.11,2658.66,2711.21,2763.76,2816.32,2868.87,2876.28,2606.44,2715.73,2915.4,2394.93,2466.37,2556.03,2924.63,2308.27,2466.13,2453.95,2316.22,2409.25,2500.4,2739,2981,3116,3349.45,3374.7,3354.9,3354.9
MDG,FAOSTAT_217,total_fertilizers,10855,9472,7697,11083,11266,12546,16669,9500,8677,7874,9111,9051,6204.84,6960.88,6677.39,16702.12,7579.35,9632.87,12820.52,7815.67,8931.86,12611.02,21115.02,14399.75,26203.43,22593.07,17966.77,38985.56,37802.72,35836.26,31741.08,10018.02
MDG,FAOSTAT_218,total_pesticides_use,128.41,131,101.06,109.41,76.15,73.08,152.01,139.89,88.26,49.52,130.46,87.59,240.84,146.76,68.01,114.51,109.39,93.88,112.11,143.9,241.89,310.36,377.71,507.94,453.91,401.39,493.54,642.78,705.85,746.05,765.83,701.11
MDV,FAOSTAT_219,total_fertilizers,,,,,,,,,,,,,18,24,31,89,353,262,67,394,368,143,525.72,754.74,235.51,238.6,367.32,441.66,448.4,279.74,354.53,429.33
MDV,FAOSTAT_220,total_pesticides_use,38.04,38.04,38.04,38.04,38.04,38.55,41.15,93.85,98.32,125.08,74.42,76.96,54.81,59.72,60.48,114.44,127.41,124.9,69.28,62.78,75.26,84.32,83.82,94.34,110.82,127.84,571.9,628.16,755.34,395.32,376.47,309.98
MEX,FAOSTAT_221,total_fertilizers,1798400,1619400,1616000,1591900,1647900,1286000,1636400,1644100,1804300,1776000,1832000,1865378,1591950.2,1588545.2,1558544,1787302,1612814,1671883,1318799,1585469,1658153,1917412.31,1912483.57,2072432.48,2004834.22,1793014.46,2186326.67,2139573.61,2102562.33,2107255.74,2071986.56,2194245.49
MEX,FAOSTAT_222,total_pesticides_use,26624.98,26624.98,26624.98,26624.98,26624.98,26624.98,26624.98,26624.98,26624.98,26624.98,26624.98,23371.7,11535.83,16285.16,18507.68,39171.9,38402.66,50894.34,50154.53,50327.9,52305.13,53219.63,49213.67,47551.15,43028.74,48292.99,47421.33,50801.94,53144.44,48989.2,41681.11,43578.14
MKD,FAOSTAT_223,total_fertilizers,,,,7600,58923,37227,43400,46700,39200,43500,39900,22300,18869,18921,24655,27786,25228,28930,23811,23813,27784,26338,23844.1,28747.34,29748.78,27425.66,32994.99,28767.68,25434.25,25666.3,34450.83,21054.29
MKD,FAOSTAT_224,total_pesticides_use,,,970,659,540,573,556,507,529,412.5,296,175,240,210,262,149,327,119,85,98,98,98,98,98,98,98,98,98,98,98,98,98
MLI,FAOSTAT_225,total_fertilizers,15200,15000,27300,25000,25000,27000,27300,47800,45900,49800,39847,42000,90232.54,76430.44,81736.79,83623.79,101276.21,78561.57,104892.2,110385.06,115877.91,61951.05,59184.15,93530.48,134901.43,176272.38,217643.32,158687.02,158687.02,238725.14,238725.14,238725.14
MLI,FAOSTAT_226,total_pesticides_use,253.71,147.69,98.09,92.33,86.58,80.82,75.07,69.31,63.56,57.8,52.05,46.29,40.54,34.78,29.03,23.27,17.34,12.31,19.05,8.44,8.09,6.83,3.75,3.75,3.75,3.75,3.75,3.75,3.75,3.75,3.75,3.75
MLT,FAOSTAT_227,total_fertilizers,544.14,466.14,513.74,492.74,492.74,878.02,586.05,593.22,1499,713,1054.71,1024.48,990.66,890.98,1053.97,878.89,939.24,906.79,660.2,458.96,720.92,844.79,697.85,731.71,734.42,827.39,844.81,847.08,810.08,884.44,1151.63,1159.54
MLT,FAOSTAT_228,total_pesticides_use,326.48,326.48,326.48,326.48,447.26,210.34,154,258.38,260.8,138.79,181.92,111.77,113.25,114.73,116.21,117.69,119.17,120.65,117.16,113.68,110.19,106.7,137.87,134.93,110.13,128.72,94.65,107.59,90.05,75.6,95.82,70.76
MMR,FAOSTAT_229,total_fertilizers,75532,83059,67152,86301,144750,180047,173893,177824,171805,163075,205700,95700,42309,101554,197364,65596,93192,166830,81378,67316,71755,161738,168096.62,210391.96,263270.98,145635.43,205201.03,428471.47,546794.33,698716.41,744260.36,424879.81
MMR,FAOSTAT_230,total_pesticides_use,209.08,114,151.18,160.33,190,264.76,137.24,145.54,282.88,420.21,557.55,694.89,949.06,858.94,1042.39,1448.85,3872.16,3329.67,1438.56,1091.08,3340.09,4642.42,3044.78,2898.2,5417.8,7690.63,12092,17274,15326,17337.49,11748.89,11748.89
MNE,FAOSTAT_231,total_fertilizers,,,,,,,,,,,,,,,,,3254,2720,2559,1960,2469,2171,2148.43,2534.24,2417.48,2280.8,2566.87,2149.52,2270.53,2635.42,2792.49,2776.48
MNE,FAOSTAT_232,total_pesticides_use,,,,,,,,,,,,,,,,,0.66,0.66,0.66,0.66,66.11,75.11,71.11,82.11,90.11,76.11,90.11,98.78,92.4,102.06,118.58,110.69
MNG,FAOSTAT_233,total_fertilizers,14600,16000,15100,1000,500,2000,2000,6000,4200,2800,3400,3200,4448,4017,5873,3657,6514,6018,6941,7570,11080,13965,16940.82,25379.57,19259.83,23195,25822.65,36736.79,42165.48,46818.28,44522.6,41660.36
MNG,FAOSTAT_234,total_pesticides_use,115.7,115.7,115.7,115.7,115.7,115.7,115.7,115.7,115.7,115.7,115.7,115.7,115.7,115.7,115.7,115.7,115.7,115.7,115.7,115.7,115.7,115.7,115.7,115.7,115.7,115.7,115.7,115.7,115.7,115.7,115.7,115.7
MOZ,FAOSTAT_235,total_fertilizers,2600,5100,4900,3200,6300,7800,8100,6500,8000,8000,14300,24900,26600,3313,10395,7137,22751,13836,61653,22184,46327,41561,31750.3,33397.18,42567.58,25753.39,25807.26,29033.43,37918.25,61000.35,63357.31,69251.23
MOZ,FAOSTAT_236,total_pesticides_use,102.26,102.26,102.26,102.26,102.26,72.19,65.85,60.63,54.23,47.83,41.43,35.03,28.62,267.26,573.26,771.19,892.81,548.96,890.51,914.98,1189.02,768.85,729.84,690.83,651.82,612.8,573.79,534.78,534.78,534.78,534.78,534.78
MRT,FAOSTAT_237,total_fertilizers,3900,5150,7283,4608,4000,4000,5000,1722,1800,2400,,2900,2105.32,2344.28,2211.18,2392.02,3123.6,1956.36,2194.74,2269.66,4162.83,2363.25,3316.77,3460.62,3497.61,3571.59,4714.17,6119.79,5869.08,6382.83,7110.3,7110.2
MRT,FAOSTAT_238,total_pesticides_use,71.24,71.24,61.32,45.82,24.75,17.03,15.59,20.4,22.46,24.52,26.58,24.52,24.32,50.24,56,54.45,33.47,39.34,46.2,46.57,61.65,76.33,161.9,236.3,290.73,288.31,293.91,333.76,381.08,393.89,376.88,347.31
MUS,FAOSTAT_239,total_fertilizers,27733,27575,26638,26005,29208,31891,37727,33456,33101,35300,37500,28550,28335,26352,26769,29933,21403,22860,18302,18237,13056,18972,20888.25,18611.12,23496.79,13787.71,20494.35,19321.01,14033.52,14615.39,11285.09,13987.82
MUS,FAOSTAT_240,total_pesticides_use,889,817.3,745.6,673.89,602.19,663.88,625.89,710.24,640.78,616.9,643.67,723.23,770.35,858.67,815.02,844.85,897.02,778.98,875.11,894.07,916.52,887.38,810.11,857.41,843.62,907.29,917.04,530.02,771.49,754.73,708.55,705.3
MWI,FAOSTAT_241,total_fertilizers,48000,70000,73800,74000,21283,43519,58200,56800,50200,50100,49791,27482,84684,93232,103218,97574,121521,125156,120303,107960,130893,106282,92390.13,103719.58,143193.76,153548.87,88230.48,128054.41,131193.99,117300.35,386083.07,386943.53
MWI,FAOSTAT_242,total_pesticides_use,171.8,171.8,171.8,171.8,171.8,171.8,171.8,171.8,136.11,125.39,210.45,169.9,129.36,88.82,48.28,295.51,202.35,524.46,624.52,736.25,584.12,553.57,775.83,1500.27,2358.01,2358.01,2358.01,2358.01,2358.01,2358.01,2358.01,2358.01
MYS,FAOSTAT_243,total_fertilizers,909500,941000,964900,1031000,1157300,1092000,1131000,1252000,1406000,1323800,1188275,1130717,1144984.14,1169391.99,1706663.98,1574357.92,1791932.86,1902081.6,1837074.61,1100176.38,1851054.58,1890163.1,1664584.29,1594054.16,1842417.25,1564923.2,1647138.61,1659960.21,1612428.01,1112100.99,1313216.77,1772805.63
MYS,FAOSTAT_244,total_pesticides_use,23816.74,23886.07,24699.62,26700.14,26774.57,27590.04,28061.38,28599.61,27142.08,29259.16,30204.09,30977.4,31619.42,34045.56,36015.89,37577.97,39406.48,46868.35,54821.91,52464.19,60194.83,41562.16,49810.48,61445.6,49199.43,63307.64,67288,50683,44114,47805,36076.9,45671
NAM,FAOSTAT_245,total_fertilizers,,,,,,,,,100,300,300,300,3185,1150,2612,1556,2314,1972,229,1272,3547,5284,12027.17,8688.97,4910.93,10988.15,20885.37,20029.49,32009.62,20404.15,2980.92,2980.92
NAM,FAOSTAT_246,total_pesticides_use,573.54,573.54,573.54,573.54,573.54,573.54,573.54,573.54,573.54,573.54,1322.16,1346.48,1258.85,398.58,284.18,354.69,405.22,475.21,577.63,598.35,656.75,576.76,617.66,777.85,823.84,931.12,804.17,861.24,836.42,878.1,913.27,958.69
NER,FAOSTAT_247,total_fertilizers,2299,530,1400,1500,6115,9979,9000,700,500,4188,4524,4982,8541,4126,3385,5475,7459,5297,2289,5267,7490,7576,14680.39,10704.13,16787.29,6824.01,6755.12,6755.12,12297.42,16805.47,10380.49,10380.49
NER,FAOSTAT_248,total_pesticides_use,62,62,62,62,62,62,22,34,36,26,62,31,29.44,27.88,26.31,24.75,21.12,30.57,12.04,7.32,11.49,10.59,21.37,27.94,34.51,41.09,47.66,32.76,17.86,22.13,19.69,34.79
NGA,FAOSTAT_249,total_fertilizers,400380,429200,440000,461000,296000,183000,173500,137700,163200,167700,187500,221000,153982,214935,159079,259104,369431,155587,211566,168353,403051,223084,303404.4,306617.88,323063.69,287543.32,387843.9,733900,686200,686200,686200,686200
NGA,FAOSTAT_250,total_pesticides_use,3445.22,2508.1,1717.5,948.79,1139.08,2160.97,4196.13,9991.77,9588.02,8071.43,3879.78,4716.87,7238.52,9498.88,12797.75,15335.75,13557.33,9729.19,11510.93,18095.71,26872.77,31079.27,33968.12,40668.25,36120.96,31255.23,26751.43,36466.57,47121.31,53953.79,57268.92,59278.17
NIC,FAOSTAT_251,total_fertilizers,40010,34432,31300,27000,21800,31000,40680,35673,38600,35942,28900,19314,56817,65386,64302,56227,60687,56646,46084,57241,53181,77514,76914,51767,76617,86957.45,89003.12,128467.1,87592.44,87148.79,115824.79,103266.6
NIC,FAOSTAT_252,total_pesticides_use,575,575,575,977,799,876,2041.7,3207.4,4373.1,4097.16,3925.63,3603.5,5715.36,5613.57,4581.73,9391.92,6889.26,9850.26,10173.91,9387.95,12242.19,4932.05,4413.82,6705.5,6826.97,7845.9,7682.29,7902.15,6993.7,7808.1,15658.35,13709.8
NIU,FAOSTAT_253,total_fertilizers,,,,,,,,,,,,,40.25,36.52,41.35,34.99,36.71,39.96,55.2,45.6,46.08,38.44,30.52,29.76,23.32,31.92,29.76,37.8,32.48,42.08,37.64,37.64
NIU,FAOSTAT_254,total_pesticides_use,0.35,0.37,0.28,0.3,0.77,1.56,2.11,2.14,1.82,2.52,3.29,4.53,3.39,4.78,4.79,5.98,4.2,3.49,7.63,6.72,6.46,0.94,0.85,0.01,1.09,1.09,1.95,1.74,2.44,2.36,2.33,2.45
NLD,FAOSTAT_255,total_fertilizers,560600,560759,545555,519064,534000,535000,527024,508000,485000,471000,418000,416000,392802,397092,402871,375303,377796,320207,285538,251199,299955,248292,293000,240003,259006.66,278010.34,299853,301309,280029,276841,277950,275177
NLD,FAOSTAT_256,total_pesticides_use,9729,9338,9030,10505,8646,12601,8923,10568,11762,11152,11382.84,9424.73,9700.44,9550.04,10655.4,10703.85,10461.35,12073.15,10777.08,9857.2,9586.03,12365.82,12763.71,12137.2,12070.16,11409.3,12216.17,12001.46,10854.6,10685.6,11291.6,11291.6
NOR,FAOSTAT_257,total_fertilizers,209590,207866,205724,205800,207000,210000,209000,205000,201000,198000,193000,176275,180499,185965,187035,188662,185687,187928,180477,149548,140355,157186,152086,154140,157218,164893,164576,159965,163710,168638,167666,167666
NOR,FAOSTAT_258,total_pesticides_use,1183,760,767.9,749,848,913.14,698.25,735.43,934.02,802.02,348.24,512.66,799.19,668.51,827.45,518.94,696.34,722.07,800.9,534.56,698.98,823.96,813.93,761.97,861.21,631.03,676,671,614,604,688,710
NPL,FAOSTAT_259,total_fertilizers,72512,81100,82003,73536,93000,93699,103000,107500,121500,94400,73014,72526,38950,11711,18458,8137,12751,3604,3030,40046,54689,77446,56540,115097,142400.7,156655.06,157853.58,138475.4,183647,184473.76,215549.72,206801.28
NPL,FAOSTAT_260,total_pesticides_use,60.11,60.11,60.11,60.11,60.11,60.11,70.43,80.75,91.07,101.39,111.72,122.04,132.36,142.68,153,127.99,128.73,344.06,353.43,209.52,332.01,342.92,410.32,454.53,549.17,573.97,632.75,691.53,750.31,809.09,681.5,783.14
NRU,FAOSTAT_261,total_fertilizers,,,,,,,,,,,,,,,,,,,,,,,0,0,0,0.01,0,0,0.45,0,0.03,1.35
NRU,FAOSTAT_262,total_pesticides_use,22.65,17.82,18.58,9.11,7.83,5.27,3.37,2.64,2.59,3.68,4.57,7.91,6.94,5.91,1.6,0.73,0.23,0.45,0.59,0.53,0.34,0.42,0.75,1.8,2.89,3.59,2.61,2.47,3.93,5.75,6.15,5.47
NZL,FAOSTAT_263,total_fertilizers,343100,438500,534500,625631,647000,682600,660000,647700,661500,716000,812730,901065,758119.8,852416.4,892211.8,952984.2,832733.6,837575,779869.2,626391,699368,764004.8,766437,748209.4,844529,853710.6,832301.4,893961.2,920984.2,915802.6,909543.23,890148.35
NZL,FAOSTAT_264,total_pesticides_use,3740,3740,3740,3739,3515,3904,3499,3550.08,3055.16,2535.3,3634.3,3333.2,4369.2,4090.2,4249.2,4257.2,4587.2,5138.2,6056.2,5285.2,5285.2,5285.2,5285.2,5285.2,5285.2,5285.2,5285.2,5285.2,5285.2,5285.2,5285.2,5285.2
OMN,FAOSTAT_265,total_fertilizers,9479,8147,8000,9000,7600,7800,6707,5430,8154,7324,5756,10404,12034.03,6359.87,14278.55,16737.68,20677.3,16859.89,24260.15,15993.94,18600.76,16249.3,17703.14,18538.08,18648.11,20705.94,25649.82,23055.77,24601.35,37818.46,34168.9,27164.51
OMN,FAOSTAT_266,total_pesticides_use,42.64,32.4,127.2,103.66,80.13,83.2,86.27,285.02,298.48,171.93,45.39,66.44,87.49,108.54,129.6,150.65,171.7,192.75,213.8,234.86,255.91,292.32,339.06,439.4,409.79,333.48,346.76,275.49,204.22,304.82,373.75,442.67
PAK,FAOSTAT_267,total_fertilizers,1892899,1884133,2147915,2146780,2183572,2515124,2412979,2659334,2578052,2833000,2962500,2944450,3052840,3149260,3357710,3725496,3812141,3574021,3510296,4246113,4064776,3868533,3549038,4134858,4104960,4179136,4480006,4758868,4758868,4652323,4798817,4798817
PAK,FAOSTAT_268,total_pesticides_use,5299,5962,5518,4945,6183,7681,11955,16936,18406,20450,27885,23835.07,22838.14,21841.21,20844.28,19847.35,18850.42,17853.5,16856.57,15859.64,14862.71,13865.78,12868.85,11871.92,11871.92,11871.92,11871.92,11871.92,11871.92,11871.92,11871.92,11871.92
PAN,FAOSTAT_269,total_fertilizers,38662,25649,35494,32181,29950,27700,44300,36387,39876,34003,31183,29200,22141,28034,23104,18862,20734,18408,19337,25675,36272,21149,43353.24,50079.13,33330.12,41505.2,25820.4,33156.57,38642.23,36126.79,56252.71,70009.24
PAN,FAOSTAT_270,total_pesticides_use,3308.54,3308.54,3308.54,3308.54,3308.54,3308.54,3308.54,3308.54,2008.07,1553.75,1099.42,2789.13,2141.62,2448.39,2590.5,2677.13,2632.87,2239.8,2142.93,2046.06,1949.19,1852.32,1371.35,2477.29,2458.72,2440.14,2421.57,2403,1639.46,875.91,861.36,861.36
PER,FAOSTAT_271,total_fertilizers,105256,75652,80572,138697,174900,153300,185300,214900,238125,238825,254270,314486,306551,315614,329912,301513,339974,403256,298483,385209,365693,408016,391703.26,398145.49,405622.92,445795.52,447971.15,539478.77,433056.17,507182.09,556819.7,479758.88
PER,FAOSTAT_272,total_pesticides_use,1335.53,1335.53,1335.53,1335.53,1335.53,1335.53,1600.18,1850.33,1912.49,1809.42,2257.17,3001.29,2893.32,2848.57,3128.33,3577.61,4238.13,2928.26,5008.69,4719.14,6225.67,6030.69,7288.63,7091.56,8274.55,8893.46,9482.89,10036.95,8617.57,10635.76,10774.12,11595.91
PHL,FAOSTAT_273,total_fertilizers,587092,447818,505400,565490,600198,598407,736800,809195,628434,743764,734550,781415,687645,829972,879409,783445,740151,842740,572103,667949,802608,789494,660400,871341.47,879550.67,779376.95,948204.79,1188426.81,944716,1092757.69,1169248.44,1297021.23
PHL,FAOSTAT_274,total_pesticides_use,15154.3,15373.92,15508.14,15830.68,16237.54,16758.94,16853.5,16846.95,16959.42,17472.83,17382.68,17509.77,17995.32,18330.63,18010.9,18303.97,18899.04,19403.54,20075.72,19975.79,21311.11,21179.54,21608.02,22374.11,22111.62,23250.65,21632.13,21491.31,21350.49,24878.97,34715.34,37660.36
PLW,FAOSTAT_275,total_fertilizers,,,,,,,,,,,,,,,,,,,,,,,0,0,0,0.02,0,0,0,0.28,0.18,8.59
PLW,FAOSTAT_276,total_pesticides_use,,7.14,7.14,7.14,7.14,7.14,7.14,7.14,7.14,7.14,7.14,7.14,7.14,7.14,7.14,7.14,7.14,6.26,5.49,4.31,4.67,4.81,6.04,9.09,13.3,20.85,27.88,30.22,28.51,24.85,24.85,24.85
PNG,FAOSTAT_277,total_fertilizers,12300,10700,12800,13000,13000,13000,13000,13100,8200,9300,11700,11800,6856,8519,17670,17138,14722,18962,21211,31156,32845,25643,32240.64,29629.6,32601.46,31390.57,33616.09,36981.61,40340.27,39252.08,35946.63,35710.25
PNG,FAOSTAT_278,total_pesticides_use,800.54,784.21,759.21,733.49,711.91,686.83,613.56,492.12,364.83,279.88,235.47,219.6,261.4,311.2,352.2,355.23,371.76,388.28,404.81,421.34,437.87,590.74,738.1,879.96,879.96,879.96,879.96,879.96,879.96,879.96,879.96,879.96
POL,FAOSTAT_279,total_fertilizers,1541400,1008700,1192200,1282147,1428149,1511218,1596083,1700200,1557160,1526500,1615100,1574200,1511700,1622100,1628400,1966100,1970700,2142000,1899400,1771300,1954400,1883800,1943400,1935300,1792200,1895400,2049800,2076600,1905400,1951300,1729000,1729000
POL,FAOSTAT_280,total_pesticides_use,5422,5422,7363,8825,9330,7136,9824,9501,8699,8466,8848,8855,10358,7184,8726,16039,17101,18721,20611.02,18493.03,19449.02,21779.27,21885.99,22204.46,23556.67,24006.12,24463,25076,23178,24281,24168,26534
PRK,FAOSTAT_281,total_fertilizers,832400,811100,782500,766000,323000,104200,93000,171100,157200,253000,256000,281400,123888,103015,160175,144936.1,154887.73,121749.48,117906.38,135247.13,176961.94,212460.34,167387.85,177098.41,144456.27,119193.5,156630.22,150837.1,206554.42,106299.73,43468.9,43305.42
PRT,FAOSTAT_282,total_fertilizers,278400,258000,242000,250000,248000,244000,258000,236000,252000,237000,219000,208000,197000,186000,174000,167000,170194,233558,189729,142395,170939,149303,169540,190802,209786.23,198721.74,184032.98,176949.32,175106.71,183128.43,175919.54,169688.26
PRT,FAOSTAT_283,total_pesticides_use,9357,9357,6117,8985,9580,11815,12457,12750,14389,15411,15470,15503,17452,17030,16942,16353,15702,16682.39,17080.26,13984.91,13774.18,14562.41,12869.13,10526.19,13256.87,10209.42,9772.27,8103.16,8057.31,9865.81,9706.26,9583.2
PRY,FAOSTAT_284,total_fertilizers,17923,20571,21897,20900,22900,23000,33000,59000,71832,65446,65200,66800,153168,217265,264282,227540,258160,343292,280663,252170,340284,420330,367225.33,435359.34,505248.8,467879.98,529677.93,543456.16,568348.1,537620.14,584260.42,662348.36
PRY,FAOSTAT_285,total_pesticides_use,3380,3380,3380,5806.8,8233.6,10660.4,13087.2,15514,12196,5064,3507,10583,11752.99,12922.99,14092.98,15262.98,16432.97,17602.97,18772.96,19942.96,21112.95,22282.95,23452.94,24667.05,18070.43,18908.25,18567,19662,21121.64,22581.28,20164.28,24925.32
PSE,FAOSTAT_286,total_fertilizers,,,,,,,,,,,,,15655.2,14408.8,14834.12,14850.55,15297.1,14558.4,12572.56,11278.13,6556.36,7240.14,8788.9,10351.78,10294.21,10454.5,13569.22,13879.28,12324.99,13772.84,15715.44,15585.5
PSE,FAOSTAT_287,total_pesticides_use,1263.43,1263.43,1263.43,1263.43,1263.43,1263.43,1263.43,1263.43,1263.43,1263.43,1263.43,1263.43,1263.43,1238.78,1237.54,1243.3,1290.78,1265.82,1348.14,1348.14,1348.14,1348.14,1348.14,1348.14,1348.14,1348.14,1348.14,1348.14,1348.14,1348.14,1348.14,1348.14
QAT,FAOSTAT_288,total_fertilizers,1380,1500,1500,2000,6000,6000,1172,1165,1000,800,500,900,1511,1000,1000,1000,1000,1000,4600,1120,4600,2200,2200,4500,4400,2300,3700,3600,4883.11,4622.76,5103.15,5045.06
QAT,FAOSTAT_289,total_pesticides_use,253.25,270.3,325.25,322.19,336.09,340.69,397.17,453.8,470.35,445.91,341.65,318.8,360.36,414.99,525.23,832.57,1012.47,998.97,1377.56,2562.93,3175.69,2501.22,1280.18,832.18,860.11,899.23,783.58,872.72,797.59,842.69,945.57,1072.46
ROU,FAOSTAT_290,total_fertilizers,1212500,463000,553000,602000,374100,363400,422000,315000,360000,237000,304279,369417,326123,362260,380004,461392,362884,387216,397985,426207,480588,486944,437972,491831,452239,532702,514126,581470,722685,749551,738453,922487
ROU,FAOSTAT_291,total_pesticides_use,25255,19898,15134,24252,21811,20113,17425,15349,13979,11280,9427.4,7871.1,7875.7,6928.1,6778.2,7565.7,6733.2,6314,7193.7,6548.7,7249.2,6582.9,6418.7,6947.9,6723.8,6608.04,6463,6715,5243,5452,5365,5598
RUS,FAOSTAT_292,total_fertilizers,,,5510000,3851000,1510000,1750000,1580000,1550000,1264000,1361000,1420000,1602700,1418971,1348580,1394880,1436120,1517330,1732810,1932120,1901990,1912870,1969160,1877480,1861020,1934280,2026990,2273277,2472916,2532016,2748227,3081103,3081103
RUS,FAOSTAT_293,total_pesticides_use,,,25961,25961,25961,25961,25961,25961,27372.06,28783.11,30194.17,31605.23,33016.29,34427.34,35838.4,37249.46,38660.51,40071.57,41482.63,42893.69,44304.74,45715.8,47126.86,48537.91,49948.97,51360.03,71057,79522.64,74671.56,77306.76,90534.96,97018.45
RWA,FAOSTAT_294,total_fertilizers,2989,1583,690,1400,,,300,400,300,300,300,300,2449,2449,2035,3400,3886,8824,10753,1444,94,114,5834.28,13211.29,14500.05,22680.15,11298.43,22422.11,18432.75,29846.38,35342.49,30316.26
RWA,FAOSTAT_295,total_pesticides_use,157,107,97,127.4,157.8,188.2,218.6,249,157,152,147,72,106.34,140.68,159.54,222.92,288.72,398.11,321.75,1187.6,953.85,181.6,925.52,1841.5,2060.91,2484.21,2027.03,2027.03,2027.03,2027.03,2027.03,2027.03
SAU,FAOSTAT_296,total_fertilizers,489000,508000,538600,455000,360000,284000,317000,321000,330000,347000,386200,383760,365500,382200,399000,335700,366000,389500,259000,230000,242000,283500,309000,286200,274800,320400,315700,299100,300600,300600,304100,304100
SAU,FAOSTAT_297,total_pesticides_use,994,994,994,994,994,994,994,2513,2683.37,2853.74,3024.11,3194.48,3364.86,3535.23,3705.6,3875.97,4046.34,4216.71,4377.72,4538.73,4699.74,4860.74,5021.75,5412.5,6259.67,7106.85,7954.02,8801.19,9648.36,10495.54,7255.65,7255.65
SDN,FAOSTAT_298,total_fertilizers,,,,,,,,,,,,,,,,,,,,,,,66081.06,51831.07,83269.68,89844.8,191260.15,172526.32,149127.86,149127.86,149127.86,149127.86
SDN,FAOSTAT_299,total_pesticides_use,,,,,,,,,,,,,,,,,,,,,,,2469.47,2665.68,2861.9,3058.11,3254.33,2379.65,5486.85,4082.53,4082.53,4082.53
SEN,FAOSTAT_300,total_fertilizers,11750,16630,17000,24000,25900,16200,21600,22900,25600,37800,38200,29900,35973,32072,37970,30842,6548,6116,8337,24404,31169,22531,34730,39620,37570,15120,68963.83,110642.52,53956,68971.18,80869.68,33853.91
SEN,FAOSTAT_301,total_pesticides_use,384,384,384,357.55,547.3,435.31,411.33,437.23,450.71,470.87,491.03,282.02,328,373.99,419.97,465.95,511.93,557.92,603.9,649.88,695.86,741.85,787.83,722.53,609.79,708.52,830.74,163.31,478.78,478.78,577.18,577.18
SGP,FAOSTAT_302,total_fertilizers,5600,5100,5600,5500,4701,4537,3142,2063,4027,3769,3005,2353,101.88,77,82.01,76.93,74.59,89.9,70.61,70.62,81.1,82.43,87.05,86.61,84.89,80.17,79.51,88,85.14,77.4,78.9,78.9
SLB,FAOSTAT_303,total_fertilizers,,,,,,,,,,,,,,,,,,,,,,,,,,344.04,,,3151.41,421.75,1107.87,237.84
SLB,FAOSTAT_304,total_pesticides_use,58.2,58.2,58.2,58.2,58.2,58.2,55.38,49.73,41.26,32.8,24.33,15.86,14.29,20.29,26.66,31.97,34.18,40.81,36.33,44.68,54.24,66.45,72.25,72.31,64.15,60.1,63.38,65.18,54.8,39.65,39.65,39.65
SLE,FAOSTAT_305,total_fertilizers,1300,600,1400,3000,3000,3000,3000,3000,300,90,150,300,5263.71,7776.35,,,13907.09,,8075.31,9061.49,15625.33,,13207.76,14723.63,14883.99,15198.81,20061.03,26042.61,24975.72,27161.97,30257.7,4224.08
SLE,FAOSTAT_306,total_pesticides_use,261.39,261.39,261.39,261.39,261.39,261.39,261.39,261.39,261.39,261.39,225.29,153.09,85.7,59.23,73.66,88.1,102.53,116.97,131.4,145.84,160.28,174.71,189.15,203.58,225.93,341.66,370.96,405.88,342.61,360.95,360.95,360.95
SLV,FAOSTAT_307,total_fertilizers,74796,77503,74969,74720,66000,69887,91800,94400,82800,78508,77779,73174,49432,53245,60168,91682,65699,96144,87355,79544,120706,129068,102030.79,102845.16,69003.25,81421.71,67778.39,64277.18,82888.56,42820.73,58375.94,66472.64
SLV,FAOSTAT_308,total_pesticides_use,2524,4096,3940.77,3785.54,3630.31,3475.08,3319.85,3164.62,3009.39,2854.16,2698.93,2543.7,2388.47,2233.24,2078.01,1922.78,2265.72,1940.78,3899.48,3333.88,3598.59,3231.13,2595.16,6005.08,5638.23,1747.35,1419.2,3133.73,2955.68,2525.72,3098.7,3793.4
SMR,FAOSTAT_309,total_fertilizers,,,,,,,,,,,343,390,115.51,120.34,123.92,111.89,114.52,127.59,98.59,84.18,98.54,98.62,98.13,104.62,104.07,239.23,236.24,244.51,234.49,241.89,259.88,
SOM,FAOSTAT_310,total_fertilizers,2700,,,,,,500,500,500,500,500,500,0,0,0,0,7.8,0,0,329.47,104.18,30.79,4.29,22.09,67.11,47.45,809.24,1200.12,981.94,929.95,1559.47,1178.22
SOM,FAOSTAT_311,total_pesticides_use,34.67,24.45,19.07,23.06,42.81,31.08,24.27,3.16,0.93,15.36,20.88,33.71,25.38,38.93,74.17,92.36,123.59,117.87,135.71,123.39,125.72,175.18,250.54,330.46,372.85,356.5,299.45,316,443.3,616.77,722.15,746.85
SRB,FAOSTAT_312,total_fertilizers,,,,,,,,,,,,,,,,,374941.31,488996.08,360842.84,443591.01,339392.31,381010.9,530210.74,480456.06,316205.44,278307.9,362877.81,313742.95,188327.36,224635.01,417457.65,196086.72
SRB,FAOSTAT_313,total_pesticides_use,,,,,,,,,,,,,,,,,2240.1,2405.16,2268.26,1942.54,1940.66,2567.29,3385.66,3647.77,3803.73,3257,2781.81,2310.7,2450.77,2593.5,2518.61,2442.19
SSD,FAOSTAT_314,total_fertilizers,,,,,,,,,,,,,,,,,,,,,,,0.5,9.6,17.39,62.2,85.85,65.41,243.79,214.45,181.27,61.89
STP,FAOSTAT_315,total_fertilizers,,,,,,,,,,,,,154.5,140.92,192.48,129.72,159.33,155.1,166.52,149.5,180,213.71,175.87,181.46,187.05,226.61,187.48,243.38,206.83,206.4,228.33,186.5
STP,FAOSTAT_316,total_pesticides_use,7.15,7.15,7.15,7.15,7.15,7.15,7.15,7.15,7.15,7.15,5.19,4.31,3.98,5.55,5.33,6.69,6.34,11.35,12.75,15.52,18.64,19.38,23.28,19.33,18.71,16.36,17.59,18.9,19.41,20.99,24.74,27.37
SUR,FAOSTAT_317,total_fertilizers,1000,1000,2900,3300,4300,4300,7300,7100,7594,5300,5800,5600,4148,5998,7475,5212,8983,6874,25787,9181,11656,11965,9826.12,10250.39,12674.49,9428.73,14151.06,15079.72,8393.38,7877.53,15141.17,10178.03
SUR,FAOSTAT_318,total_pesticides_use,217,207,197.5,188,178.5,169,142,139,151.33,163.67,176,273.08,370.17,431.07,357.87,401.81,370.78,397.75,501.05,615.66,477.87,936.24,633.92,537.49,622.53,982.84,617,651.3,789,530.58,377.75,381.35
SVK,FAOSTAT_319,total_fertilizers,,,,96355,99056,107529,118744,107400,120414,89047,118126,117335,117180,111554,116548,111981,126475,123862,103766,108224,118409,133468,148864,148864,158318,152538,169402,163425.46,174298.5,174262.19,174726.11,178338.58
SVK,FAOSTAT_320,total_pesticides_use,,,,3889.7,4158.5,6146.9,3905.4,3247.2,3582.5,2831.9,1457.49,1549.87,1642.21,1515.43,1573.03,1545.6,1586.97,1595.47,1498.24,1654.12,1880.75,1410.5,1563.78,1620.28,1721.83,1567.86,1520,1724,1785,1859,1810,1620
SVN,FAOSTAT_321,total_fertilizers,,,63355,54527,84865,73700,63300,73979,76590,78594,75552,72467,67784,69250,63131,58001,57317,56792,51326,43084,49206,47287,45995,47003,48417,49278,47614,47279.56,47582,46294,46311,44578
SVN,FAOSTAT_322,total_pesticides_use,,,1309,1112,944,987,953,1245,1091,1134.5,1468,1387,1164.1,1361,1557.98,1383.88,1280.98,1155.23,1218.15,1162.87,1134.37,1121.91,1016.08,917.49,1009.92,1046.84,1157,1087,1172,972,949,931
SWE,FAOSTAT_323,total_fertilizers,328258,292092,314201,329250,322999,294067,310557,309997,294024,290028,282482,265692,267400,261900,259900,236800,229100,236100,260400,168600,214869,222403,197728,219183,240173,249518,251148.81,268205.29,255893,248143,296933,296933
SWE,FAOSTAT_324,total_pesticides_use,2310,1841,1497,1466,1962,1225,1529,1534,1555,1602,1721,1789,2198,2549,1353,2132,2220,2157,2352,1935,1982,1781,1814,1620,1880,1836.2,1630,1525,1459,1478.1,1653,1858.9
SWZ,FAOSTAT_325,total_fertilizers,13397,11500,12400,11600,4900,5095,4224,5200,5800,5500,5800,7000,10656,9603.84,10488.96,8227.2,10817.28,10606.08,9699.84,9674.8,9463.9,10364.5,10782.5,11835.1,11519.7,10993.4,10146,12716.7,11255.6,11210,10966.8,10225.96
SWZ,FAOSTAT_326,total_pesticides_use,741.56,741.56,741.56,741.56,741.56,741.56,741.56,692.74,680.59,566.75,551.51,452.66,757.61,962.57,1262.13,1091.99,847.8,438.25,199.04,185.24,484.4,587.21,581.59,462.22,522.75,582.07,680.43,863.44,1039.6,1148.16,1238.7,1318.12
SYC,FAOSTAT_327,total_fertilizers,,,,,,,,,,23,42,20,,24,11,34,11,30,34,52,29,45,73.5,51.25,50.56,122.51,78.26,96.9,77.35,126.76,81.37,81.37
SYC,FAOSTAT_328,total_pesticides_use,47.4,49.07,51.15,68.41,66.06,107.62,108.88,123.16,87.05,72.65,61.75,55.43,127.3,123.46,124.68,68.39,77.92,132.94,370.3,531.26,630.3,439.93,314.66,157.77,111.14,84.93,101.01,98.19,97.69,232.77,504.66,707.24
SYR,FAOSTAT_329,total_fertilizers,304170,287600,306517,338100,351295,341843,357189,368363,330833,370775,365500,299333,321135,350800,348123,397122,394807,381937,413465,305520,154750,231804,141080.41,63209.35,30251.19,3505.57,19281.35,16285.11,27714.93,33201.07,30969.13,18009.55
SYR,FAOSTAT_330,total_pesticides_use,845,1089.65,1157.61,1516.45,1326.04,1244.84,1065.25,1538.28,1730.68,1699.58,1107.35,987.12,1099.9,1429.3,1597.73,1578.97,1475.38,1308.86,1210.72,1400.62,1614.06,1897.26,1897.26,1897.26,1897.26,1897.26,1897.26,1897.26,1897.26,1897.26,1897.26,1897.26
TCD,FAOSTAT_331,total_fertilizers,5800,8600,10076,5252,7000,8558,11900,7850,16820,17500,17500,17500,11525.7,10379.3,8852.2,13816.5,13322.7,12972.3,14230.22,13113.75,16940,11860.9,11272.35,12350.68,12913.08,12712.87,12769.28,16226.36,15943.14,12477.88,11897.4,11897.4
TCD,FAOSTAT_332,total_pesticides_use,60.28,60.28,60.28,60.28,60.28,57.86,55.44,53.02,53.02,53.02,53.02,53.02,53.02,53.02,53.02,53.04,53.06,53.08,53.1,53.12,53.14,52.25,50.45,47.74,45.02,43.22,42.31,42.31,42.31,42.31,42.31,42.31
TGO,FAOSTAT_333,total_fertilizers,11500,11744,12230,9865,11164,16433,17612,16810,17200,16900,19838,19200,13296.9,18310.43,8626.53,683.88,33.17,0,0.54,7126.88,24201.3,25101.44,13310.6,31071.23,4892.44,8817.12,36247.2,15315.38,40695.65,7091.5,7091.5,5471.81
TGO,FAOSTAT_334,total_pesticides_use,324,213,192,206,203,198,197,228.07,259.13,290.2,321.27,352.34,383.4,414.47,584.76,203.09,268.78,262.45,229.94,172.19,242.01,145.74,341.43,371.9,812.89,1117.98,1246.2,1263,1356,1425,1425,1425
THA,FAOSTAT_335,total_fertilizers,1043791,962100,1117800,1455000,1360000,1507000,1519752,1481000,1637000,1763028,1560886,1684072,1778115.2,2255018,2003092.79,1727008.5,1792028.77,2095469.99,1973142.74,1912864.11,2510488.26,2574104.5,2532919.06,2801899.05,2670968.92,2287627.36,2478751.2,2799341.85,2318009.07,1887778.46,2296258.42,2390046.51
THA,FAOSTAT_336,total_pesticides_use,18849,18849,18849,18849,20448,24062,21901,23960,19212,22761,20334,30629.67,40925.33,51221,88548,43831,41220,66858,65423,67933,68986,87191,69921,8136,21800,26167.67,30535.33,34037.48,34776.62,28073.81,19006.56,19006.56
TJK,FAOSTAT_337,total_fertilizers,,,128000,76000,70000,70000,62100,51127,36872,10600,8900,12100,32004.78,17726.2,19487.53,12489.29,25937.81,12082.67,8176.11,9112.44,7164.85,4872.21,6765.01,9611.13,16858.77,18223.65,9871.97,14848.92,12354.98,77611.31,81209.53,75725.72
TJK,FAOSTAT_338,total_pesticides_use,,,130.22,130.22,130.22,130.22,130.22,130.22,130.22,130.22,130.1,129.85,129.47,129.1,128.73,128.35,127.98,127.61,127.24,126.86,126.49,126.12,125.74,125.37,125,124.62,147,309.01,386.46,468.83,439.21,480.51
TKM,FAOSTAT_339,total_fertilizers,,,175000,160000,125000,131000,142000,178000,76000,91200,100600,112000,111900,123900,143900,191000,258500,269500,269700,272800,275000,275000,280000,385400,406800,517100,433800,413400,457400,469300,469300,469300
TKM,FAOSTAT_340,total_pesticides_use,,,505.57,505.57,505.57,505.57,505.57,474.31,549.43,546.76,575.35,497.55,497.55,497.55,497.55,497.55,497.55,497.55,497.55,497.55,497.55,497.55,497.55,497.55,497.55,497.55,497.55,497.55,497.55,497.55,497.55,497.55
TLS,FAOSTAT_341,total_fertilizers,,,,,,,,,,,,,18.47,3.12,,,35.47,,0.09,23.82,358.72,,171.4,124.17,20.45,240.66,113.04,39.84,59.02,59.02,59.02,59.02
TLS,FAOSTAT_342,total_pesticides_use,3.12,3.12,3.12,3.12,3.12,3.12,3.12,3.12,3.12,3.12,3.12,3.12,3.12,3.12,2.67,3.31,5.03,8.28,11.53,14.78,18.03,21.28,24.53,29.52,36.25,44.72,53.18,58.82,61.64,61.64,61.64,61.64
TON,FAOSTAT_343,total_fertilizers,,,,,,,,,,,,,0,0,0,0,0,0,162.03,187.49,177.9,121.96,147.36,151.63,120.92,165.45,206.75,236.94,167.72,310.61,237.08,226.97
TON,FAOSTAT_344,total_pesticides_use,11.21,11.21,11.21,11.21,11.21,11.21,11.21,11.21,11.21,11.21,11.21,11.21,11.21,11.21,11.21,11.21,11.21,11.21,11.21,11.21,11.21,11.21,11.21,11.21,15.09,12.04,9,24,22,22,22,22
TTO,FAOSTAT_345,total_fertilizers,7100,8100,9600,5400,5400,7000,10430,10600,6800,6100,9204,1740,4400,4400,6400,6000,5900,5900,5100,5600,5700,5800,6900,7700,9000,8900,9100,8800,8012.85,9007.91,8743.6,8861.37
TTO,FAOSTAT_346,total_pesticides_use,336,387,385,314,298,284,269,253,239,225,212,195,181,167,150,136,122,108,93,80,125.5,172,515.74,859,1173,1173,1173,1173,1173,1173,1173,1173
TUN,FAOSTAT_347,total_fertilizers,83900,98900,105043,95400,89000,77000,97000,96520,113853,112200,111300,100000,102000,110500,119100,124100,124100,126100,115800,131000,133900,137400,141000,115300,118400,136500,158900,127100,147100,143040.71,89345.98,136040.71
TUN,FAOSTAT_348,total_pesticides_use,909,909,909,909,909,909,909,909,1172.19,1215.39,1411.77,1379.44,1155.47,1272.27,1582.2,1492.72,1290.48,1363.19,1776.65,1495.28,2174.9,2135.1,3076.4,2462,2765.96,2817.44,3133.94,2670.38,3211.48,3511.11,3412.08,3299.07
TUR,FAOSTAT_349,total_fertilizers,1887520,1770865,1927552,2207000,1507337,1700388,1799300,1825700,2180700,2193351,2088812,1670636,1746666,1970135,2044015,2067475,2110514,1985593,1551367,2232592,2103665,1847301,2064828,2312134,2180242,2202736,2807280,2644333,2164158,2466416,2930889,2575146
TUR,FAOSTAT_350,total_pesticides_use,29918,24343,27110,28042,24219,27328,30286,34431,30162,33089,33471,25539,27915,33075,28831,40332,27421,48715.51,37640.2,37651.15,38554.69,39534.43,42610.59,39440,39722.72,39026,50054,54098,60020,51297,53672,52963
TUV,FAOSTAT_351,total_fertilizers,,,,,,,,,,,,,18,16.34,18.5,15.66,16.42,17.97,24.84,20.52,20.74,17.3,13.74,13.4,10.49,14.37,13.39,17.01,14.61,18.94,16.94,17.16
TUV,FAOSTAT_352,total_pesticides_use,1.83,1.83,1.83,1.83,1.83,1.83,1.83,1.83,1.75,1.46,0.96,1.14,1.49,2.03,2.13,2,1.99,1.91,2.09,2.17,2.17,2.17,2.17,2.17,2.17,2.17,2.17,2.17,2.17,2.17,2.17,2.17
TZA,FAOSTAT_353,total_fertilizers,46800,49679,47923,36300,35900,27000,31214,39980,30856,20980,22404,7874,31818,38050,50247,55818,52357,50716,52966,86533,101925,105865,104712,151441.21,120202.25,120355.09,170160.68,163616.02,213737.19,119625.68,222026.3,124902.3
TZA,FAOSTAT_354,total_pesticides_use,20,20,20,20,715,557,7,49,1,1,1,1,1,1,1,1,1,1,1,1,1,1,1,1,1,1,1,1,1,1,1,1
UGA,FAOSTAT_355,total_fertilizers,192,1200,800,2200,1900,1300,600,600,3535,4479,6639,5800,7463,9331,8758,5756,7652,7497,18976,13746,11606,12068,14663.83,16847.73,12557.97,10949.67,13184.85,14228.42,22740.26,23227.28,16852.25,16852.25
UGA,FAOSTAT_356,total_pesticides_use,534.56,534.56,534.56,534.56,571.1,781.41,783.49,927.39,1137.86,1611.65,1633.74,1402.84,1281.03,1339.59,1646.25,1711.88,2037.64,2080.43,2238.7,2445.48,2990.23,3658.45,4324.48,4882.92,5655.05,6298.13,6284.06,6303.83,6037.93,6701.51,7410.66,8093.47
UKR,FAOSTAT_357,total_fertilizers,,,2692000,1345000,1134000,890000,525000,562000,513990,417000,440000,474000,519057,512481,533290,557930,699330,896440,1064720,886760,1060640,1263310,1346530,1493710,1471640,1415010,1728850,2028080,2150638,2142470,2488687,2584115
UKR,FAOSTAT_358,total_pesticides_use,,,66772,61843.46,56914.93,51986.39,47057.85,42129.32,37200.78,32272.25,27343.71,22415.17,17486.64,12558.1,15344.4,23021.7,28832.6,36476,54080.5,36444.7,62534.6,79491.7,90814.8,86781.8,78201,64986.5,51772,38557.5,25343,24325,24622,26974
URY,FAOSTAT_359,total_fertilizers,71884,78823,81200,91000,63000,66000,153500,129200,130000,105487,104122,116166,84278,153222,180554,195654,207581,205919,190660,206167,296378,309495,384803.75,582114.23,449439.73,281095.96,341030.01,343274.07,402937.29,348768.5,392638.39,428702.97
URY,FAOSTAT_360,total_pesticides_use,1762.01,1762.01,2072.03,1634.02,2272.08,2413.02,3444.01,3362.05,4239.03,3925.03,3650.08,4433.04,5184.5,7455.26,9017.73,9232.47,9143.45,14057.2,13335.22,13475.41,14981.18,17517.76,23506.4,19028.6,22962.2,14067.8,13365.8,14905.96,16446.12,16446.12,16446.12,16446.12
USA,FAOSTAT_361,total_fertilizers,18649535.53,18715635.49,18923983.49,19898612.9,19659910.18,19779137.26,20204780.01,20221133.08,19859884.78,19616704.16,19071525.91,19316848.41,19352971.21,21203083.68,20092236.02,19273411.11,20773985.32,19475350.42,16038481.19,18918611.18,19667310.7,20362667.78,20910153.74,21086056.85,19976842.12,20211336,20091404.33,20145604.65,20372424.93,20322918.44,20687523.36,20307182.26
USA,FAOSTAT_362,total_pesticides_use,400975.93,384646.39,400975.9,391903.86,425922.68,423201.53,433180.36,434540.76,424562.11,433633.96,430005.21,411407.94,416851.04,417758.24,425015.71,388275.15,392810.67,400068.15,379202.92,358337.7,374818.2,391298.7,407779.2,418673.92,413134.78,423474.93,451666.83,449713.05,457385.42,457385.42,457385.42,457385.42
UZB,FAOSTAT_363,total_fertilizers,,,730000,636000,473000,474000,445000,875100,824400,774800,731200,720300,719000,693000,625000,652000,715000,725086,747445,833343,856885,880427,865415,943798,989413,1004965,1023894,1023894,876150.12,1099002.66,1079195.83,1192134.28
VCT,FAOSTAT_364,total_fertilizers,2300,2300,2400,2900,3000,3000,3000,3000,3900,3900,3900,3900,191.05,105.05,119.05,129.15,169.85,168.35,189.45,103.3,212.95,194.2,216.25,225.45,271.55,265.05,249.6,247.3,260.6,266.45,259.95,603.36
VCT,FAOSTAT_365,total_pesticides_use,231.18,224.81,332.2,370.66,404.82,358.94,415.67,404.83,389.25,317.89,276.91,222.99,181.99,224.32,223.45,334.17,297.05,275.53,160.34,156.34,175.18,420.81,420.4,399.77,156.38,151.9,159.39,144.48,131.19,120.64,125.51,134.17
VEN,FAOSTAT_366,total_fertilizers,434000,396600,322000,282000,246000,298000,305000,291000,221700,206000,282000,300000,301000,303500,320000,351000,306000,373810,496250,446460,472940,486423.08,513393.66,520076.34,491083.48,495142.52,463100,391300,324600,122563.14,140337.28,132304.93
VEN,FAOSTAT_367,total_pesticides_use,1822,2409,3928,3928,3928,3928,3928,3928,3928,3928,3928,3928,3928,3928,3928,3928,3928,3928,3928,3928,3928,3928,3928,3928,3928,3928,3928,3928,3928,3928,3928,3928
VNM,FAOSTAT_368,total_fertilizers,560279,781900,766400,754100,1184900,1223700,1484500,1471700,1856900,2057600,2267000,1906500,1950219.05,2191007.4,2379576.52,2159486.55,2177188.77,2546035.72,1906510.32,2795791.54,2351282.43,2277344.51,2375763.23,3107722.15,2799980.72,3027125.59,2972032.69,3200544.85,2902057.41,2902057.41,2902057.41,2902057.41
VNM,FAOSTAT_369,total_pesticides_use,20912,20912,20912,20912,20912,24896,32745,33019,20841,16695,16502,19154,19154,19154,19154,21120,19154,19154,19381,26825,24218,30302,39769,36605,38220,39106,40234,39248,42731,46026,49502,50096
VUT,FAOSTAT_370,total_fertilizers,,,,,,,,,,,,,,,,,,,,,,,,,,2.38,,,5.83,9.86,2.04,0.24
VUT,FAOSTAT_371,total_pesticides_use,172.49,138.13,100.87,77.63,84.03,88.6,78.25,71.71,68.98,66.25,64.7,64.32,65.12,65.92,66.73,67.53,73.19,79.25,85.7,70.92,47.61,23.63,15.78,15.78,15.78,15.78,15.78,15.78,15.78,15.78,15.78,15.78
WORLD,FAOSTAT_372,total_fertilizers,137892337.8,134425404.9,125269813.4,120027164.7,122407659.4,129419315.3,134441233.3,137254263.4,138260258.2,140367079,135220402.6,137612214.9,141818685.4,147113617.4,154743076.6,155278549,159619993.1,166791537.3,156494728.9,158417924.1,174212515.1,181076591.8,180435360.8,184107725.1,188757629.2,186558960.7,187518481.4,193603923.5,192213224.1,186225513.2,197931122.7,195086050.8
WORLD,FAOSTAT_373,total_pesticides_use,1795502.6,1772292.04,1808001.59,1825682.63,1883780.01,1951574.56,2018541.73,2097594.59,2127700.6,2172747.66,2175280.2,2176534.38,2203470.78,2310478.33,2462438.65,2490860.63,2482626.38,2736726.61,2786794.3,2691522.03,2989646.99,3015972.15,3169518.01,3210138.21,3220249.69,3255128.39,3379276.8,3316950.01,3292014.06,3382370.32,3398783.53,3531959.08
WSM,FAOSTAT_374,total_fertilizers,,,,,,,,,,,,,10,24,40,37,24,38,49,35,16,15,3.77,22.57,7.74,,93.8,25.47,64.21,63.63,27.92,43.39
WSM,FAOSTAT_375,total_pesticides_use,48.07,48.07,36,23.53,48.27,44.18,23.66,29.78,12.05,10.02,6.77,12.41,18.05,23.68,29.32,34.96,40.6,46.23,51.87,57.51,63.15,68.78,74.42,80.06,85.7,91.33,96.97,102.61,196.7,111.6,185.14,272.15
YEM,FAOSTAT_376,total_fertilizers,22459,19600,14600,11000,11700,13100,8100,19300,17603,15084,15198,16300,11600,5630,18105,4901,11574,29220,18220,14100,25120,14400,19291.18,36482,25877.38,2041.95,20800.94,14807.5,1923.91,12243.44,12308.34,12308.34
YEM,FAOSTAT_377,total_pesticides_use,98.34,186.98,364.25,441.05,573.51,586.83,638.15,655.74,838.59,931.81,899.48,781.34,926.47,1026.48,1209.62,1248.87,1268.63,977.34,724.34,597.11,694.92,819.34,953.54,1506.28,1483.51,1357.2,718.78,576.13,837.9,1147.21,1504.08,1504.08
ZAF,FAOSTAT_378,total_fertilizers,785087,740100,732800,843383,752100,767000,803900,761000,782800,776700,740300,762500,838507,750041,801825,623586,785439,768874,720553,705800,674000,726000,739000,810000,797900,752100,687000,873900,1081086.21,1101489.21,1131043.59,1255665.88
ZAF,FAOSTAT_379,total_pesticides_use,16582,16582,16582,16582,16582,18025,19508,21596,24304,26098.8,26857,25800.04,27246.68,27369.95,27992.37,29696.72,28717.86,29468.41,33073.03,32608.51,33598.96,33334.33,34394.86,36324.38,38387.19,37740.47,35862.46,39492.46,39023.76,39144.12,41642.77,42620.17
ZMB,FAOSTAT_380,total_fertilizers,59500,62491,84500,85400,59000,55000,51400,56700,36700,34012,31391,36400,67325,75221,85587,76312,77365,95354,117980,91511,99190,166130,142979.17,181196.91,191774.06,212459.68,243145.12,273801.08,199550.67,256787.28,303103.35,242837.33
ZMB,FAOSTAT_381,total_pesticides_use,1080,1080,1080,1080,1080,716,1670,1797.51,1925.03,2052.54,2180.05,2307.57,2435.08,2562.59,2690.11,2817.62,2945.13,3072.65,3200.16,3327.67,3455.19,3582.7,3710.21,3837.73,3965.24,4092.75,4220.27,4347.78,4196.64,4196.64,4196.64,4196.64
ZWE,FAOSTAT_382,total_fertilizers,167685,164322,113600,159416,170700,145000,168000,175000,175000,185000,165300,152200,130310,146032,86352,85018,132661,108141,93475,117990,136332,111503,73000,102500,103100,78600,130300,146400,132800,132800,103900,103900
ZWE,FAOSTAT_383,total_pesticides_use,5727,6753,3303,1716,1664,2599,2538,2762,2883,2918.18,2953.36,2988.54,3023.72,3058.9,3094.08,3129.27,3164.45,3199.63,3234.81,3269.99,3305.17,3340.35,3375.53,2550.07,2185.07,2185.07,2185.07,2185.07,2185.07,2185.07,2185.07,2185.07
