Area,short names,1990,1991,1992,1993,1994,1995,1996,1997,1998,1999,2000,2001,2002,2003,2004,2005,2006,2007,2008,2009,2010,2011,2012,2013,2014,2015,2016,2017,2018,2019,2020
AFG,water_withdrawal,98.91,98.88,98.85,98.82,98.78,98.75,98.71,98.67,98.62,98.61,98.61,98.52,98.43,98.34,98.26,98.17,98.17,98.17,98.17,98.17,98.17,98.17,98.17,98.17,98.17,98.17,98.17,98.17,98.17,98.17,98.17
AGO,water_withdrawal,63.68,59.94,56.37,52.96,49.7,46.58,43.59,40.73,37.97,35.33,32.79,30.19,27.7,25.31,23,20.78,20.78,20.78,20.78,20.78,20.78,20.78,20.78,20.78,20.78,20.78,20.78,20.78,20.78,20.78,20.78
ALB,water_withdrawal,83.33,78.37,73.34,68.24,63.06,57.81,57.77,57.74,57.72,57.7,57.68,55.39,52.86,50.06,46.92,43.39,40.68,42.57,44.54,46.6,48.73,50.97,53.29,55.73,58.27,69.57,70.26,64.01,68.16,61.18,69.34
ARE,water_withdrawal,69.12,68.57,68.07,67.61,67.18,66.79,69.79,72.39,74.67,76.68,78.48,80.08,81.53,82.85,82.84,82.84,78.95,75.23,71.67,68.26,65,61.87,58.86,55.98,53.2,50.53,47.96,47.39,47.75,47.25,46.5
ARG,water_withdrawal,,,,,,75.3,74.32,73.37,72.44,71.54,70.65,71.02,71.36,71.69,72.01,72.32,72.61,72.9,73.17,73.43,73.68,73.93,73.93,73.93,73.93,73.93,73.93,73.93,73.93,73.93,73.93
ARM,water_withdrawal,,,,,,66.32,66.28,66.22,66.16,66.08,66,65.89,65.77,65.75,65.76,65.76,65.76,66.95,64.68,61.84,58.2,67.47,71.68,77.51,74.91,81.74,80,73.17,69.34,74.49,70.34
ATG,water_withdrawal,20,19.95,19.91,19.87,19.83,19.8,19.77,19.74,19.08,18.47,17.89,17.17,16.84,16.36,15.91,15.48,15.51,15.54,15.57,15.59,15.61,15.63,15.65,15.65,15.65,15.65,15.65,15.65,15.65,15.65,15.65
AUS,water_withdrawal,,,,65.45,69.49,66.95,69.85,69.74,69.62,69.5,69.38,69.26,68.36,67.39,66.36,65.23,62.59,59.57,56.09,52.02,53.83,55.11,59.85,65.68,63.36,54.24,65.54,69.41,70.66,66.65,62.22
AUT,water_withdrawal,2.63,2.68,2.73,2.78,2.84,2.9,2.82,2.74,2.74,2.73,2.75,2.77,2.79,2.74,2.68,2.62,2.57,2.51,2.45,2.36,2.27,2.44,2.62,2.8,2.98,3.17,3.36,3.55,3.75,3.95,3.95
AZE,water_withdrawal,,,67.46,70.13,75.04,75.54,74.81,73.95,64.94,56.44,90,90.2,88.16,86.79,87.19,88.52,88.59,89.91,90.84,92.47,92.07,91.07,90.6,90.54,89.87,91.15,91.09,92.09,92.36,92.25,91.83
BDI,water_withdrawal,70.06,71.35,72.41,73.31,74.08,74.75,75.33,75.85,76.31,76.72,77.08,77.51,77.94,78.37,78.81,79.26,79.26,79.26,79.26,79.26,79.26,79.26,79.26,79.26,79.26,79.26,79.26,79.26,79.26,79.26,79.26
BEL,water_withdrawal,1.51,1.25,0.98,0.71,0.43,0.15,0.18,0.21,0.29,0.38,0.47,0.52,0.57,0.59,0.54,0.55,0.58,0.59,0.64,0.67,0.68,0.7,0.72,0.84,0.93,1.13,1.1,1.04,1.3,1.33,1.16
BEN,water_withdrawal,61.38,61.89,62.36,62.8,63.22,61.01,58.7,56.29,53.76,51.1,48.32,45.38,42.53,40.02,37.79,35.79,33.99,32.37,30.89,29.54,28.31,27.17,26.12,25.15,24.25,23.41,24.69,25.21,25.21,25.21,25.21
BFA,water_withdrawal,80.28,80.44,80.59,79.97,79.41,78.9,78.44,78.01,77.62,66.08,58.01,57.15,55.6,54.14,52.75,51.43,51.43,51.43,51.43,51.43,51.43,51.43,51.43,51.43,51.43,51.43,51.43,51.43,51.43,51.43,51.43
BGD,water_withdrawal,,,,,,,,,,,,,,,,,,,87.82,87.82,87.82,87.82,87.82,87.82,87.82,87.82,87.82,87.82,87.82,87.82,87.82
BGR,water_withdrawal,29.19,28.38,27.53,26.66,25.74,24.79,23.79,22.75,21.66,20.52,19.32,14.83,11.28,15.96,13.63,13.61,13.59,11.28,15.81,16.28,15.76,16.44,16.61,15.09,13.52,14.72,15.95,14.76,13.35,11.45,12.82
BHR,water_withdrawal,56.49,55.46,54.51,53.64,52.84,52.1,51.4,50.76,50.16,49.6,49.07,47.53,46.02,44.54,43.17,41.84,40.55,39.32,38.12,36.96,35.83,34.75,33.69,32.67,31.68,32.17,33.31,33.31,33.31,33.31,33.31
BLR,water_withdrawal,,,,,,28.69,27.82,26.92,26,25.04,24.06,24.04,24.03,24.01,23.99,23.97,25.17,26.41,27.69,29.03,30.43,31.04,31.67,32.3,32.97,29.99,29.48,30.85,29.91,27.03,27.61
BLZ,water_withdrawal,64.92,59.75,55.48,51.9,55.83,58.45,61.27,63.44,65.16,66.56,67.72,67.72,67.72,67.72,67.72,67.72,67.72,67.72,67.72,67.72,67.72,67.72,67.72,67.72,67.72,67.72,67.72,67.72,67.72,67.72,67.72
BOL,water_withdrawal,87.06,87.63,88.17,88.66,89.11,89.54,89.94,90.31,90.65,90.98,91.09,91.2,91.31,91.41,91.52,91.62,91.72,91.82,91.95,91.95,91.44,90.94,90.44,89.95,89.46,88.98,88.5,88.03,87.57,87.1,86.91
BRA,water_withdrawal,,,,,,,60.93,60.26,59.6,58.95,58.3,57.67,57.04,56.42,55.8,55.19,54.59,56.22,57.64,58.89,60,58.71,57.32,55.84,54.24,54.03,60.87,60.03,58.36,63.08,61.64
BRB,water_withdrawal,76.11,74.56,73.07,71.63,70.26,68.93,67.65,67.65,67.65,67.65,67.65,67.65,67.65,67.65,67.65,67.65,67.65,67.65,67.65,67.65,67.65,67.65,67.65,67.65,67.65,67.65,67.65,67.65,67.65,67.65,67.65
BRN,water_withdrawal,,,,,,5.76,5.76,5.76,5.76,5.76,5.76,5.76,5.76,5.76,5.76,5.76,5.76,5.76,5.76,5.76,5.76,5.76,5.76,5.76,5.76,5.76,5.76,5.76,5.76,5.76,5.76
BTN,water_withdrawal,,,,,,,,,,,,,,,,,,,94.08,94.08,94.08,94.08,94.08,94.08,94.08,94.08,94.08,94.08,94.08,94.08,94.08
BWA,water_withdrawal,,,47.79,46.51,45.42,44.49,43.67,42.95,42.31,41.74,41.24,40.55,39.87,39.21,38.56,37.93,37.89,37.84,37.8,37.76,37.72,37.68,38.24,36.71,35.13,36.32,40.24,35.75,39.02,36.93,36.96
CAF,water_withdrawal,1.32,1.18,1.07,0.98,0.9,0.83,0.77,0.72,0.68,0.64,0.6,0.59,0.58,0.57,0.56,0.55,0.55,0.55,0.55,0.55,0.55,0.55,0.55,0.55,0.55,0.55,0.55,0.55,0.55,0.55,0.55
CAN,water_withdrawal,,8.85,9.02,9.19,9.36,9.54,9.72,9.43,9.12,8.83,8.52,8.1,7.68,7.27,6.85,6.44,6.03,5.62,5.62,5.62,11.71,11,10.2,9.36,8.46,7.51,9.1,10.64,10.9,11.16,11.43
CHE,water_withdrawal,,,,,,,,,,,1.97,2.34,2.71,3.14,3.59,4.06,4.54,5.05,5.58,6.14,6.73,7.34,7.99,9.31,9.4,9.22,9.23,9.23,9.06,9.25,9.19
CHL,water_withdrawal,,,,,,,,,,,,,,,,,83.04,83.76,84.49,85.24,86.01,86.78,87.57,88.38,89.2,90.04,90.89,90.89,90.89,90.89,90.89
CHN,water_withdrawal,83,81.14,79.34,77.6,76.29,75.01,73.74,72.49,71.25,70.03,68.83,67.98,67.13,66.29,65.44,64.61,64.26,63.01,63.28,63.51,62.5,62.44,64.31,64.53,64.57,64.4,62.38,62.32,61.39,61.16,62.14
CIV,water_withdrawal,67,66.44,65.91,65.41,64.94,60.78,56.81,53.01,49.39,45.92,42.59,41.69,40.83,40,39.2,38.43,39.52,40.72,41.96,43.33,44.77,46.32,47.95,49.73,51.64,51.64,51.64,51.64,51.64,51.64,51.64
CMR,water_withdrawal,35.14,35.07,35,45.59,53.41,59.42,64.18,68.05,71.26,73.96,76.26,74.38,72.6,70.89,69.27,67.71,67.71,67.71,67.71,67.71,67.71,67.71,67.71,67.71,67.71,67.71,67.71,67.71,67.71,67.71,67.71
COD,water_withdrawal,,,,,,17.43,16.23,15.13,14.11,13.18,12.31,11.9,11.52,11.17,10.83,10.52,10.52,10.52,10.52,10.52,10.52,10.52,10.52,10.52,10.52,10.52,10.52,10.52,10.52,10.52,10.52
COG,water_withdrawal,10.46,10.28,10.11,9.94,9.78,9.62,9.46,9.3,9.15,9,8.85,8.77,8.7,6.53,5.23,4.36,4.36,4.36,4.36,4.36,4.36,4.36,4.36,4.36,4.36,4.36,4.36,4.36,4.36,4.36,4.36
COL,water_withdrawal,,,,,,,,,,,63.52,61.88,60.42,59.13,57.97,56.92,55.97,55.1,54.31,59.1,62.62,65.31,67.43,69.15,70.57,71.76,75,79.71,85.34,85.89,86.37
COM,water_withdrawal,,,,,,,,,,47,47,47,47,47,47,47,47,47,47,47,47,47,47,47,47,47,47,47,47,47,47
CPV,water_withdrawal,,,,,,,,,,,,91.4,67.25,54.39,46.41,43.65,41.8,40.48,39.48,38.71,38.08,37.57,37.15,36.79,36.48,36.21,35.98,35.77,35.59,35.42,38.64
CRI,water_withdrawal,,,,,,,,,,,,,,,,,,,,,,,71.56,70.21,70.63,72.1,73.14,81.97,68.63,65.98,66.17
CUB,water_withdrawal,,,,,,51.16,51.34,51.52,51.71,51.89,52.07,52.25,52.43,52.61,52.79,52.97,53.14,50.15,57.18,59.49,59.29,61.36,63.23,64.94,64.94,64.94,64.94,64.94,64.94,64.94,64.94
CYP,water_withdrawal,73.45,73.6,73.77,73.93,74,74.06,74.12,74.19,74.26,74.33,74.4,73.43,75.94,76.83,77.8,72.79,69.35,66.02,68.18,76.8,73.16,74.04,67.32,65.65,63.31,66.33,63.9,62.63,61.19,60.58,62.55
CZE,water_withdrawal,,,,0.91,1.12,1.35,1.09,0.8,0.75,0.69,0.62,0.53,0.98,0.97,1.1,1.23,1.38,1.51,1.74,2.16,2.02,2.21,2.35,2.67,2.94,3.39,2.9,2.86,3.14,2.86,2.86
DEU,water_withdrawal,,2.48,2.29,2.06,1.81,1.56,1.28,0.97,0.67,0.68,0.69,1.88,1.63,2.17,1.93,1.9,1.76,1.8,2.07,2.08,1.76,2.19,2.53,2.63,2.75,3.21,3,3.32,4.3,4.17,4.17
DJI,water_withdrawal,48.57,43.55,39.09,35.1,31.51,28.26,25.31,22.62,20.15,17.88,15.79,15.79,15.79,15.79,15.79,15.79,15.79,15.79,15.79,15.79,15.79,15.79,15.79,15.79,15.79,15.79,15.79,15.79,15.79,15.79,15.79
DMA,water_withdrawal,,,,,,,,,,,,,,,,,,,,,5,5,5,5,5,5,5,5,5,5,5
DNK,water_withdrawal,36.88,35.84,34.7,33.44,32.03,30.45,33.83,39.57,34.07,30.41,25.92,25.36,24.73,25.62,28.99,27.14,33.77,20.59,35.48,35.25,33.6,32.82,26.04,40.09,43.32,47.75,52.07,53.33,59.62,53.58,54.01
DOM,water_withdrawal,,,,,,,,,,,86.33,85.39,84.49,83.63,82.81,82.03,81.5,81.02,80.59,80.21,79.86,80.69,81.44,82.12,82.74,83.31,83.31,83.31,83.31,83.31,83.31
DZA,water_withdrawal,60,60.08,60.17,60.24,60.31,60.38,60.45,60.52,60.58,60.63,60.69,60.13,60.02,59.91,59.81,59.72,59.64,59.56,59.48,59.41,59.35,59.29,59.23,61.6,63.8,65.85,64.14,63.76,63.76,63.76,63.76
ECU,water_withdrawal,,,,,,,,,,,86.2,85.2,84.23,83.27,82.34,81.43,81.43,81.43,81.43,81.43,81.43,81.43,81.43,81.43,81.43,81.43,81.43,81.43,81.43,81.43,81.43
EGY,water_withdrawal,,,,86.03,86.09,86.14,86.2,86.25,86.3,86.34,86.38,86.33,86.28,86.22,86.17,86.12,86.08,86.03,85.98,85.94,85.9,85,85.06,85.07,84.83,84.37,84.27,79.16,79.16,79.16,79.16
ERI,water_withdrawal,,,,,,,,,,,70.15,77.93,84.39,89.84,94.5,94.5,94.5,94.5,94.5,94.5,94.5,94.5,94.5,94.5,94.5,94.5,94.5,94.5,94.5,94.5,94.5
ESP,water_withdrawal,63.7,64.23,64.77,65.32,65.89,66.47,67.06,67.66,66.68,65.74,64.83,64.46,64.12,63.96,63.07,64.38,64.15,65.16,64.55,66.23,66.32,67.64,69.51,65.7,66.85,65.75,65.23,65.82,65.27,65.3,65.33
EST,water_withdrawal,,,,,,0.59,0.99,1.37,1.74,2.1,2.45,2.65,2.12,3.3,4.59,0.85,0.64,0.41,0.26,0.31,0.23,0.23,0.27,0.28,0.29,0.31,0.25,0.25,0.29,0.48,0.57
ETH,water_withdrawal,,,,,,,,,,,,,93.63,91.73,90.24,89.05,89.38,89.68,89.97,90.26,90.52,90.77,91,91.23,91.44,91.64,91.82,91.84,91.84,91.84,91.84
FIN,water_withdrawal,0.85,1.09,1.31,1.53,1.73,1.93,1.93,1.93,1.93,1.93,2.13,2.15,2.17,2.18,2.2,2.22,1.25,4.99,6.36,7.71,9.06,10.39,11.66,12.91,14.28,15.55,17.39,17.39,14.29,28.57,28.57
FJI,water_withdrawal,60.54,60.66,60.76,60.84,60.91,60.98,61.03,61.08,61.12,61.16,61.2,60.72,60.26,59.79,59.34,58.89,58.89,58.89,58.89,58.89,58.89,58.89,58.89,58.89,58.89,58.89,58.89,58.89,58.89,58.89,58.89
FRA,water_withdrawal,12.96,12.68,12.54,12.3,12.03,11.74,11.41,11.04,12.39,13.67,14.89,14.57,13.26,16.25,15.16,13.86,14.38,12.52,8.9,11.04,10.61,10.07,10.38,10.22,7.74,11.43,11.77,10.92,11.09,12.14,13.94
GAB,water_withdrawal,16.33,18.96,21.29,23.38,25.26,26.96,28.51,29.92,31.21,32.4,33.5,32.48,31.53,30.63,29.78,28.97,28.97,28.97,28.97,28.97,28.97,28.97,28.97,28.97,28.97,28.97,28.97,28.97,28.97,28.97,28.97
GBR,water_withdrawal,5.54,7.29,9.03,10.76,12.49,14.22,14.5,14.78,15.06,15.33,11.99,12.08,9.39,10.17,13.75,13.98,11.09,15.62,13.65,13.08,14.78,12.89,12.77,13.81,14.6,15.43,14.05,14.05,14.05,14.05,14.05
GEO,water_withdrawal,,,60.53,61.47,62.51,63.66,64.96,66.43,68.11,70.03,72.27,69.58,66.82,64.01,61.13,58.19,58.19,58.19,58.19,54.87,51.43,47.88,44.21,40.41,36.48,32.4,28.17,35.39,35.46,37.59,42.8
GHA,water_withdrawal,64.49,64.73,64.96,65.17,65.37,65.57,65.75,65.92,66.09,66.25,66.4,67.2,67.96,68.68,69.37,70.03,70.65,71.24,71.81,72.35,72.87,73.2,73.39,74.13,74.78,72.57,73.06,73.06,73.06,73.06,73.06
GIN,water_withdrawal,80.94,78.76,76.51,74.17,71.74,69.22,66.6,63.87,61.03,58.07,54.98,52.55,53.65,54.68,55.63,56.51,57.63,58.7,59.7,60.65,61.56,62.42,63.23,64.01,64.76,65.47,66.14,66.79,67.42,67.42,67.42
GMB,water_withdrawal,54.13,52.48,51.05,49.79,48.69,47.71,46.83,46.04,45.32,44.67,43.31,42.28,41.29,40.35,39.44,38.58,38.58,38.58,38.58,38.58,38.58,38.58,38.58,38.58,38.58,38.58,38.58,38.58,38.58,38.58,38.58
GNB,water_withdrawal,,36.14,69.59,76.54,79.54,81.22,82.29,82.29,82.29,82.29,82.29,80.9,79.56,78.26,77.01,75.79,75.79,75.79,75.79,75.79,75.79,75.79,75.79,75.79,75.79,75.79,75.79,75.79,75.79,75.79,75.79
GNQ,water_withdrawal,5.91,5.89,5.87,5.85,5.83,5.81,5.8,5.78,5.77,5.76,5.75,5.59,5.45,5.31,5.18,5.05,5.05,5.05,5.05,5.05,5.05,5.05,5.05,5.05,5.05,5.05,5.05,5.05,5.05,5.05,5.05
GRC,water_withdrawal,97.94,88.68,98.28,88.35,88.05,97.6,87.57,87.41,88.06,88.66,89.2,89.05,90.94,88.57,89.35,90.11,88.83,87.83,87.21,86.6,85.99,85.37,83.37,83.46,83.52,83.6,79.98,80,80.09,80.15,80.09
GRD,water_withdrawal,,,,,,,,,,,,,,,,21.53,20.54,19.62,18.79,18.01,17.3,16.63,16.01,15.43,14.89,14.89,14.89,14.89,14.89,14.89,14.89
GTM,water_withdrawal,,,,,,,,,,,,60.64,59.65,58.78,58.02,57.34,56.74,56.74,56.74,56.74,56.74,56.74,56.74,56.74,56.74,56.74,56.74,56.74,56.74,56.74,56.74
GUY,water_withdrawal,,,98.49,98.36,98.24,98.12,98,97.89,97.77,97.67,97.56,97.02,96.48,95.92,95.35,94.77,94.69,94.61,94.52,94.44,94.34,94.34,94.34,94.34,94.34,94.34,94.34,94.34,94.34,94.34,94.34
HND,water_withdrawal,,,,,,,,,,,,,,73.3,73.3,73.3,73.3,73.3,73.3,73.3,73.3,73.3,73.3,73.3,73.3,73.3,73.3,73.3,73.3,73.3,73.3
HRV,water_withdrawal,,,,,,,,,,,,,1.03,0.93,1.2,0.99,0.84,0.49,0.98,1.59,6.88,6.69,6.62,6.83,6.91,6.98,6.87,7.65,7.71,7.62,7.52
HTI,water_withdrawal,,94.36,93.34,92.45,91.68,91,90.39,89.79,89.21,88.63,88.06,87.51,86.96,86.42,85.89,85.37,84.86,84.36,83.87,83.38,83.38,83.38,83.38,83.38,83.38,83.38,83.38,83.38,83.38,83.38,83.38
HUN,water_withdrawal,19.26,16.23,13.3,12.04,10.68,9.2,7.58,7.31,7.03,7.68,12.13,12.25,11.88,11.62,10.47,5.65,5.51,5.52,5.67,5.84,6.01,6.19,6.37,8.65,11.16,12.71,9.99,11.06,10.81,11.17,11.76
IDN,water_withdrawal,93.13,91.5,90.03,88.69,87.46,86.34,85.3,84.35,83.47,82.64,81.88,80.44,79.22,78.17,77.26,76.46,77.6,78.66,79.65,80.58,81.45,82.27,83.04,83.76,84.45,84.83,85.21,85.21,85.21,85.21,85.21
IND,water_withdrawal,92,91.94,91.88,91.82,91.77,91.71,91.66,91.62,91.57,91.52,91.48,91.35,91.23,91.11,90.99,90.89,90.78,90.68,90.59,90.5,90.41,90.41,90.41,90.41,90.41,90.41,90.41,90.41,90.41,90.41,90.41
IRL,water_withdrawal,14.4,14.61,14.82,15.02,15.22,15.08,14.93,14.77,14.61,14.43,14.25,14.05,13.84,12.79,11.81,14.11,11.43,13.79,10.92,11.71,8.96,8.14,7.36,6.38,5.5,4.92,4.2,3.07,2.25,2.3,2.46
IRN,water_withdrawal,,,,91.61,91.58,91.57,92.03,92.49,92.93,93.36,93.79,93.37,92.96,92.56,92.18,92.18,92.18,92.18,92.18,92.18,92.18,92.18,92.18,92.18,92.18,92.18,92.18,92.18,92.18,92.18,92.18
IRQ,water_withdrawal,92.01,90.08,88.33,86.75,85.31,83.99,82.78,81.66,80.63,79.68,78.79,79.35,79.95,80.59,81.27,81.99,82.76,83.58,84.47,85.42,86.45,87.55,88.76,90.07,91.5,91.49,91.49,87.81,91.48,78.12,72.57
ISL,water_withdrawal,3.57,22.74,41.92,42.04,42.17,42.3,42.42,42.55,42.68,42.81,42.94,42.68,42.42,42.42,42.42,32.11,23.55,16.32,10.13,4.79,0.11,0.1,0.1,0.07,0.07,0.11,0.12,0.11,0.11,0.11,0.11
ISR,water_withdrawal,67.41,67.41,67.41,67.41,67.41,67.41,65.67,63.98,62.33,60.72,59.15,57.5,55.76,56.18,57.78,57.31,56.84,56.35,55.85,55.34,57.32,56.31,55.33,54.4,53.5,52.64,55.61,43.35,51.65,51.38,49.79
ITA,water_withdrawal,53.91,52.86,51.83,50.83,49.85,48.89,47.96,47.04,46.15,44.6,44.09,43.49,42.83,42.12,41.34,40.5,39.48,38.36,25.26,42.21,44.09,45.95,47.81,49.71,49.72,49.73,49.85,49.98,50.1,50.13,50.16
JAM,water_withdrawal,,,,75,73.62,72.23,70.81,69.37,67.91,66.43,64.93,63.4,61.85,60.27,58.67,57.05,50.12,44.31,39.11,34.61,30.67,27.18,24.08,21.31,18.81,16.36,8.42,9.91,12.05,15.4,21.37
JOR,water_withdrawal,74.94,74.92,74.9,73.98,73.02,72.01,70.96,69.86,68.7,67.49,66.22,63.58,64.38,62.94,62.91,64.96,64.12,63.2,61.85,57.94,56.1,56.93,54.42,53.39,53.47,51.03,53.13,52.37,52.25,51.65,51.65
JPN,water_withdrawal,64.43,64.27,64.11,64.68,65.26,65.85,65.5,65.15,64.53,63.91,63.29,64.7,66.21,66.1,65.99,65.87,65.75,65.68,66.25,66.83,66.92,67.02,67.11,67.21,67.31,67.4,67.5,67.72,67.64,67.98,67.94
KAZ,water_withdrawal,,,,80.94,81.17,81.41,79.42,77.07,74.28,70.88,66.66,67.25,68.13,68.32,68.9,71.27,62.93,63.4,58.92,60.62,59.13,59.7,58.38,60.76,57.8,61.07,61.05,61.84,63.58,66.8,62.69
KEN,water_withdrawal,76.43,75.52,74.56,73.55,72.49,71.38,70.2,68.95,67.63,66.23,64.75,69.3,72.74,75.43,72.39,69.66,67.19,64.94,62.88,61,59.26,59.26,59.26,59.26,59.26,59.26,80.21,80.21,80.21,80.21,80.21
KGZ,water_withdrawal,,,,,94.15,94.08,94.02,93.95,93.88,93.82,93.75,93.65,93.54,93.42,93.29,93.16,93.01,92.94,92.88,92.82,92.75,92.69,92.69,92.69,92.69,92.69,92.69,92.69,92.69,92.69,92.69
KHM,water_withdrawal,,,,,,,,,,,,,,,,,94,94,94,94,94,94,94,94,94,94,94,94,94,94,94
KNA,water_withdrawal,,,,,,,,,,,,,,,,,,,,,,,1.28,1.28,1.28,1.28,1.28,1.28,1.28,1.28,1.28
KOR,water_withdrawal,68.55,67.15,65.85,64.64,63.49,62.3,61.17,60.1,61.16,61.53,61.9,58.35,55.21,56.08,57.21,54.66,58.3,58.21,58.12,58.03,57.95,57.86,57.77,57.68,57.6,59.19,58.93,58.93,58.93,58.93,58.93
KWT,water_withdrawal,,,,60.22,57.54,56.63,55.85,55.18,54.58,54.06,53.59,53.73,53.87,53.64,53.44,53.24,53.93,54.6,55.25,55.88,56.49,57.09,57.67,58.23,58.78,59.32,60.51,62.27,62.27,62.27,62.27
LAO,water_withdrawal,,,,,,,,,,,,,,,,91.41,92.4,93.18,93.82,94.34,94.79,95.17,95.5,95.78,96.04,96.18,96.08,95.9,95.9,95.92,95.92
LBN,water_withdrawal,69.99,69.37,68.78,68.21,67.67,67.04,66.43,65.85,65.28,64.73,64.2,63.33,62.44,61.51,60.54,59.54,56.64,53.95,51.46,49.15,46.98,44.96,43.07,41.29,39.62,38.04,38.04,38.04,38.04,38.04,38.04
LBR,water_withdrawal,48.27,44.37,40.47,36.57,32.68,28.79,24.91,21.02,17.15,13.27,9.4,9.19,8.99,8.79,8.61,8.43,8.43,8.43,8.43,8.43,8.43,8.43,8.43,8.43,8.43,8.43,8.43,8.43,8.43,8.43,8.43
LBY,water_withdrawal,89.92,89.19,88.46,87.72,86.96,86.31,85.64,84.96,84.27,83.57,82.85,82.85,82.85,82.85,82.85,82.85,82.9,82.96,83.01,83.06,83.1,83.15,83.19,83.19,83.19,83.19,83.19,83.19,83.19,83.19,83.19
LCA,water_withdrawal,,,,,,,,,,,,,,,,,,70.86,70.86,70.86,70.86,70.86,70.86,70.86,70.86,70.86,70.86,70.86,70.86,70.86,70.86
LKA,water_withdrawal,96.01,95.52,95.06,94.64,94.23,93.85,93.49,93.15,92.83,92.52,92.23,91.26,90.29,89.32,88.34,87.36,87.36,87.36,87.36,87.36,87.36,87.36,87.36,87.36,87.36,87.36,87.36,87.36,87.36,87.36,87.36
LSO,water_withdrawal,45.63,41.99,38.25,34.41,30.46,26.4,22.23,17.93,13.51,8.96,8.68,8.68,8.68,8.68,8.68,8.68,8.68,8.68,8.68,8.68,8.68,8.68,8.68,8.68,8.68,8.68,8.68,8.68,8.68,8.68,8.68
LTU,water_withdrawal,,,,,,0.18,0.25,0.34,0.43,0.54,0.67,1.91,2.64,3.48,3.68,3.42,4.47,3.61,5.51,6.18,6.81,7.71,9.11,11.59,16.19,15.6,19.26,22.74,22.46,22.46,22.46
LUX,water_withdrawal,,,,,,0.35,0.35,0.34,0.34,0.33,0.32,0.31,0.31,0.3,0.29,0.28,0.27,0.26,0.24,0.23,0.21,1.03,0.45,0.7,0.66,1.56,0.68,0.88,0.96,1.22,0
LVA,water_withdrawal,,,,,,8.61,9.74,11.02,12.46,14.1,16,16.68,20.76,21.07,17.3,21.89,22.19,23.19,21.47,19.86,18.37,16.98,15.68,14.65,22,27.82,31.26,31.16,29.93,29.75,30.53
MAR,water_withdrawal,89.16,90.74,92.17,91.33,89.21,87.78,89.14,88.65,88.19,87.75,87.31,80.44,74.58,75.79,77.09,78.5,80.03,81.71,83.54,85.55,87.78,87.78,87.78,87.78,87.78,87.78,87.78,87.78,87.78,87.78,87.78
MCO,water_withdrawal,0,0,0,0,0,0,0,0,0,0,0,0,0,0,0,0,0,0,0,0,0,0,0,0,0,0,0,0,0,0,0
MDA,water_withdrawal,,,39.48,36.1,32.28,27.96,23,21.59,20.11,18.57,16.95,15.5,13.93,12.22,10.35,8.3,6.05,3.56,3.75,3.95,4.16,4.28,4.4,4.42,5.02,5.24,5.1,5,5.14,5.24,6.88
MDG,water_withdrawal,98.42,98.31,98.21,98.09,97.98,97.86,97.75,97.62,97.5,97.37,97.24,97.11,96.98,96.85,96.73,96.6,95.89,95.89,95.89,95.89,95.89,95.89,95.89,95.89,95.89,95.89,95.89,95.89,95.89,95.89,95.89
MDV,water_withdrawal,0,0,0,0,0,0,0,0,0,0,0,0,0,0,0,0,0,0,0,0.14,0.27,0.41,0.55,0.68,0.82,0.96,1.09,1.23,1.37,1.5,3.02
MEX,water_withdrawal,,,,,,95.94,93.61,91.32,89.08,86.87,84.7,76.45,77.27,76.17,76.16,76.73,76.84,76.72,76.69,76.67,76.68,76.69,76.57,75.72,76.72,76.3,76.29,76.05,75.72,75.71,75.74
MKD,water_withdrawal,,,,,,,68.55,66.85,64.49,61,55.35,48.14,44.44,42.37,25.42,22.06,21.52,22.77,40.34,47.57,48.5,44.35,79.3,31.53,39.4,31.3,18.95,46.15,14.19,23.4,61.68
MLI,water_withdrawal,97.6,97.72,97.81,97.89,97.95,98,98.05,98.08,98.11,98.14,98.16,98.18,98.11,98.05,97.99,97.92,97.86,97.86,97.86,97.86,97.86,97.86,97.86,97.86,97.86,97.86,97.86,97.86,97.86,97.86,97.86
MLT,water_withdrawal,,,,,,12.5,16.34,20.16,23.94,27.7,31.44,35.17,35.04,32.1,33.46,34.17,37.3,43.2,44.18,42.49,48.57,54.54,60.4,64.02,44.29,41.1,40.61,42.42,39.75,36.51,37.95
MMR,water_withdrawal,96.1,95.3,94.53,93.78,93.05,92.33,91.63,90.95,90.28,89.63,89,88.91,88.82,88.73,88.64,88.56,88.56,88.56,88.56,88.56,88.56,88.56,88.56,88.56,88.56,88.56,88.56,88.56,88.56,88.56,88.56
MNE,water_withdrawal,,,,,,,,,,,,,,,,,5.42,3.9,1.06,1.06,1.06,1.06,1.06,1.06,1.06,1.06,1.06,1.06,1.06,1.06,1.06
MNG,water_withdrawal,,,,53.04,51.94,50.88,49.86,48.89,47.94,47.03,46.16,45.31,44.49,43.7,42.94,42.2,41.48,42.31,43.12,43.92,46.31,48.88,51.67,54.7,58,61.62,54.26,54.26,54.26,54.26,54.26
MOZ,water_withdrawal,89.26,87.66,86.2,84.85,83.59,82.43,81.35,80.35,79.4,78.52,77.69,76.38,75.53,74.76,74.05,73.41,73.36,73.32,73.28,73.24,73.2,73.17,73.13,73.1,73.08,73.05,73.05,73.05,73.05,73.05,73.05
MRT,water_withdrawal,92.64,92.75,92.85,92.95,93.05,93.16,93.26,93.37,93.47,93.58,93.68,93.08,92.42,91.71,90.93,90.58,90.58,90.58,90.58,90.58,90.58,90.58,90.58,90.58,90.58,90.58,90.58,90.58,90.58,90.58,90.58
MUS,water_withdrawal,76.89,76.44,76.01,75.59,75.19,74.8,74.8,74.8,74.8,74.8,74.8,72.16,69.82,67.72,67.58,67.44,66.42,67.14,67.1,63.13,62.44,62.35,62.71,61.68,60.16,56.05,57.03,55.84,51.01,50.33,50.16
MWI,water_withdrawal,,,,,86.43,86.57,86.7,86.81,86.92,87.01,87.1,87.12,87.14,86.74,86.34,85.94,85.94,85.94,85.94,85.94,85.94,85.94,85.94,85.94,85.94,85.94,85.94,85.94,85.94,85.94,85.94
MYS,water_withdrawal,82.04,78.15,73.61,68.22,61.74,53.78,45.65,45.65,45.65,45.65,45.65,45.65,45.65,45.65,45.65,45.65,45.65,45.65,45.65,45.65,45.65,45.65,45.65,45.65,45.65,45.65,45.65,45.65,45.65,45.65,45.65
NAM,water_withdrawal,69.67,68.27,68.77,69.25,69.71,70.15,70.56,70.96,71.35,71.72,71,70.41,69.79,69.79,69.79,69.79,69.79,69.79,69.79,69.79,69.79,69.79,69.79,69.79,69.79,69.79,69.79,69.79,69.79,69.79,69.79
NER,water_withdrawal,78.21,76.61,75.17,73.86,72.67,71.58,70.59,69.67,68.82,68.03,67.3,67.17,67.06,66.95,66.84,66.74,71.51,75.93,80.04,83.87,87.46,90.82,93.97,90.48,87.6,88.53,87.91,86.41,90.87,91.02,91.02
NGA,water_withdrawal,64.19,62.62,61.21,59.92,58.75,57.68,56.7,55.8,54.96,54.18,53.46,52.18,50.96,49.79,48.67,47.61,46.88,46.17,45.48,44.82,44.17,44.17,44.17,44.17,44.17,44.17,44.17,44.17,44.17,44.17,44.17
NIC,water_withdrawal,,,,,,,,,83.81,83.15,82.54,81.97,81.02,80.08,79.17,78.27,77.74,77.21,76.7,77.47,78.27,79.08,79.72,80.4,81.09,81.82,82.58,83.37,84.19,85.09,85.04
NLD,water_withdrawal,,2.3,2.64,3,3.38,3.8,3.53,2.78,2.13,1.56,1.05,0.6,0.55,1.61,0.8,0.65,1.08,0.66,0.67,0.86,1.12,1.1,0.56,1.08,0.93,1.26,0.95,1.51,3.73,3.02,3.7
NOR,water_withdrawal,,,,,,,30.17,31.01,31.88,32.76,31.99,34.17,31.63,28.91,31.65,26.73,28.75,27.92,28.79,29.72,30.11,30.52,30.93,30.68,30.4,31.14,31.9,31.39,31.42,31.45,31.47
NPL,water_withdrawal,,,,,,,,,,,97.46,97.6,97.73,97.87,98,98.14,98.14,98.14,98.14,98.14,98.14,98.14,98.14,98.14,98.14,98.14,98.14,98.14,98.14,98.14,98.14
NZL,water_withdrawal,44,44,44,44,44,44,44,44,44,44,65.93,63.48,61.65,60.25,59.13,58.21,57.46,58.55,59.62,60.66,61.66,62.39,63.13,63.89,64.67,65.47,66.29,66.1,65.73,65.59,65.59
OMN,water_withdrawal,,93.87,93.45,93.04,92.64,92.25,91.87,91.5,91.14,90.79,90.44,89.78,89.11,88.42,88.07,87.74,87.45,87.17,86.91,86.67,86.44,86.23,86.03,85.84,84.68,82.64,82.64,82.64,82.59,80.78,80.78
PAK,water_withdrawal,96.86,96.79,96.48,96.18,95.89,95.61,95.33,95.06,94.8,94.54,94.29,94.29,94.3,94.3,94.31,94.31,94.2,94.09,93.98,93.98,93.98,93.98,93.98,93.98,93.98,93.98,93.98,93.98,93.98,93.98,93.98
PAN,water_withdrawal,,,,,,,,,,,,,,,,,,,,,43.01,41.5,40.15,38.94,38.76,35.73,36.83,36.83,36.83,36.83,36.83
PER,water_withdrawal,,,,,,,,,,,,,,,,,,,88.73,88.02,87.51,87.12,86.81,86.56,86.35,86.17,86.02,85.89,85.77,85.08,85.08
PHL,water_withdrawal,,,,,,,,,,,,,,,,,83.13,82.45,81.48,82.23,81.52,80.78,80.61,80.43,81.22,78.63,77.48,74.04,73.75,78.85,77.56
PNG,water_withdrawal,,,,,,,,,,,0.37,0.34,0.31,0.29,0.27,0.26,0.26,0.26,0.26,0.26,0.26,0.26,0.26,0.26,0.26,0.26,0.26,0.26,0.26,0.26,0.26
POL,water_withdrawal,11.89,11.08,10.23,9.84,9.45,9.04,8.75,8.46,8.51,8.56,8.61,8.51,9.45,8.59,9.15,9.5,9.56,9.33,10.28,10.06,10.61,10.29,9.6,10.07,9.88,9.44,9.95,10.1,13.85,14.09,15.08
PRK,water_withdrawal,,,,,,,,,,,77.26,77.08,76.89,76.71,76.53,76.35,76.35,76.35,76.35,76.35,76.35,76.35,76.35,76.35,76.35,76.35,76.35,76.35,76.35,76.35,76.35
PRT,water_withdrawal,,59.3,66.85,72.48,76.83,77.8,78.08,78.39,78.73,77.83,76.89,75.92,74.9,73.83,72.7,71.53,71.89,68.12,69.38,68.37,67.05,65.63,64.53,63.08,61.5,59.8,57.8,55.48,56.99,55.76,55.76
PRY,water_withdrawal,76.33,75.79,75.27,74.75,74.25,73.76,73.27,72.8,72.33,71.88,71.43,72.9,73.77,74.35,74.76,75.07,75.31,75.5,75.65,76.33,76.91,77.41,78.62,78.62,78.62,78.62,78.62,78.62,78.62,78.62,78.62
PSE,water_withdrawal,,,,,,,,,,,60,59.86,51.4,49.93,46.79,45.22,45.22,45.22,45.22,45.22,45.22,45.22,45.22,45.22,45.22,45.22,45.22,43.18,45.06,45.61,48.13
QAT,water_withdrawal,,,,,73.92,73.5,73.08,72.67,72.26,71.85,71.45,68.04,65.21,62.82,60.78,59.01,53.78,49.32,45.23,42.26,40.76,39.32,38.64,36.41,35.14,28.3,31.96,26.96,41.37,35.82,36.44
ROU,water_withdrawal,44.59,44.68,44.78,44.88,41.54,37.38,31.48,23.92,26.1,26.56,9.74,11.24,12.93,15.08,9.88,8.1,9.76,15.96,14.96,17.03,11.9,14.61,16.86,17.68,17.43,19.97,19.5,22.01,22.24,23.05,30.83
RUS,water_withdrawal,,,,,19.84,19.88,19.92,19.96,20,20.04,20.09,19.94,19.94,19.94,19.94,19.94,19.94,19.94,19.94,19.94,19.94,19.94,19.94,19.94,26.38,28.02,28.08,28.97,28.76,28.76,28.76
RWA,water_withdrawal,,,,,,,,,,,68,67.84,67.72,67.62,67.54,67.47,66.32,65.35,64.53,63.83,63.22,62.68,62.21,61.79,61.41,61.07,60.77,60.49,60.23,59.02,60.03
SAU,water_withdrawal,,,89.95,89.62,89.31,89.01,88.73,88.46,88.2,87.96,87.73,87.87,88.01,88.15,88.28,88.14,88,87.38,86.73,86.06,85.36,84.63,83.86,83.73,83.75,83.88,82.69,82.23,81.56,81.56,81.56
SDN,water_withdrawal,,,,,,,,,,,,,,,,,,,,,,,96.19,96.19,96.19,96.19,96.19,96.19,96.19,96.19,96.19
SEN,water_withdrawal,91.45,91.28,91.12,90.96,90.8,90.65,90.5,90.36,90.21,90.07,89.94,91.71,92.98,92.68,92.39,92.1,91.82,91.54,91.27,91,90.73,90.47,90.21,89.96,89.71,89.46,89.22,88.98,91.11,91.31,91.31
SGP,water_withdrawal,1.22,1.19,1.16,1.14,1.12,1.1,1.09,1.07,1.06,1.04,1.03,1.01,0.99,0.97,0.96,0.94,1.04,1.15,1.28,1.43,1.62,1.86,2.17,2.57,3.14,4,4,4,4,4,4
SLE,water_withdrawal,71.12,58.56,36.27,34.14,32.24,30.55,29.02,27.64,26.39,25.24,24.19,23.61,23.06,22.53,22.02,21.54,21.54,21.54,21.54,21.54,21.54,21.54,21.54,21.54,21.54,21.54,21.54,21.54,21.54,21.54,21.54
SLV,water_withdrawal,,,46.09,48.03,49.62,50.95,52.07,53.03,53.86,54.59,55.24,58.66,61.48,63.84,65.84,67.56,66.81,65.99,65.09,64.12,63.05,61.87,60.56,59.1,57.47,54.82,52.28,48.82,45.63,41.73,37.4
SOM,water_withdrawal,98.5,98.75,98.94,99.1,99.23,99.34,99.43,99.51,99.58,99.64,99.7,99.63,99.56,99.48,99.48,99.48,99.48,99.48,99.48,99.48,99.48,99.48,99.48,99.48,99.48,99.48,99.48,99.48,99.48,99.48,99.48
SRB,water_withdrawal,,,,,,,,,,,,,,,,,3.26,3.24,18.21,13.39,14.68,14.16,16.14,15.23,16.03,15.41,13.48,12.29,12.82,12.62,12.41
SSD,water_withdrawal,,,,,,,,,,,,,,,,,,,,,,,36.47,36.47,36.47,36.47,36.47,36.47,36.47,36.47,36.47
STP,water_withdrawal,,,,,,,,,,,,,,,,,,,,,,,,,,,62.59,62.59,62.59,62.59,62.59
SUR,water_withdrawal,90.17,90.47,90.75,91.02,91.28,91.51,91.74,91.96,92.16,92.35,92.54,89.04,85.44,81.74,77.94,74.02,70,70,70,70,70,70,70,70,70,70,70,70,70,70,70
SVK,water_withdrawal,,,,8.48,7.75,6.93,6.05,5.11,5.94,6.83,7.79,6.17,5.12,8.29,3.23,2.6,3.49,3.27,2.74,4.14,3.07,4.11,4.61,5.12,4.09,5.52,3.89,5.68,4.6,5.23,5.32
SVN,water_withdrawal,,,,,,,,,,,,,0.73,0.7,0.5,0.25,0.68,0.49,0.25,0.27,0.17,0.34,0.25,0.31,0.16,0.39,0.37,0.42,0.31,0.32,0.3
SWE,water_withdrawal,5.39,5.62,5.85,5.69,5.52,5.35,5.44,5.53,5.55,5.56,5.58,5.05,5.04,5.06,5.07,4.07,4.07,4.07,3.93,3.78,3.64,3.56,3.46,3.37,3.27,3.16,3.48,3.81,4.16,4.54,4.11
SWZ,water_withdrawal,96.29,96.32,96.35,96.38,96.41,96.43,96.46,96.48,96.5,96.52,96.55,96.07,95.59,95.12,94.66,94.19,94.19,94.19,94.19,94.19,94.19,94.19,94.19,94.19,94.19,94.19,94.19,94.19,94.19,94.19,94.19
SYC,water_withdrawal,7.55,7.53,7.51,7.49,7.47,7.46,7.18,7.13,7.08,7.03,6.98,7.09,7.33,7.32,6.92,6.57,6.57,6.57,6.57,6.57,6.57,6.57,6.57,6.57,6.57,6.57,6.57,6.57,6.57,6.57,6.57
SYR,water_withdrawal,,,,89.52,89.6,89.24,89.09,89,88.89,88.45,87.51,87.95,88.09,87.89,87.71,87.53,87.53,87.53,87.53,87.53,87.53,87.53,87.53,87.53,87.53,87.53,87.53,87.53,87.53,87.53,87.53
TCD,water_withdrawal,79.24,78.83,78.5,78.24,78.03,77.86,77.71,77.58,77.47,77.37,77.29,77.68,78.04,77.49,76.95,76.42,76.42,76.42,76.42,76.42,76.42,76.42,76.42,76.42,76.42,76.42,76.42,76.42,76.42,76.42,76.42
TGO,water_withdrawal,33.12,35.19,37.05,38.73,40.26,41.66,42.94,44.12,45.21,46.22,47.15,46.06,44.97,40.64,37.07,34.08,34.08,34.08,34.08,34.08,34.08,34.08,34.08,34.08,34.08,34.08,34.08,34.08,34.08,34.08,34.08
THA,water_withdrawal,,,,,,,,,,,,,,,,,,90.37,90.37,90.37,90.37,90.37,90.37,90.37,90.37,90.37,90.37,90.37,90.37,90.37,90.37
TJK,water_withdrawal,,,,,92.31,92.41,92.51,92.63,92.76,92.89,67.88,92.6,92.19,91.81,91.46,91.13,90.82,90.86,90.9,90.94,90.99,91.04,91.09,91.15,91.21,87.96,81.08,64.92,75.49,69.59,74.53
TKM,water_withdrawal,,,,,97.95,97.7,97.46,97.22,96.98,96.75,96.52,96.52,96.52,96.52,94.3,94.3,94.3,94.3,94.3,94.3,94.3,94.3,94.3,94.3,94.3,94.3,94.3,94.3,94.3,59.02,61.42
TLS,water_withdrawal,,,,,,,,,,,,,,,91.38,91.38,91.38,91.38,91.38,91.38,91.38,91.38,91.38,91.38,91.38,91.38,91.38,91.38,91.38,91.38,91.38
TTO,water_withdrawal,,,,,,,,5.25,5.31,5.36,5.41,5.18,4.96,4.75,4.55,4.35,4.35,4.35,4.35,4.35,4.36,4.36,4.36,4.36,4.36,4.36,4.36,4.36,4.36,4.36,4.36
TUN,water_withdrawal,88.72,88.13,87.53,86.91,86.27,85.61,84.94,84.24,83.52,82.78,82.01,82.01,81.78,81.56,81.34,81.13,80.93,80.73,80.54,80.36,80.18,80,79.8,79.61,79.42,79.25,79.09,74.42,76.28,76.38,75.54
TUR,water_withdrawal,,,72.47,74.28,76.03,77.7,79.3,80.85,82.33,83.76,80.01,81.35,78.73,76.25,83.15,83.26,83.37,84.35,80.93,85.81,85.75,86.15,86.06,85.86,85.19,86.71,87.57,87.05,87.12,87.32,86.99
TZA,water_withdrawal,,,,,70.02,76.45,80.42,83.1,85.05,86.52,87.67,88.59,89.35,89.35,89.35,89.35,89.35,89.35,89.35,89.35,89.35,89.35,89.35,89.35,89.35,89.35,89.35,89.35,89.35,89.35,89.35
UGA,water_withdrawal,41.9,41.28,40.67,40.09,39.52,38.96,38.42,37.9,37.39,36.89,36.41,34.72,33.19,35.14,36.69,37.96,39.01,39.9,40.66,40.66,40.66,40.66,40.66,40.66,40.66,40.66,40.66,40.66,40.66,40.66,40.66
UKR,water_withdrawal,,,30.25,30.23,30.2,30.17,30.15,30.12,30.08,30.04,30.01,30,30,30,30,30.01,30,30,30,30,29.99,30.89,31.89,33.04,34.35,31.05,32.1,41.56,41.56,39.57,30.99
URY,water_withdrawal,86.9,86.87,86.83,86.8,86.77,86.74,86.71,86.68,86.66,86.63,86.61,86.61,86.61,86.61,86.61,86.61,86.61,86.61,86.61,86.61,86.61,86.61,86.61,86.61,86.61,86.61,86.61,86.61,86.61,86.61,86.61
USA,water_withdrawal,34.81,34.85,34.88,34.91,34.94,34.97,35.01,35.04,35.07,35.1,35.13,34.93,34.73,34.52,34.32,34.12,34.46,34.83,35.21,35.62,36.06,36.73,37.42,38.14,38.89,39.66,39.66,39.66,39.66,39.66,39.66
UZB,water_withdrawal,,,,,93.65,93.17,92.7,92.24,91.78,91.32,90.87,90.43,90.33,90.22,90.11,90,90.16,90.32,90.49,90.66,90.83,91.01,91.19,91.37,91.55,92.08,91.66,92.29,92.28,92.26,92.11
VCT,water_withdrawal,,,,,,79.04,75.28,71.45,67.56,63.6,59.57,55.47,51.29,47.05,42.72,38.32,33.84,29.27,24.62,19.88,15.05,10.13,5.11,0,0,0,0,0,0,0,0
VEN,water_withdrawal,44.21,44.16,44.11,44.07,44.02,43.98,43.94,43.9,43.87,43.83,43.8,52.41,58.39,62.79,66.17,68.84,71.56,73.85,73.85,73.85,73.85,73.85,73.85,73.85,73.85,73.85,73.85,73.85,73.85,73.85,73.85
VNM,water_withdrawal,91.23,91.6,91.94,92.26,92.56,92.84,93.1,93.34,93.57,93.79,93.99,94.17,94.33,94.49,94.64,94.78,94.78,94.78,94.78,94.78,94.78,94.78,94.78,94.78,94.78,94.78,94.78,94.78,94.78,94.78,94.78
WORLD,water_withdrawal,,,,,,,,,,,0.67,0.67,0.67,0.67,0.67,0.67,0.68,0.69,0.69,0.7,0.7,0.7,0.71,0.71,0.72,0.72,0.72,0.72,0.72,0.72,0.72
YEM,water_withdrawal,92.09,91.85,91.62,91.39,91.18,90.97,90.76,90.56,90.37,90.18,90,90.15,90.31,90.45,90.6,90.74,90.74,90.74,90.74,90.74,90.74,90.74,90.74,90.74,90.74,90.74,90.74,90.74,90.74,90.74,90.74
ZAF,water_withdrawal,71.98,71.11,70.22,69.32,68.41,67.49,66.25,65.01,63.76,62.51,61.26,61.37,61.48,61.59,61.7,61.8,61.9,61.99,62.09,62.18,62.27,62.35,62.44,62.52,61.56,60.77,59.48,58.77,57.83,60.85,62.48
ZMB,water_withdrawal,,,76.65,76.95,77.26,76.73,76.2,75.66,75.11,74.54,73.97,73.63,73.28,73.28,73.28,73.28,73.28,73.28,73.28,73.28,73.28,73.28,73.28,73.28,73.28,73.28,73.28,73.28,73.28,73.28,73.28
ZWE,water_withdrawal,78.97,78.96,78.95,78.94,78.93,78.93,78.92,78.92,78.92,78.91,78.91,78.91,78.91,79.46,80.05,80.68,81.35,82.07,81.71,81.34,80.96,80.58,80.2,79.81,79.41,79.01,79.99,82.96,80.64,84.83,87.2
