"Time Series - CO₂ total without LULUCF, in kt",,,,,,,,,,,,,,,,,,,,,,,,,,,,,,,,,,
,,,,,,,,,,,,,,,,,,,,,,,,,,,,,,,,,,
Party,Base year,1990,1991,1992,1993,1994,1995,1996,1997,1998,1999,2000,2001,2002,2003,2004,2005,2006,2007,2008,2009,2010,2011,2012,2013,2014,2015,2016,2017,2018,2019,2020,Last Inventory Year (2021),Change from base year to latest reported year
Australia,"278.154,16","278.154,16","279.528,51","284.525,34","288.870,54","293.696,55","305.003,00","311.886,13","320.282,63","334.075,98","343.488,63","349.635,49","357.132,37","361.540,81","369.279,51","382.820,89","386.153,53","392.384,30","399.624,80","404.233,07","407.065,01","405.103,32","403.828,77","406.150,91","397.887,46","393.952,88","401.793,06","411.264,29","414.358,31","416.283,83","416.761,93","400.333,47",—,"-100,00%"
Austria,"62.167,16","62.167,16","65.765,66","60.266,15","60.692,13","61.066,64","64.044,06","67.388,55","67.285,13","66.920,03","65.671,31","66.171,72","70.171,32","71.974,94","77.401,89","77.699,21","79.097,40","76.817,41","74.117,80","73.495,47","67.315,33","72.017,32","69.909,26","67.282,92","67.776,04","64.175,90","66.365,64","67.226,57","69.608,67","66.571,89","67.956,16","62.121,25","66.018,63","6,20%"
Belarus,"108.345,06","108.345,06","104.071,66","93.482,97","80.561,82","67.879,40","60.905,64","61.734,78","61.588,41","60.073,45","57.965,51","54.905,98","54.002,98","53.844,14","55.087,99","58.253,53","59.310,29","61.743,59","60.218,14","62.836,41","60.577,74","62.445,12","61.307,59","62.545,26","64.125,56","63.648,87","58.798,91","58.134,48","59.381,85","62.156,93","62.096,34","59.055,55","60.938,20","-43,76%"
Belgium,"120.292,80","120.292,80","123.362,63","122.488,49","121.423,88","124.796,75","125.936,29","129.478,74","123.990,62","130.223,50","124.681,14","126.721,54","126.066,06","126.863,01","128.248,33","128.770,82","125.627,92","123.872,98","120.463,27","120.170,04","107.765,10","114.604,11","105.068,56","102.404,52","102.714,75","97.029,25","101.145,63","99.623,03","99.055,04","99.967,32","99.470,26","91.101,39","95.668,08","-20,47%"
Bulgaria,"89.565,27","76.637,99","61.456,34","57.306,46","58.364,02","56.367,04","57.908,99","58.460,10","55.809,07","53.115,15","46.318,48","45.413,46","48.921,86","46.099,35","50.473,68","49.525,78","50.598,17","51.836,63","55.683,72","54.022,47","45.759,65","47.808,40","53.124,75","48.289,98","42.586,73","45.161,79","48.121,02","45.336,95","47.430,59","43.479,64","42.232,71","36.533,61","42.281,88","-52,79%"
Canada,"458.503,10","458.503,10","450.159,60","464.012,83","464.554,17","479.033,00","491.825,70","508.196,66","522.577,29","530.276,27","544.482,08","567.096,10","559.147,04","564.373,84","581.427,17","579.689,42","574.763,65","568.584,51","593.755,25","576.808,66","544.139,66","556.062,10","565.254,01","565.781,73","569.539,74","566.353,02","570.680,33","557.689,73","566.651,89","577.066,28","578.587,72","522.845,30","537.173,74","17,16%"
Croatia,"22.974,68","22.974,68","16.985,25","16.369,22","16.806,46","16.049,81","16.815,70","17.343,68","18.556,53","19.011,17","20.022,37","19.660,01","20.782,30","21.887,30","23.213,13","22.884,86","23.340,03","23.546,76","24.859,72","23.594,39","21.805,31","21.018,17","20.650,18","19.081,25","18.432,19","17.681,57","17.824,70","18.109,01","18.744,00","17.724,15","17.857,45","16.870,53","17.410,63","-24,22%"
Cyprus,"4.644,86","4.644,86","5.133,21","5.505,66","5.749,30","5.991,49","5.861,93","6.211,89","6.298,29","6.592,49","6.858,75","7.104,60","6.978,50","7.169,43","7.559,65","7.788,73","7.957,32","8.185,01","8.503,49","8.715,73","8.470,19","8.101,12","7.787,64","7.262,77","6.582,61","6.950,80","6.971,58","7.373,67","7.503,81","7.321,72","7.342,34","6.910,91","7.029,36","51,34%"
Czechia,"164.250,44","164.250,44","148.883,27","145.705,80","140.124,04","132.668,04","131.622,22","135.018,67","130.941,62","125.608,82","116.671,89","127.235,99","127.144,37","123.969,96","127.571,70","128.291,63","125.690,74","126.555,14","128.382,09","122.951,00","114.999,01","117.490,71","115.201,99","111.298,44","106.732,70","104.256,20","105.022,27","106.680,87","107.776,57","106.358,39","101.032,69","91.697,36","96.665,23","-41,15%"
Denmark,"54.771,40","54.771,40","65.364,95","59.562,48","61.649,83","65.704,49","62.729,01","76.058,19","66.612,86","62.436,44","59.878,09","55.641,44","57.356,17","56.924,58","62.090,08","56.536,44","52.974,01","60.943,96","56.170,97","52.675,62","50.217,14","50.717,51","45.693,78","41.258,35","43.115,73","38.913,80","36.426,24","38.231,85","36.158,86","36.200,57","32.595,75","29.965,92","31.306,35","-42,84%"
Estonia,"36.919,61","36.919,61","34.147,16","24.421,04","19.438,75","20.045,09","18.061,32","19.043,08","18.682,88","16.940,75","15.937,99","15.481,72","15.882,10","15.370,40","17.263,58","17.327,46","17.096,81","16.444,92","19.942,08","17.822,38","14.417,05","18.975,45","18.956,36","17.771,78","19.660,42","18.828,28","15.824,00","17.489,17","18.738,38","17.884,84","12.323,98","9.238,88","10.419,92","-71,78%"
European Union (Convention),"3.873.588,21","3.873.588,21","3.808.218,14","3.682.599,39","3.614.210,88","3.595.411,70","3.642.022,65","3.727.043,41","3.660.964,05","3.651.592,60","3.596.459,80","3.607.844,11","3.664.990,18","3.665.762,53","3.750.173,80","3.761.613,68","3.742.850,94","3.752.621,31","3.716.683,39","3.633.032,16","3.339.658,63","3.440.712,99","3.340.208,76","3.267.742,38","3.187.657,89","3.050.653,31","3.102.075,75","3.107.560,21","3.129.175,02","3.055.628,90","2.913.818,31","2.638.542,76","2.814.421,65","-27,34%"
Finland,"56.914,33","56.914,33","55.188,75","54.265,06","56.313,36","61.732,66","58.115,52","64.033,06","62.696,17","59.351,46","58.866,89","57.009,92","62.513,73","65.040,97","72.654,32","68.939,11","57.047,31","68.370,68","66.760,24","58.621,31","55.905,33","64.081,01","56.638,05","51.146,31","51.715,58","47.619,26","44.185,67","47.248,00","44.653,97","45.730,10","42.453,75","37.735,16","37.947,18","-33,33%"
France,"399.166,17","399.166,17","424.117,58","414.465,48","395.700,96","389.176,34","394.610,71","411.161,67","404.134,04","423.036,81","421.812,88","416.290,48","421.348,59","417.202,00","423.470,89","425.179,00","428.222,04","418.577,05","408.901,50","402.262,89","384.313,69","390.493,65","368.238,75","370.610,92","372.705,77","341.998,78","346.625,56","349.938,18","352.727,32","338.250,81","331.725,37","296.194,91","320.908,30","-19,61%"
Germany,"1.054.740,64","1.054.740,64","1.016.870,29","969.474,18","959.367,20","943.184,84","939.897,15","959.653,35","931.486,95","923.466,99","895.402,13","898.938,04","915.242,15","898.834,51","899.858,38","885.632,53","865.470,71","877.497,66","850.229,80","852.857,86","788.285,82","831.129,58","807.613,93","812.815,53","833.804,37","794.738,55","798.084,70","801.744,55","785.985,85","754.811,14","707.491,36","647.252,33","678.798,87","-35,64%"
Greece,"83.438,04","83.438,04","83.407,50","84.975,65","84.284,96","86.430,26","86.963,20","89.114,95","93.801,56","98.621,79","97.934,81","102.973,17","105.361,86","105.000,51","109.066,73","109.485,28","113.888,97","112.419,54","114.545,69","111.080,37","104.319,84","97.354,15","94.505,23","91.392,59","81.713,26","78.636,45","74.927,63","71.361,00","74.843,44","71.780,90","65.759,48","55.619,77","57.556,33","-31,02%"
Hungary,"85.538,92","73.376,83","69.701,94","62.348,02","63.558,41","61.888,99","61.601,11","63.158,11","61.711,72","61.312,88","61.806,19","58.505,99","60.108,98","59.086,04","61.860,75","60.251,73","60.400,73","59.709,79","58.631,35","57.326,31","51.542,25","52.087,46","50.253,12","46.818,72","43.669,62","43.791,78","46.717,40","47.178,50","49.580,33","49.534,41","49.310,49","47.335,47","48.563,86","-43,23%"
Iceland,"2.222,79","2.222,79","2.103,61","2.250,17","2.400,94","2.349,66","2.469,34","2.523,72","2.619,43","2.638,68","2.841,37","2.933,19","2.865,43","2.992,47","2.985,96","3.109,79","2.978,48","3.155,85","3.495,13","3.812,82","3.731,08","3.627,42","3.504,70","3.501,30","3.490,10","3.446,72","3.543,71","3.495,52","3.612,19","3.668,96","3.558,74","3.339,56","3.510,05","57,91%"
Ireland,"32.944,42","32.944,42","33.674,31","33.495,32","33.716,36","34.838,45","35.852,99","37.469,27","38.804,99","40.708,97","42.440,18","45.249,11","47.607,62","46.081,59","45.684,11","46.166,78","48.156,20","47.604,45","47.664,09","47.362,83","42.179,09","41.793,22","38.056,37","38.227,20","37.281,87","36.853,21","38.718,55","40.369,68","39.078,28","39.012,56","37.325,75","35.123,78","37.547,28","13,97%"
Italy,"438.904,30","438.904,30","438.385,65","438.770,96","431.176,40","425.428,21","449.430,22","443.656,71","449.430,94","461.646,72","466.393,43","470.524,12","470.577,43","478.002,00","496.005,84","501.631,60","502.346,60","496.934,40","490.653,34","479.077,16","424.952,66","436.534,30","424.739,25","404.260,61","370.253,54","350.126,68","361.935,92","358.814,02","353.418,59","349.826,90","340.402,52","303.281,27","337.229,88","-23,17%"
Japan,"1.157.195,59","1.157.195,59","1.168.897,28","1.178.674,76","1.171.686,70","1.226.702,22","1.239.048,07","1.251.545,72","1.244.251,04","1.204.402,54","1.241.036,49","1.263.754,80","1.249.162,13","1.278.787,15","1.287.292,54","1.282.685,85","1.290.144,65","1.267.118,39","1.302.836,79","1.232.014,22","1.163.057,19","1.214.707,54","1.264.631,16","1.305.883,60","1.315.192,02","1.264.071,91","1.223.168,72","1.202.454,57","1.186.802,26","1.141.668,88","1.104.539,82","1.039.795,90","1.062.129,24","-8,22%"
Kazakhstan,"268.173,09","268.173,09","261.065,93","236.131,08","208.216,79","174.933,44","168.285,93","154.505,02","146.425,37","144.282,67","119.265,29","143.380,20","138.768,54","157.524,85","175.854,72","186.355,69","200.041,97","220.574,71","226.744,68","226.830,97","224.549,71","248.803,23","238.987,66","246.345,33","255.164,92","274.289,68","278.661,28","277.695,74","293.476,48","307.174,09","275.289,76","255.486,48","255.142,93","-4,86%"
Latvia,"19.662,72","19.662,72","17.920,70","14.194,65","11.922,76","10.371,24","9.134,98","9.212,68","8.680,91","8.307,00","7.718,82","7.082,58","7.497,44","7.521,36","7.726,98","7.732,14","7.811,70","8.310,88","8.638,66","8.198,94","7.456,83","8.555,27","7.811,92","7.520,59","7.369,65","7.173,21","7.263,45","7.211,64","7.216,30","7.863,01","7.650,65","6.999,91","7.240,50","-63,18%"
Liechtenstein,"198,97","198,97","206,33","206,95","215,03","201,11","204,20","205,96","218,38","229,24","226,57","216,86","214,67","220,02","229,35","229,39","228,99","231,12","200,79","219,54","205,37","190,83","176,78","185,33","192,54","161,26","159,77","149,84","155,77","142,95","149,02","141,93","145,88","-26,68%"
Lithuania,"35.737,67","35.737,67","37.820,38","21.168,44","16.319,71","15.767,04","15.057,34","15.739,96","15.162,85","15.997,05","13.449,60","11.843,03","12.593,74","12.666,03","12.659,43","13.254,17","13.862,65","14.195,78","15.475,05","14.918,75","12.830,51","13.803,17","13.960,95","14.055,95","13.154,25","12.854,90","13.055,46","13.121,74","13.286,19","13.434,75","13.677,78","13.538,67","13.829,67","-61,30%"
Luxembourg,"11.815,50","11.815,50","12.434,93","12.202,47","12.351,91","11.542,85","9.155,93","9.207,41","8.563,89","7.663,26","8.117,59","8.703,62","9.205,49","9.980,63","10.452,52","11.821,72","12.079,58","11.910,98","11.306,90","11.172,49","10.630,35","11.197,59","11.102,37","10.872,00","10.338,73","9.823,49","9.351,00","9.094,20","9.267,99","9.573,91","9.769,62","8.067,69","8.429,71","-28,66%"
Malta,"2.427,40","2.427,40","2.271,84","2.293,60","2.885,59","2.658,34","2.452,13","2.533,95","2.556,25","2.524,94","2.572,87","2.468,15","2.736,56","2.747,23","2.960,83","2.849,06","2.656,66","2.667,48","2.731,44","2.690,43","2.526,34","2.602,79","2.583,91","2.717,04","2.379,25","2.364,42","1.665,29","1.356,30","1.530,84","1.546,73","1.648,76","1.597,20","1.606,73","-33,81%"
Monaco,"97,95","97,95","98,62","104,23","103,32","104,13","100,91","104,40","102,90","101,72","102,43","99,99","99,64","99,38","96,67","91,48","89,37","83,62","82,33","81,95","78,88","76,40","74,53","77,64","78,40","73,55","75,81","74,32","72,74","74,44","71,12","60,53","64,42","-34,23%"
Netherlands,"162.665,11","162.665,11","171.110,62","170.918,11","170.863,25","171.648,18","173.201,15","182.296,54","175.285,35","176.237,57","170.854,25","172.016,29","177.146,20","176.466,08","179.896,91","181.780,44","177.859,11","172.991,34","172.746,75","175.710,97","170.336,25","182.358,96","169.123,83","165.481,77","164.874,21","157.467,57","163.802,24","164.691,32","162.202,58","158.133,90","152.509,41","136.684,62","139.906,96","-13,99%"
New Zealand,"25.502,51","25.502,51","26.182,47","28.166,71","27.760,95","27.899,82","28.003,23","29.304,16","31.278,30","29.858,21","31.465,16","32.245,51","34.378,54","34.541,61","36.240,99","35.835,68","37.423,41","37.329,52","36.409,84","37.508,39","34.619,92","34.810,38","34.265,07","35.944,25","35.240,23","35.438,01","35.812,14","34.153,01","35.687,18","35.704,20","36.878,94","34.237,33","34.318,00","34,57%"
Norway,"34.422,30","34.422,30","32.851,07","33.684,42","35.164,85","37.032,26","37.584,01","40.634,16","40.726,47","40.921,58","41.655,63","41.121,24","42.462,73","41.659,34","43.144,77","43.578,30","42.748,87","43.417,92","45.178,22","44.358,64","42.802,17","45.354,06","44.500,31","43.979,88","44.249,28","44.641,49","45.194,43","44.362,18","43.827,05","43.979,88","42.445,39","40.890,43","40.662,91","18,13%"
Poland,"471.414,83","376.641,25","373.622,77","364.510,58","365.174,88","360.218,42","362.614,55","377.285,41","367.235,67","339.076,43","329.266,20","317.452,22","313.500,55","306.122,76","318.949,73","323.794,12","322.765,06","336.572,66","335.920,20","329.567,08","316.021,21","334.224,58","333.598,77","325.953,30","321.927,04","309.582,45","312.715,42","323.546,99","336.765,42","336.080,91","317.682,53","302.437,09","331.077,16","-29,77%"
Portugal,"45.278,82","45.278,82","47.097,09","50.920,12","49.434,03","50.206,75","54.468,37","51.761,50","54.627,08","59.168,60","66.837,45","65.611,38","65.152,49","69.559,71","64.455,82","67.303,34","69.634,62","64.842,82","62.354,62","60.027,94","57.136,40","52.933,98","51.739,81","49.898,55","48.102,73","47.885,04","52.203,44","50.366,71","55.106,28","51.372,73","47.494,04","41.695,20","39.938,33","-11,79%"
Romania,"208.974,14","176.506,90","142.208,21","132.011,25","122.693,80","120.904,66","125.711,85","129.147,25","118.156,42","104.860,49","89.010,05","93.334,04","98.987,94","99.297,71","103.817,99","103.276,91","101.837,06","104.296,05","109.019,59","107.894,50","88.482,22","86.094,09","92.803,52","91.126,71","79.365,58","79.126,88","78.031,91","76.714,54","79.648,91","80.279,68","76.885,22","74.026,53","77.190,58","-63,06%"
Russian Federation,"2.536.247,74","2.536.247,74","2.406.755,72","1.966.504,81","1.866.729,11","1.647.664,60","1.619.727,12","1.586.822,08","1.482.244,51","1.465.253,46","1.494.178,84","1.479.142,48","1.515.647,13","1.506.787,95","1.537.018,31","1.543.957,08","1.562.576,90","1.623.001,93","1.623.781,29","1.652.064,51","1.545.034,39","1.632.783,16","1.685.909,61","1.701.268,29","1.640.437,43","1.639.959,07","1.638.675,26","1.634.884,97","1.666.121,21","1.712.494,43","1.705.030,92","1.632.929,31","1.711.993,32","-32,50%"
Slovakia,"61.472,83","61.472,83","53.286,44","48.886,84","46.351,17","43.756,98","44.144,95","44.026,13","44.098,21","43.827,25","43.038,09","41.138,78","43.224,20","41.978,13","42.302,73","42.792,36","42.798,51","42.563,85","40.971,50","41.364,30","37.625,67","38.408,62","37.988,62","35.913,26","35.569,51","33.658,64","34.471,94","34.914,41","36.114,09","36.105,53","33.778,55","31.096,63","35.166,81","-42,79%"
Slovenia,"16.767,32","15.094,55","13.973,37","13.882,58","14.246,22","14.636,10","15.354,25","15.999,41","16.507,02","16.039,04","15.412,48","15.053,85","16.302,76","16.564,69","16.271,55","16.704,58","16.932,39","17.178,36","17.342,86","18.278,46","16.204,11","16.459,73","16.358,79","15.759,57","15.128,26","13.561,31","13.645,49","14.458,36","14.616,68","14.519,85","14.039,44","12.854,91","13.059,97","-22,11%"
Spain,"230.500,25","230.500,25","240.230,73","248.631,80","240.046,06","252.300,02","266.034,89","253.497,87","265.832,15","274.604,90","298.074,66","310.071,24","311.808,52","331.949,76","336.332,17","353.010,95","368.338,14","359.653,42","367.399,09","335.887,27","296.500,28","282.937,10","283.799,32","278.060,41","251.940,32","254.179,72","270.767,46","259.629,38","273.592,19","268.600,53","250.660,79","213.625,43","230.269,46","-0,10%"
Sweden,"57.509,90","57.509,90","57.739,63","57.567,24","57.560,86","60.014,55","59.506,17","63.381,06","58.383,14","58.801,83","55.981,61","54.930,07","55.837,58","56.685,41","57.292,21","56.516,92","53.875,33","53.738,08","52.994,14","50.866,88","47.238,91","53.120,37","49.210,98","46.712,08","45.202,08","43.473,37","43.418,74","43.414,11","42.456,59","42.036,58","41.006,04","36.686,49","38.524,79","-33,01%"
Switzerland,"44.161,00","44.161,00","46.136,91","46.018,56","43.605,82","42.666,30","43.407,79","44.099,08","43.035,15","44.613,70","44.436,97","43.614,19","45.080,92","43.460,93","44.646,08","45.231,41","45.778,29","45.367,70","43.362,90","44.705,78","43.529,71","45.043,33","40.981,07","42.248,65","43.182,48","39.228,59","38.725,59","39.178,64","38.172,09","36.867,25","36.726,92","34.235,23","35.787,34","-18,96%"
Türkiye,"151.614,98","151.614,98","158.126,32","164.064,88","171.138,87","167.565,65","181.355,26","199.646,69","212.108,20","212.135,04","207.927,91","229.936,66","213.581,23","221.225,64","236.765,65","244.768,58","264.870,64","282.368,32","313.693,36","310.622,13","316.412,30","316.193,04","342.057,33","356.107,20","347.331,77","364.028,28","384.929,66","405.950,21","430.900,88","422.058,62","402.692,25","412.926,87","452.702,79","198,59%"
Ukraine,"706.226,89","706.226,89","632.924,12","589.282,82","510.320,38","419.492,10","390.072,11","351.769,68","340.514,37","328.807,60","298.578,89","285.674,21","303.891,29","295.900,92","307.245,35","310.625,75","313.530,56","333.061,64","336.819,56","325.983,40","277.593,36","294.365,79","308.376,39","304.424,11","297.479,01","257.639,01","223.787,57","233.961,04","223.080,81","231.663,82","221.943,16","206.823,85","210.153,30","-70,24%"
United Kingdom of Great Britain and Northern Ireland,"603.666,16","603.666,16","611.180,13","595.547,68","581.571,28","575.574,30","567.718,83","588.352,23","564.846,40","570.182,52","562.664,60","570.546,48","579.678,14","562.251,68","573.045,45","575.203,66","572.057,99","569.662,24","561.461,57","546.903,00","495.958,07","513.843,49","471.410,36","489.083,11","479.088,61","440.062,65","423.772,57","400.645,32","388.415,42","380.582,44","366.942,12","327.164,21","348.409,72","-42,28%"
United States of America,"5.120.957,21","5.120.957,21","5.062.956,72","5.174.227,51","5.272.850,81","5.364.279,29","5.425.259,70","5.612.982,75","5.688.142,51","5.733.280,55","5.803.917,83","6.010.135,93","5.907.739,94","5.946.308,14","6.010.145,46","6.112.654,58","6.132.183,27","6.052.686,21","6.130.122,76","5.915.118,47","5.480.725,73","5.679.715,25","5.546.116,07","5.344.085,98","5.480.156,54","5.528.681,07","5.376.473,12","5.252.932,18","5.212.162,35","5.377.797,35","5.262.145,07","4.714.628,03","5.032.212,82","-1,73%"
,,,,,,,,,,,,,,,,,,,,,,,,,,,,,,,,,,
Source: UNFCCC GHG Data Interface,,,,,,,,,,,,,,,,,,,,,,,,,,,,,,,,,,
Note 1: The reporting and review requirements for GHG inventories are different for Annex I and non-Annex I Parties. The definition format of data for emissions/removals from the forestry sector is different for Annex I and non-Annex I Parties.,,,,,,,,,,,,,,,,,,,,,,,,,,,,,,,,,,
Note 2: Base year data in the data interface relate to the base year under the Climate Change Convention (UNFCCC).  The base year under the Convention is defined slightly different than the base year under the Kyoto Protocol.,,,,,,,,,,,,,,,,,,,,,,,,,,,,,,,,,,
"Note 3: – means ""No data available""",,,,,,,,,,,,,,,,,,,,,,,,,,,,,,,,,,
"Note 4: Data displayed on the data interface are ""as received"" from Parties. The publication of Party submissions on this website does not imply the expression of any opinion whatsoever on the part of the UNFCCC or the Secretariat of the United Nations concerning the legal status of any country, territory, city or area or of its authorities, or concerning the delimitation of its frontiers or boundaries as may be referred to in any of the submissions.",,,,,,,,,,,,,,,,,,,,,,,,,,,,,,,,,,
Note 5: Data expressed in CO2 equivalent are in accordance with the global warming potential values (GWPs) used by Parties in their submission. Please refer to the “Notes on GHG data” available on the UNFCCC website for additional information.,,,,,,,,,,,,,,,,,,,,,,,,,,,,,,,,,,
"Note 6: Data displayed for Australia reflects their GHG Inventory submission on 16 September 2022. The latest data submitted by Australia in 2023, including the CRT and NIR submission made under the Paris Agreement, are available on the UNFCCC website.",,,,,,,,,,,,,,,,,,,,,,,,,,,,,,,,,,
"Report produced on Tuesday, 18 November 2025 04:34:32 CET",,,,,,,,,,,,,,,,,,,,,,,,,,,,,,,,,,