Category,Indicator,Definition/Input Explanation,Data Type,Picklist options (Data Entry),Scenario 1,Scenario 2,Scenario 3,Scenario 4,Scenario 5,Scenario 6,Scenario 7,Scenario 8
Model and provider,Model Abbreviation,What is the model abbreviation?,Text (Alphanumeric),,AEO,AEO,AEO,AEO,AEO,AEO,AEO,AEO
Scenario context,Scenario name,What is the full scenario name?,Text (Alphanumeric),,High oil and natural gas resource and technology,Low Oil Price,High Oil Price,Reference,Reference-No CPP,Low Macroeconomic Growth,High Macroeconomic Growth,Low oil and natural gas resource and technology
Scenario context,Category,What category does this scenario fit under?,Picklist,BAU/reference; NDCs; NDCs-Conditional; NDCs-Unconditional; Decarbonization; not specified,not specified,not specified,not specified,BAU/reference,BAU/reference,not specified,not specified,not specified
Scenario context,Purpose/Objective,What was the original purpose or objective of the scenario? Why was it created?,Text (Alphanumeric),,Examine the sensitivity of the AEO2017 projections to changes in assumptions regarding domestic crude oil and natural gas resources and technological progress,"Reflect a wide range of potential price paths, resulting from variation in global demand and supply of petroleum and other liquid fuels","Reflect a wide range of potential price paths, resulting from variation in global demand and supply of petroleum and other liquid fuels",Serve as a reference scenario against which other scenarios can be compared,Illustrate the effect of Clean Power Plan not being deployed and serves as a reference,Reflect the uncertainty in projections of economic growth,Reflect the uncertainty in projections of economic growth,Examine the sensitivity of the AEO2017 projections to changes in assumptions regarding domestic crude oil and natural gas resources and technological progress
Scenario context,Description,What is a description of the scenario?,Text (Alphanumeric),,Lower costs and higher resource availability than in the Reference case allow for higher production at lower prices,"Crude oil prices fall to an average of $25/b (2016 dollars) in 2017, and remain below $50/b through 2050","The price of Brent crude in 2016 dollars reaches $226 per barrel (b) by 2040, compared to $109/b in the Reference case","The Reference case projection assumes trend improvement in known technologies, along with a view of economic and demographic trends reflecting the  current central views of leading economic forecasters and demographers. It generally assumes that current laws and regulations affecting the energy sector, including sunset dates for laws that have them, are unchanged throughout the projection period. The potential impacts of proposed legislation, regulations, or standards are not reflected in the Reference case. ",A case assuming that the Clean Power Plan (CPP) is not implemented can be compared with the Reference case to show how the absence of that policy could affect energy markets and emissions,Assumes a lower compound annual growth rate for U.S. gross domestic product of 1.6% compared to 2.2% in the Reference Scenario,Assumes a higher compound annual growth rate for U.S. gross domestic product of 2.6% compared to 2.2% in the Reference Scenario,"The estimated ultimate recovery per tight oil, tight gas, or shale gas well in the United States and undiscovered resources in Alaska and the offshore lower 48 states are assumed to be 50% lower than in the Reference case"
Scenario context,Key Usage,What is this scenario known for? What topical area(s) is it especially useful for?,Text (Alphanumeric),,,,,,,,,
Scenario context,Project,If applicable list model comparison or individual project,Text (Alphanumeric),,,,,,,,,
Scenario context,Literature Reference,Was the scenario used in a publication? provide literature reference,Text (Alphanumeric),,,,,,,,,
Coverage,Geographic Coverage-Country,What are the geographic regions and/or countries that are covered by the scenario?,Picklist,United States; Afghanistan; Aland Islands; Albania; Algeria; American Samoa; Andorra; Angola; Anguilla; Antarctica; Antigua and Barbuda; Argentina; Armenia; Aruba; Australia; Austria; Azerbaijan; Bahamas; Bahrain; Bangladesh; Barbados; Belarus; Belgium; Belize; Benin; Bermuda; Bhutan; Bolivia; Bosnia and Herzegovina; Botswana; Bouvet Island; Brazil; British Virgin Islands; British Indian Ocean Territory; Brunei Darussalam; Bulgaria; Burkina Faso; Burundi; Cambodia; Cameroon; Canada; Cape Verde; Cayman Islands; Central African Republic; Chad; Chile; China; Hong Kong; Macao; Christmas Island; Cocos Islands; Colombia; Comoros; Congo Brazzaville; Congo Kinshasa; Cook Islands; Costa Rica; Côte d'Ivoire; Croatia; Cuba; Cyprus; Czech Republic; Denmark; Djibouti; Dominica; Dominican Republic; Ecuador; Egypt; El Salvador; Equatorial Guinea; Eritrea; Estonia; Ethiopia; Falkland Islands; Faroe Islands; Fiji; Finland; France; French Guiana; French Polynesia; French Southern Territories; Gabon; Gambia; Georgia; Germany; Ghana; Gibraltar; Greece; Greenland; Grenada; Guadeloupe; Guam; Guatemala; Guernsey; Guinea; Guinea-Bissau; Guyana; Haiti; Swaziland; Heard and Mcdonald Islands; Honduras; Hungary; Iceland; India; Indonesia; Iran; Iraq; Ireland; Isle of Man; Israel; Italy; Jamaica; Japan; Jersey; Jordan; Kazakhstan; Kenya; Kiribati; North Korea; South Korea; Kuwait; Kyrgyzstan; Lao; Latvia; Lebanon; Lesotho; Liberia; Libya; Liechtenstein; Lithuania; Luxembourg; Macedonia; Madagascar; Malawi; Malaysia; Maldives; Mali; Malta; Marshall Islands; Martinique; Mauritania; Mauritius; Mayotte; Mexico; Micronesia; Moldova; Monaco; Mongolia; Montenegro; Montserrat; Morocco; Mozambique; Myanmar; Namibia; Nauru; Nepal; Netherlands; Netherlands Antilles; New Caledonia; New Zealand; Nicaragua; Niger; Nigeria; Niue; Norfolk Island; Northern Mariana Islands; Norway; Oman; Pakistan; Palau; Palestinian Territory; Panama; Papua New Guinea; Paraguay; Peru; Philippines; Pitcairn; Poland; Portugal; Puerto Rico; Qatar; Réunion; Romania; Rwanda; Saint-Barthélemy; Saint Helena; Saint Kitts and Nevis; Saint Lucia; Saint-Martin; Saint Pierre and Miquelon; Saint Vincent and Grenadines; Samoa; San Marino; Sao Tome and Principe; Saudi Arabia; Senegal; Serbia; Seychelles; Sierra Leone; Singapore; Slovakia; Slovenia; Solomon Islands; Somalia; South Africa; South Georgia and the South Sandwich Islands; South Sudan; Spain; Sri Lanka; Sudan; Suriname; Svalbard and Jan Mayen Islands; Sweden; Switzerland; Syria; Taiwan; Tajikistan; Tanzania; Thailand; Timor-Leste; Togo; Tokelau; Tonga; Trinidad and Tobago; Tunisia; Turkey; Turkmenistan; Turks and Caicos Islands; Tuvalu; Uganda; Ukraine; United Arab Emirates; United Kingdom; US Minor Outlying Islands; Uruguay; Uzbekistan; Vanuatu; Venezuela; Viet Nam; US Virgin Islands; Wallis and Futuna Islands; Western Sahara; Yemen; Zambia; Zimbabwe; Russia,United States,United States,United States,United States,United States,United States,United States,United States
Coverage,Sectoral Coverage,What economic sectors are covered by the scenario?,Picklist,"agriculture; buildings (residential and commercial); electricity; forestry; fugitive emissions; industry; industry and industrial processes; land-use, land-use change, and forestry (LULUCF); services; transportation; waste",Industrial; Tranportation; Electric Power; Residential; Commercial,Industrial; Tranportation; Electric Power; Residential; Commercial,Industrial; Tranportation; Electric Power; Residential; Commercial,Industrial; Tranportation; Electric Power; Residential; Commercial,Industrial; Tranportation; Electric Power; Residential; Commercial,Industrial; Tranportation; Electric Power; Residential; Commercial,Industrial; Tranportation; Electric Power; Residential; Commercial,Industrial; Tranportation; Electric Power; Residential; Commercial
Coverage,Gas & Pollutant Coverage,What greenhouse gases and other pollutants are covered by the scenario?,Picklist,"BC; CO; CO2; CH4; F-gases (HFC, PFC, SF6); HFCs; Kyoto gases; not applicable; not specified; NMVOC; Nox; N2O; OC; PFCs; PM10; PM2.5; Sox; SO2; Sulfur; sulfur aerosols; VOC",CO2,CO2,CO2,CO2,CO2,CO2,CO2,CO2
Coverage,Policy Coverage,What policies are covered by the scenario?,Picklist,accelerated deployment of energy technologies; air pollution measures; border tariff; cap-and-trade; carbon price; carbon tax; CO2 concentration target; electric vehicles; emissions cap; emissions trading; energy efficiency standards; energy tax; feed-in tariff; fuel economy standards; fuel switching; import tax; investment incentives; methane leakage; performance standards; permit trading; production subsidies; radiative forcing limit; renewable portfolio standards; regulations; research and development (R&D) measures; revenue recycling; subsidies; tax credits and incentives; taxes; technology capacity targets; technology switching; temperature limit; tradable certificates; permits or allowances,Energy efficiency standards; Performance standards; Tax credits and incentives; Fuel economy standards; Regulations; Emissions cap; Research and development (R&D) measures; Cap-and-trade; Renewable fuel standards,Energy efficiency standards; Performance standards; Tax credits and incentives; Fuel economy standards; Regulations; Emissions cap; Research and development (R&D) measures; Cap-and-trade; Renewable fuel standards,Energy efficiency standards; Performance standards; Tax credits and incentives; Fuel economy standards; Regulations; Emissions cap; Research and development (R&D) measures; Cap-and-trade; Renewable fuel standards,Energy efficiency standards; Performance standards; Tax credits and incentives; Fuel economy standards; Regulations; Emissions cap; Research and development (R&D) measures; Cap-and-trade; Renewable fuel standards,Energy efficiency standards; Performance standards; Tax credits and incentives; Fuel economy standards; Regulations; Emissions cap; Research and development (R&D) measures; Cap-and-trade; Renewable fuel standards,Energy efficiency standards; Performance standards; Tax credits and incentives; Fuel economy standards; Regulations; Emissions cap; Research and development (R&D) measures; Cap-and-trade; Renewable fuel standards,Energy efficiency standards; Performance standards; Tax credits and incentives; Fuel economy standards; Regulations; Emissions cap; Research and development (R&D) measures; Cap-and-trade; Renewable fuel standards,Energy efficiency standards; Performance standards; Tax credits and incentives; Fuel economy standards; Regulations; Emissions cap; Research and development (R&D) measures; Cap-and-trade; Renewable fuel standards
Coverage,Technology Coverage,What technologies are covered by the scenario?,Picklist,BECCS; BioCCS; bioenergy; CCS; cogeneration; combined heat and power (CHP); distributed generation; electric vehicles; energy efficiency; energy use technologies; fuel cells; full electrification in transport; heat pumps; hydraulic power; hydrogen; hydrogen systems; IGCC; nuclear; renewables; RES; storage,"combined heat and power (CHP), cogeneration, nuclear, renewables","combined heat and power (CHP), cogeneration, nuclear, renewables","combined heat and power (CHP), cogeneration, nuclear, renewables","combined heat and power (CHP), cogeneration, nuclear, renewables","combined heat and power (CHP), cogeneration, nuclear, renewables","combined heat and power (CHP), cogeneration, nuclear, renewables","combined heat and power (CHP), cogeneration, nuclear, renewables","combined heat and power (CHP), cogeneration, nuclear, renewables"
Coverage,Energy Resource Coverage,What fuel types are covered by the scenario?,Picklist,biofuels; biogas; biomass; biomass w/ CCS; biomass w/o CCS; coal; coal w/ CCS; coal w/o CCS; electricity; fossil; fossil w/ CCS; fossil w/o CCS; gas; gas unconventional; gas w/ CCS; gas w/o CCS; geothermal; heat; hydro; hydrogen; limestone; liquids; natural gas; non-biomass renewable; not applicable; not specified; nuclear; ocean; oil; oil w/ CCS; oil w/o CCS; other renewable energy; petroleum; petroleum and other liquids; renewables; solar; solar CSP; solar PV; tidal; uranium; waste; wave; wind; wind-offshore; wind-onshore,"biofuels, biomass, coal, electricity, fossil, gas, geothermal, hydro, nuclear, oil, renewables","biofuels, biomass, coal, electricity, fossil, gas, geothermal, hydro, nuclear, oil, renewables","biofuels, biomass, coal, electricity, fossil, gas, geothermal, hydro, nuclear, oil, renewables","biomass, coal, electricity, fossil, gas, geothermal, hydro, nuclear, oil, renewables","biofuels, biomass, coal, electricity, fossil, gas, geothermal, hydro, nuclear, oil, renewables","biofuels, biomass, coal, electricity, fossil, gas, geothermal, hydro, nuclear, oil, renewables","biofuels, biomass, coal, electricity, fossil, gas, geothermal, hydro, nuclear, oil, renewables","biofuels, biomass, coal, electricity, fossil, gas, geothermal, hydro, nuclear, oil, renewables"
Coverage,Time Horizon,How far does the model run into the future?,Picklist,2030; 2040; 2050; 2100; 2150; manual,2050,2050,2050,2050,2050,2050,2050,2050
Coverage,Time Step,What time interval is used for the model output?,Picklist,1; 2; 5; 10; 20; manual,1,1,1,1,1,1,1,1
Coverage,Policy Coverage Detailed,What policies are covered by the scenario?,Text (Alphanumeric),,"National Appliances Energy Conservation Act of 1987; Energy Policy Act of 1992; Energy Policy Act of 2005; Energy Independence and Security Act of 2007; Energy Improvement and Extension Act of 2008; American Recovery And Reinvestment Act of 2009; Tax Relief, Unemployment Insurance Reauthorization, and Jobs Creation Act of 2010; Clean Power Plan; Consolidated Appropriations Act of 2016; Executive Order 13123: Greening the Government Through Energy Management; California Global Warming Solutions Act of 2006: Emissions Limit (SB-32); Clean Air Act Amendments; California's Advanced Clean Cars Program; Corporate Average Fuel Economy Standards For Light Duty Vehicles; Electric Hybrid , and Alternative Fuel Vehicles Tax Incentives; Plug-In Hybrid Vehicle Tax Credit; State Electric, Hybrid, and Alternative Fuel Vehicle Tax and Other Incentives; Heavy-Duty (HD) National Program, Emissions and Fuel Consumption Standards for Heavy Duty Vehicles; International Convention for the Prevention of Pollution from Ships; Cross State Air Pollution Rule, Mercury and Air Toxins Standards; Public Utility Holding Company Act of 1935; FERC Orders 888 and 889; New Source Review; State Renewable Portfolio Standards Laws, Mandates and Goals; Regional and State Air Emissions Regulations; Outer Continental Shelf Deep Water Royalty Relief Act; Section 29 Tax Credit for Conventional Fuels; Pipeline Safety, Regulation Certainty; Federal and State Motor Fuels Excise Taxes for Compressed Natural Gas and Liquefied Natural Gas in Vehicles; Ultra Low Sulfur Regulations under the Clean Air Act Amendment of 1990; Tire 3 Vehicles Emissions and Fuel Standards; MTBE Bans in 25 States; Regional Clean Fuel Formations; Federal and State Motor Fuels Excise Tax; Diesel Excise Tax; State Heating Oil Mandates; California Low Carbon Fuel Standards; California Assembly Bill 32; EPA ETS Waiver; US Department of Commerce, Bureau of Industry and Security: clarification on the export of lease condensate; US Congress, ""H.R. 1314- bipartisan Budget Act of 2015; US Congress , ""H.R. 22- FAST Act","National Appliances Energy Conservation Act of 1987; Energy Policy Act of 1992; Energy Policy Act of 2005; Energy Independence and Security Act of 2007; Energy Improvement and Extension Act of 2008; American Recovery And Reinvestment Act of 2009; Tax Relief, Unemployment Insurance Reauthorization, and Jobs Creation Act of 2010; Clean Power Plan; Consolidated Appropriations Act of 2016; Executive Order 13123: Greening the Government Through Energy Management; California Global Warming Solutions Act of 2006: Emissions Limit (SB-32); Clean Air Act Amendments; California's Advanced Clean Cars Program; Corporate Average Fuel Economy Standards For Light Duty Vehicles; Electric Hybrid , and Alternative Fuel Vehicles Tax Incentives; Plug-In Hybrid Vehicle Tax Credit; State Electric, Hybrid, and Alternative Fuel Vehicle Tax and Other Incentives; Heavy-Duty (HD) National Program, Emissions and Fuel Consumption Standards for Heavy Duty Vehicles; International Convention for the Prevention of Pollution from Ships; Cross State Air Pollution Rule, Mercury and Air Toxins Standards; Public Utility Holding Company Act of 1935; FERC Orders 888 and 889; New Source Review; State Renewable Portfolio Standards Laws, Mandates and Goals; Regional and State Air Emissions Regulations; Outer Continental Shelf Deep Water Royalty Relief Act; Section 29 Tax Credit for Conventional Fuels; Pipeline Safety, Regulation Certainty; Federal and State Motor Fuels Excise Taxes for Compressed Natural Gas and Liquefied Natural Gas in Vehicles; Ultra Low Sulfur Regulations under the Clean Air Act Amendment of 1990; Tire 3 Vehicles Emissions and Fuel Standards; MTBE Bans in 25 States; Regional Clean Fuel Formations; Federal and State Motor Fuels Excise Tax; Diesel Excise Tax; State Heating Oil Mandates; California Low Carbon Fuel Standards; California Assembly Bill 32; EPA ETS Waiver; US Department of Commerce, Bureau of Industry and Security: clarification on the export of lease condensate; US Congress, ""H.R. 1314- bipartisan Budget Act of 2015; US Congress , ""H.R. 22- FAST Act","National Appliances Energy Conservation Act of 1987; Energy Policy Act of 1992; Energy Policy Act of 2005; Energy Independence and Security Act of 2007; Energy Improvement and Extension Act of 2008; American Recovery And Reinvestment Act of 2009; Tax Relief, Unemployment Insurance Reauthorization, and Jobs Creation Act of 2010; Clean Power Plan; Consolidated Appropriations Act of 2016; Executive Order 13123: Greening the Government Through Energy Management; California Global Warming Solutions Act of 2006: Emissions Limit (SB-32); Clean Air Act Amendments; California's Advanced Clean Cars Program; Corporate Average Fuel Economy Standards For Light Duty Vehicles; Electric Hybrid , and Alternative Fuel Vehicles Tax Incentives; Plug-In Hybrid Vehicle Tax Credit; State Electric, Hybrid, and Alternative Fuel Vehicle Tax and Other Incentives; Heavy-Duty (HD) National Program, Emissions and Fuel Consumption Standards for Heavy Duty Vehicles; International Convention for the Prevention of Pollution from Ships; Cross State Air Pollution Rule, Mercury and Air Toxins Standards; Public Utility Holding Company Act of 1935; FERC Orders 888 and 889; New Source Review; State Renewable Portfolio Standards Laws, Mandates and Goals; Regional and State Air Emissions Regulations; Outer Continental Shelf Deep Water Royalty Relief Act; Section 29 Tax Credit for Conventional Fuels; Pipeline Safety, Regulation Certainty; Federal and State Motor Fuels Excise Taxes for Compressed Natural Gas and Liquefied Natural Gas in Vehicles; Ultra Low Sulfur Regulations under the Clean Air Act Amendment of 1990; Tire 3 Vehicles Emissions and Fuel Standards; MTBE Bans in 25 States; Regional Clean Fuel Formations; Federal and State Motor Fuels Excise Tax; Diesel Excise Tax; State Heating Oil Mandates; California Low Carbon Fuel Standards; California Assembly Bill 32; EPA ETS Waiver; US Department of Commerce, Bureau of Industry and Security: clarification on the export of lease condensate; US Congress, ""H.R. 1314- bipartisan Budget Act of 2015; US Congress , ""H.R. 22- FAST Act","National Appliances Energy Conservation Act of 1987; Energy Policy Act of 1992; Energy Policy Act of 2005; Energy Independence and Security Act of 2007; Energy Improvement and Extension Act of 2008; American Recovery And Reinvestment Act of 2009; Tax Relief, Unemployment Insurance Reauthorization, and Jobs Creation Act of 2010; Clean Power Plan; Consolidated Appropriations Act of 2016; Executive Order 13123: Greening the Government Through Energy Management; California Global Warming Solutions Act of 2006: Emissions Limit (SB-32); Clean Air Act Amendments; California's Advanced Clean Cars Program; Corporate Average Fuel Economy Standards For Light Duty Vehicles; Electric Hybrid , and Alternative Fuel Vehicles Tax Incentives; Plug-In Hybrid Vehicle Tax Credit; State Electric, Hybrid, and Alternative Fuel Vehicle Tax and Other Incentives; Heavy-Duty (HD) National Program, Emissions and Fuel Consumption Standards for Heavy Duty Vehicles; International Convention for the Prevention of Pollution from Ships; Cross State Air Pollution Rule, Mercury and Air Toxins Standards; Public Utility Holding Company Act of 1935; FERC Orders 888 and 889; New Source Review; State Renewable Portfolio Standards Laws, Mandates and Goals; Regional and State Air Emissions Regulations; Outer Continental Shelf Deep Water Royalty Relief Act; Section 29 Tax Credit for Conventional Fuels; Pipeline Safety, Regulation Certainty; Federal and State Motor Fuels Excise Taxes for Compressed Natural Gas and Liquefied Natural Gas in Vehicles; Ultra Low Sulfur Regulations under the Clean Air Act Amendment of 1990; Tire 3 Vehicles Emissions and Fuel Standards; MTBE Bans in 25 States; Regional Clean Fuel Formations; Federal and State Motor Fuels Excise Tax; Diesel Excise Tax; State Heating Oil Mandates; California Low Carbon Fuel Standards; California Assembly Bill 32; EPA ETS Waiver; US Department of Commerce, Bureau of Industry and Security: clarification on the export of lease condensate; US Congress, ""H.R. 1314- bipartisan Budget Act of 2015; US Congress , ""H.R. 22- FAST Act","National Appliances Energy Conservation Act of 1987; Energy Policy Act of 1992; Energy Policy Act of 2005; Energy Independence and Security Act of 2007; Energy Improvement and Extension Act of 2008; American Recovery And Reinvestment Act of 2009; Tax Relief, Unemployment Insurance Reauthorization, and Jobs Creation Act of 2010; Consolidated Appropriations Act of 2016; Executive Order 13123: Greening the Government Through Energy Management; California Global Warming Solutions Act of 2006: Emissions Limit (SB-32); Clean Air Act Amendments; California's Advanced Clean Cars Program; Corporate Average Fuel Economy Standards For Light Duty Vehicles; Electric Hybrid , and Alternative Fuel Vehicles Tax Incentives; Plug-In Hybrid Vehicle Tax Credit; State Electric, Hybrid, and Alternative Fuel Vehicle Tax and Other Incentives; Heavy-Duty (HD) National Program, Emissions and Fuel Consumption Standards for Heavy Duty Vehicles; International Convention for the Prevention of Pollution from Ships; Cross State Air Pollution Rule, Mercury and Air Toxins Standards; Public Utility Holding Company Act of 1935; FERC Orders 888 and 889; New Source Review; State Renewable Portfolio Standards Laws, Mandates and Goals; Regional and State Air Emissions Regulations; Outer Continental Shelf Deep Water Royalty Relief Act; Section 29 Tax Credit for Conventional Fuels; Pipeline Safety, Regulation Certainty; Federal and State Motor Fuels Excise Taxes for Compressed Natural Gas and Liquefied Natural Gas in Vehicles; Ultra Low Sulfur Regulations under the Clean Air Act Amendment of 1990; Tire 3 Vehicles Emissions and Fuel Standards; MTBE Bans in 25 States; Regional Clean Fuel Formations; Federal and State Motor Fuels Excise Tax; Diesel Excise Tax; State Heating Oil Mandates; California Low Carbon Fuel Standards; California Assembly Bill 32; EPA ETS Waiver; US Department of Commerce, Bureau of Industry and Security: clarification on the export of lease condensate; US Congress, ""H.R. 1314- bipartisan Budget Act of 2015; US Congress , ""H.R. 22- FAST Act","National Appliances Energy Conservation Act of 1987; Energy Policy Act of 1992; Energy Policy Act of 2005; Energy Independence and Security Act of 2007; Energy Improvement and Extension Act of 2008; American Recovery And Reinvestment Act of 2009; Tax Relief, Unemployment Insurance Reauthorization, and Jobs Creation Act of 2010; Clean Power Plan; Consolidated Appropriations Act of 2016; Executive Order 13123: Greening the Government Through Energy Management; California Global Warming Solutions Act of 2006: Emissions Limit (SB-32); Clean Air Act Amendments; California's Advanced Clean Cars Program; Corporate Average Fuel Economy Standards For Light Duty Vehicles; Electric Hybrid , and Alternative Fuel Vehicles Tax Incentives; Plug-In Hybrid Vehicle Tax Credit; State Electric, Hybrid, and Alternative Fuel Vehicle Tax and Other Incentives; Heavy-Duty (HD) National Program, Emissions and Fuel Consumption Standards for Heavy Duty Vehicles; International Convention for the Prevention of Pollution from Ships; Cross State Air Pollution Rule, Mercury and Air Toxins Standards; Public Utility Holding Company Act of 1935; FERC Orders 888 and 889; New Source Review; State Renewable Portfolio Standards Laws, Mandates and Goals; Regional and State Air Emissions Regulations; Outer Continental Shelf Deep Water Royalty Relief Act; Section 29 Tax Credit for Conventional Fuels; Pipeline Safety, Regulation Certainty; Federal and State Motor Fuels Excise Taxes for Compressed Natural Gas and Liquefied Natural Gas in Vehicles; Ultra Low Sulfur Regulations under the Clean Air Act Amendment of 1990; Tire 3 Vehicles Emissions and Fuel Standards; MTBE Bans in 25 States; Regional Clean Fuel Formations; Federal and State Motor Fuels Excise Tax; Diesel Excise Tax; State Heating Oil Mandates; California Low Carbon Fuel Standards; California Assembly Bill 32; EPA ETS Waiver; US Department of Commerce, Bureau of Industry and Security: clarification on the export of lease condensate; US Congress, ""H.R. 1314- bipartisan Budget Act of 2015; US Congress , ""H.R. 22- FAST Act","National Appliances Energy Conservation Act of 1987; Energy Policy Act of 1992; Energy Policy Act of 2005; Energy Independence and Security Act of 2007; Energy Improvement and Extension Act of 2008; American Recovery And Reinvestment Act of 2009; Tax Relief, Unemployment Insurance Reauthorization, and Jobs Creation Act of 2010; Clean Power Plan; Consolidated Appropriations Act of 2016; Executive Order 13123: Greening the Government Through Energy Management; California Global Warming Solutions Act of 2006: Emissions Limit (SB-32); Clean Air Act Amendments; California's Advanced Clean Cars Program; Corporate Average Fuel Economy Standards For Light Duty Vehicles; Electric Hybrid , and Alternative Fuel Vehicles Tax Incentives; Plug-In Hybrid Vehicle Tax Credit; State Electric, Hybrid, and Alternative Fuel Vehicle Tax and Other Incentives; Heavy-Duty (HD) National Program, Emissions and Fuel Consumption Standards for Heavy Duty Vehicles; International Convention for the Prevention of Pollution from Ships; Cross State Air Pollution Rule, Mercury and Air Toxins Standards; Public Utility Holding Company Act of 1935; FERC Orders 888 and 889; New Source Review; State Renewable Portfolio Standards Laws, Mandates and Goals; Regional and State Air Emissions Regulations; Outer Continental Shelf Deep Water Royalty Relief Act; Section 29 Tax Credit for Conventional Fuels; Pipeline Safety, Regulation Certainty; Federal and State Motor Fuels Excise Taxes for Compressed Natural Gas and Liquefied Natural Gas in Vehicles; Ultra Low Sulfur Regulations under the Clean Air Act Amendment of 1990; Tire 3 Vehicles Emissions and Fuel Standards; MTBE Bans in 25 States; Regional Clean Fuel Formations; Federal and State Motor Fuels Excise Tax; Diesel Excise Tax; State Heating Oil Mandates; California Low Carbon Fuel Standards; California Assembly Bill 32; EPA ETS Waiver; US Department of Commerce, Bureau of Industry and Security: clarification on the export of lease condensate; US Congress, ""H.R. 1314- bipartisan Budget Act of 2015; US Congress , ""H.R. 22- FAST Act","National Appliances Energy Conservation Act of 1987; Energy Policy Act of 1992; Energy Policy Act of 2005; Energy Independence and Security Act of 2007; Energy Improvement and Extension Act of 2008; American Recovery And Reinvestment Act of 2009; Tax Relief, Unemployment Insurance Reauthorization, and Jobs Creation Act of 2010; Clean Power Plan; Consolidated Appropriations Act of 2016; Executive Order 13123: Greening the Government Through Energy Management; California Global Warming Solutions Act of 2006: Emissions Limit (SB-32); Clean Air Act Amendments; California's Advanced Clean Cars Program; Corporate Average Fuel Economy Standards For Light Duty Vehicles; Electric Hybrid , and Alternative Fuel Vehicles Tax Incentives; Plug-In Hybrid Vehicle Tax Credit; State Electric, Hybrid, and Alternative Fuel Vehicle Tax and Other Incentives; Heavy-Duty (HD) National Program, Emissions and Fuel Consumption Standards for Heavy Duty Vehicles; International Convention for the Prevention of Pollution from Ships; Cross State Air Pollution Rule, Mercury and Air Toxins Standards; Public Utility Holding Company Act of 1935; FERC Orders 888 and 889; New Source Review; State Renewable Portfolio Standards Laws, Mandates and Goals; Regional and State Air Emissions Regulations; Outer Continental Shelf Deep Water Royalty Relief Act; Section 29 Tax Credit for Conventional Fuels; Pipeline Safety, Regulation Certainty; Federal and State Motor Fuels Excise Taxes for Compressed Natural Gas and Liquefied Natural Gas in Vehicles; Ultra Low Sulfur Regulations under the Clean Air Act Amendment of 1990; Tire 3 Vehicles Emissions and Fuel Standards; MTBE Bans in 25 States; Regional Clean Fuel Formations; Federal and State Motor Fuels Excise Tax; Diesel Excise Tax; State Heating Oil Mandates; California Low Carbon Fuel Standards; California Assembly Bill 32; EPA ETS Waiver; US Department of Commerce, Bureau of Industry and Security: clarification on the export of lease condensate; US Congress, ""H.R. 1314- bipartisan Budget Act of 2015; US Congress , ""H.R. 22- FAST Act"
Coverage,Technology Coverage Detailed,What technologies are covered by the scenario?,Text (Alphanumeric),,,,,,,,,
Targets,Climate Target Type,"What climate target does this scenario use (e.g., 1.5 DC, 2 DC, 450 ppm, 2.6 W/m2, etc.)?",Picklist,carbon budget; emissions concentration target; not applicable; not specified; radiative forcing; temperature target,not applicable,not applicable,not applicable,not applicable,not applicable,not applicable,not applicable,not applicable
Targets,Climate Target Detailed,"What specific climate targets are included in this scenario (e.g. 450 ppm, 2 DC, etc.)?",Text (Alphanumeric),,not applicable,not applicable,not applicable,not applicable,not applicable,not applicable,not applicable,not applicable
Targets,Climate Target Date,In what date (year) does the target have to be achieved?,Text (Alphanumeric),,,,,,,,,
Targets,Overshoot,Is overshoot of the target end date allowed?,Picklist,yes; no; not specified,,,,,,,,
Targets,Other Target Type,"Is there another target type included in the scenario? E.g. energy access, poverty alleviation",Text (Alphanumeric),,,,,,,,,
Targets,Other Target,Please describe the target included.,Text (Alphanumeric),,,,,,,,,
Assumptions,Large-scale BioCCS,Does the scenario rely on deployment of large-scale bioenergy with carbon capture and storage for emission mitigation?,Picklist,no; not applicable; not specified; yes,,,,,,,,
Assumptions,Technology Assumptions,"What technology assumptions are included in the model (e.g., cost curves, lifetime, efficiency, availability factor and build rates)?",Text (Alphanumeric),,Average generating capacity; Efficiency; Installed cost; Maintainance cost; Lifetime ,Average generating capacity; Efficiency; Installed cost; Maintainance cost; Lifetime ,Average generating capacity; Efficiency; Installed cost; Maintainance cost; Lifetime ,Average generating capacity; Efficiency; Installed cost; Maintainance cost; Lifetime ,Average generating capacity; Efficiency; Installed cost; Maintainance cost; Lifetime ,Average generating capacity; Efficiency; Installed cost; Maintainance cost; Lifetime ,Average generating capacity; Efficiency; Installed cost; Maintainance cost; Lifetime ,Average generating capacity; Efficiency; Installed cost; Maintainance cost; Lifetime 
Assumptions,GDP Assumptions,What assumptions are made for GDP growth?,Text (Alphanumeric),,,,,The GDP is expected to increase by 2.1% per year between 2016 and 2050,The GDP is expected to increase by 2.1% per year between 2016 and 2050,The GDP growth rate is assumed to be 0.5 pecentage points lower than the reference case (1.6%),The GDP growth rate is assumed to be 0.5 pecentage points higher than the reference case (2.6%),
Assumptions,Population Assumptions,What assumptions are made for population growth?,Text (Alphanumeric),,"Total population is expected to grow by 0.6% per year between 2016 and 2050, and the share of population over 65 is expected t o increase over time. However, the share of the labor force in the population over 65 is also projected to increase in the projection period.","Total population is expected to grow by 0.6% per year between 2016 and 2050, and the share of population over 65 is expected t o increase over time. However, the share of the labor force in the population over 65 is also projected to increase in the projection period.","Total population is expected to grow by 0.6% per year between 2016 and 2050, and the share of population over 65 is expected t o increase over time. However, the share of the labor force in the population over 65 is also projected to increase in the projection period.","Total population is expected to grow by 0.6% per year between 2016 and 2050, and the share of population over 65 is expected t o increase over time. However, the share of the labor force in the population over 65 is also projected to increase in the projection period.","Total population is expected to grow by 0.6% per year between 2016 and 2050, and the share of population over 65 is expected t o increase over time. However, the share of the labor force in the population over 65 is also projected to increase in the projection period.",Total population is expected to grow by 0.5% per year between 2016 and 2050,Total population is expected to grow by 0.8% per year between 2016 and 2050,"Total population is expected to grow by 0.6% per year between 2016 and 2050, and the share of population over 65 is expected t o increase over time. However, the share of the labor force in the population over 65 is also projected to increase in the projection period."
Assumptions,Global Warming Potentials,What global warming potentials (GWP's) are used for different greenhouse gases?,Text (Alphanumeric),,not applicable,not applicable,not applicable,not applicable,not applicable,not applicable,not applicable,not applicable
Assumptions,Policy Cut-off Year for Baseline,After which year are no new policies or actions included in the baseline scenario?,Text (Alphanumeric),,,,,,,,,
Assumptions,Burden Sharing,Which burden sharing regime was assumed for this scenario?,Text (Alphanumeric),,,,,,,,,
Assumptions,Discount Rates,What social and private discount rates are used in the model for this scenario?,Text (Alphanumeric),,,,,,,,,
Assumptions,Emission Factors,What emission factors are included for technologies of electricity generation and transportation?,Text (Alphanumeric),,,,,,,,,