Category,Indicator,Definition/Input Explanation,Data Type,Picklist options (Data Entry),Scenario 1,Scenario 2,Scenario 3,Scenario 4,Scenario 5,Scenario 6,Scenario 7,Scenario 8,Scenario 9,Scenario 10,Scenario 11,Scenario 12,Scenario 13
Model and provider,Model Abbreviation,What is the model abbreviation?,Text (Alphanumeric),,GC,GC,GC,GC,GC,GC,GC,GC,GC,GC,GC,GC,GC
Scenario context,Scenario name,What is the full scenario name?,Text (Alphanumeric),,Consumer Activism,Consumer Reluctance,Distributed Effort,Cambridge Architectural Research,Climact,WEC PSI-Jazz,WEC PSI-Symphony,TICM-UCL 4DS,TICM-UCL 2DS,RCP 2.6,RCP 8.5,RCP 6.0,Low Action on Forests
Scenario context,Category,What category does this scenario fit under?,Picklist,BAU/reference; NDCs; NDCs-Conditional; NDCs-Unconditional; Decarbonization; not specified,Decarbonization,Decarbonization,Decarbonization,not specified,not specified,not specified,not specified,BAU/reference,Decarbonization,not specified,not specified,not specified,Decarbonization
Scenario context,Purpose/Objective,What was the original purpose or objective of the scenario? Why was it created?,Text (Alphanumeric),,"The ""Consumer Activism"" scenario is a plausible 2 degree scenario created by the Global Calculator team. In this scenario, people around the world are concerned about technologies perceived at risk of having unintended adverse side effects on the natural environment. Consumers actively embrace changes to the technologoes they use and aspects of their lifestyle to ensure we can reach 2 degrees","The ""Consumer Reluctance"" scenario is a plausible 2 degree C scenario created by the Global Calculator team. In this scenario, consumers are reluctant to accept new technologies that have an immediate impact on them. Instead, low-carbon activity happens in a way the consumer is less directly aware of (example: higher use of nuclear and CCS, high afforestation and higher effort on land use)","The ""Distributed Effort"" scenario is a plausible 2 degree scenario created by the Global Calculator team. In this scenario, the effort to decarbonise is spread evenly across all sectors","The ""Cambridge Architectural Research"" scenario illustrates the effect of complete phasing out of coal for electricity generation by 2050, improvements in generation efficiencies, 50% rise in nuclear power through 2050 and modest use of carbon capture and storage","The ""Climact"" scenario illustrates the effect of a realistic but an ambitious lifestyle effort and reducing the energy demand","The ""WEC PSI-Jazz"" scenario has a focus on energy equity with priority given to achieving individual assess and affordability of energy through economic growth","The ""WEC PSI-Symphony"" scenario has a focus on achieving environmental sustainability through internationally coordinated policies and practices","The ""TICM-UCL 4DS"" scenario is an approximate representation of the least cost global energy system generated by the integrated assessment model TIAM-UCL, producing an emissions trajectory that results in around a 60% chance of limiting average global temperature increase to 2 degree C","The ""TICM-UCL 2DS"" scenario is an approximate representation of the least cost global energy system generated by the integrated assessment model TIAM-UCL, producing an emissions trajectory that results in around a 40% chance of the average global temperature exceeding 4 degree C by 2100","The ""RCP 2.6"" scenario illustrates a trajectory of emissions and concentrations of the full suite of greenhouse gases and aerosols and chemically active gases, as well as land use/land cover, where radiative forcing peaks at approximately 3 W/m2 before 2100 and then declines to 2.6 W/m2 in 2100.","The ""RCP 8.5"" scenario illustrates a trajectory of emissions and concentrations of the full suite of greenhouse gases and aerosols and chemically active gases, as well as land use/land cover, where radiative forcing reaches 8.5 W/m2 by 2100 and continues to rise for some amount of time","The ""RCP 6.0"" scenario illustrates a trajectory of emssions and concentrations of the full suite of greenhouse gases and aerosols and chemically active gases, as well as land use/land cover, where total radiative forcing is stabilized at 6.0 W/m2 after 2100 by employing a range of technologies and strategies for reducing greenhouse gas emissions","The ""Low Action on Forests"" scenario is a plausible 2 degree scenario created by the Global Calculator team. In this scenario, there are insufficient measures in place to expand forests, hence non-commercial forests increase by just 1% between 2011 and 2050"
Scenario context,Description,What is a description of the scenario?,Text (Alphanumeric),,"Developed by the Global Calculator team: This is one of four plausible 2 degree C pathways created by the Global Calculator team to generate the messages of our report ""Prosperous living for the world in 2050 (PDF 1.43MB)"". In this pathway, people around the world are concerned about technologies perceived at risk of having unintended adverse side effects on the natural environment (e.g. nuclear power or genetically modified crops). Consumers actively embrace changes to the technologies they use and aspects of their lifestyle to ensure we can reach 2 degree C. Specifically: Relatively low nuclear. Relatively low crop yields (reflecting reluctance to use genetically modified crops and fertilisers). Relatively low livestock intensification (reflecting high value placed on organic/free-range farming practices). Some shift from private to public transport. Some changes in quantity and type of meat consumed (away from beef and lamb, towards poultry and pork). Shift away from a ""disposable society"" by selecting high effort on the ""product lifespan & demand"" lever. This pathway shows that making changes in our lifestyle (for example our dietary and travel choices) can significantly reduce emissions and the effort needed across other sectors. Common features of all four pathways: Lifestyle levers are set at the same level as the IEA 6DS business as usual scenario (with the exception of the ""consumer activism"" pathway, in which the levers ""mode"", ""occupancy & load"", ""car own or hire"", ""quantity of meat"", ""type of meat"" and ""product lifespan & demand"" are altered). All four pathways can be considered consistent with projected patterns of economic development. Population and urbanisation are set at the central UN projections (level 2). Emissions after 2050 are set at around level 2.8 to allow continued reductions toward zero. No level 1s or 4s selected in order to avoid extremely ambitious or pessimistic scenarios. No use of speculative greenhouse gas removal (GGR) technologies as these are unproven.","Developed by the Global Calculator team: This is one of four plausible 2 degree C pathways created by the Global Calculator team to generate the messages of our report Prosperous living for the world in 2050 (PDF 1.43MB). In this pathway, consumers are reluctant to accept new technologies that have an immediate impact on them. In particular: Transport: continued use of internal combustion engines with very low take up of electric and hydrogen vehicles. Buildings: continued use of gas for cooking and relatively low take up of insulation and low carbon heating technologies in homes because the consumer does not want the upheaval. Electricity: less use of wind than some of the other 2 degree C pathways because consumers do not want to see changes to their landscape. Wastes and residues: relatively low collection of waste by households. Instead, the low-carbon activity happens in a way the consumer is less directly aware of: Higher use of nuclear and CCS. Higher effort on land use (higher food yields, etc.) and relatively high afforestation. This is a low electrification pathway, with high use of bioenergy. This pathway shows that it is possible to have low consumer acceptance of technologies that have a direct impact on them. But it means you have to be very ambitious elsewhere, especially across all areas of land use, food production, energy efficiency, transport and industry. Common features of all four pathways: Lifestyle levers are set at the same level as the IEA 6DS business as usual scenario (with the exception of the ""consumer activism"" pathway, in which the levers ""mode"", ""occupancy & load"", ""car own or hire"", ""quantity of meat"", ""type of meat"" and ""product lifespan & demand"" are altered). All four pathways can be considered consistent with projected patterns of economic development. Population and urbanisation are set at the central UN projections (level 2). Emissions after 2050 are set at around level 2.8 to allow continued reductions toward zero. No level 1s or 4s selected in order to avoid extremely ambitious or pessimistic scenarios. No use of speculative greenhouse gas removal (GGR) technologies as these are unproven.","Developed by the Global Calculator team: This is one of four plausible 2 degree C pathways created by the Global Calculator team to generate the messages of our report Prosperous living for the world in 2050 (PDF 1.43MB). In this pathway, the effort to decarbonise is spread fairly evenly across all sectors. Specifically, level 2.8 across all technology and fuel, and land and food levers. Common features of all four pathways: Lifestyle levers are set at the same level as the IEA 6DS business as usual scenario (with the exception of the ""consumer activism"" pathway, in which the levers ""mode"", ""occupancy & load"", ""car own or hire"", ""quantity of meat"", ""type of meat"" and ""product lifespan & demand"" are altered). All four pathways can be considered consistent with projected patterns of economic development. Population and urbanisation are set at the central UN projections (level 2). Emissions after 2050 are set at around level 2.8 to allow continued reductions toward zero. No level 1s or 4s selected in order to avoid extremely ambitious or pessimistic scenarios. No use of speculative greenhouse gas removal (GGR) technologies as these are unproven.","Developed by Cambridge Architectural Research: We tried to do as much as possible using proven technologies, and avoid any of the extreme 'Level 4' options. We did as much as we thought possible by insulating and improving the efficiency of buildings, and power generation efficiencies, and made maximum use of renewables. We didn't think you can dictate to people how far they travel, or the size of the buildings they use, or the foods they eat. And we did all we could to avoid any increase in nuclear power because of the problems of disposing of nuclear waste (a legacy we shouldn't leave future generations). However, it simply was not possible to achieve even a 50% chance of sticking to the IPCC's 2 degree threshold without using more nuclear power. We ended up modelling a 50% rise in nuclear power through to 2050: up to 558 GW globally. Our pathway sees a complete phasing-out of coal for electricity generation: from 60% of power from goal today to nothing by 2050. And simultaneous improvements in generation efficiencies-partly from greater use of combined cycle gas turbines, partly from improved efficiencies in coal-fired power. We modelled modest use of carbon-capture and storage (still unproven at scale): around 250 GW of installed capacity worldwide by 2050.","Developed by Climact: Lifestyle: Our pathway strives for a realistic but ambitious lifestyle effort at level ~3, in part because these changes have positive impacts on other areas than Energy/CO2, including on costs of course. It's worth noting again how key the diet choices are, and particularly the ""type of meat"" lever. I was eager to push this lever to 3,5, but we wanted stay realistic in our Lifestyle assumptions. I still think governments should push much stronger and tax these significantly in the long run. Technology and fuels: The demand side is pushed a little more than the supply side (up to level 3), as reducing energy demand has other side effects than CO2 and leads to a more resilient system. No CCS is used as it seems it can be avoided (I am impressed by this finding, but I am not sure it holds after 2050, as I see negative emissions, can you confirm?), there is a lot of uncertainty around it and this leads additional material requirements. Nuclear is kept at today's levels (level 1,5) as it is unrealistic to think it will not be used by some countries. But more emphasis is set on RES at level 2,3. Fossil fuel efficiency at 3 at is of paramount importance to use the fossil fuels we have most efficiently, and we push for more gas use in power production. Land and food: We do not push land and food levers too far as this could lead to other serious issues (e.g., extensive use of fertilizer, large need of water). Much of the surplus land is simply used to regenerate forests and grasslands. Demographics: we keep the standard level 2 assumptions which we understand are the UN base case assumptions. Emissions after 2050: level 2,7, which was used in the balanced pathway. All in all it is attractive as it reduces investments significantly, and leads to much lower costs overall, this is of course related to larger lifestyle and efficiency efforts.","Developed by the World Energy Council (WEC): One of WEC's two World Energy Scenarios to 2050, Jazz has a focus on energy equity with priority given to achieving individual access and affordability of energy through economic growth. The Jazz scenario represents a world where there is a consumer focus on achieving energy access, affordability, and quality of supply with the use of best available energy sources. The main players are multi-national companies, banks, venture capitalists, and price-conscious consumers. Energy sources compete on basis of price and availability and technologies are chosen in competitive markets. Renewable and low carbon energy grows in line with market selection and in the absence of internationally agreed commitment, a global carbon market grows more slowly from bottom up based on regional, national and local initiatives. Free-trade strategies lead to increased exports, while faster convergence across countries, higher international competition and low environmental constraints lead to higher GDP growth. Built through consultaton with experts worldwide using a global multi-regional MARKAL (GMM) model, WEC's World Energy Scenarios to 2050 are designed to glimpse what the future might look like in a plausible and maybe challenging manner - yet they are not meant to be exact or precise forecasts. These scenarios are designed to help a range of stakeholders address the ""energy trilemma"" of achieving environmental sustainability, energy security, and energy equity and hence putting forward different policy options. For more information, please visit WEC's website.","Developed by the World Energy Council (WEC): One of WEC's two World Energy Scenarios to 2050, Symphony has a focus on achieving environmental sustainability through internationally coordinated policies and practices. In the Symphony scenario, there is a voter consensus on driving environmental sustainability and energy security through corresponding practices and policies. The main players are governments, the public sector, private companies, NGOs, and environmentally minded voters. Selected energy sources are subsidised and incentivised by governments and certain types of renewable and low carbon energy are actively promoted by governments. Carbon market is top-down, based on an international agreement with commitments and allocations. Some nationalistic strategies result in reduced imports/exports.  As there is less cross-border convergence, more environmental constraints and a more capital-intensive growth pathway, GDP growth in the Symphony scenario is slightly lower. Built through consultaton with experts worldwide using a global multi-regional MARKAL (GMM) model, WEC's World Energy Scenarios to 2050 are designed to glimpse what the future might look like in a plausible and maybe challenging manner - yet they are not meant to be exact or precise forecasts. These scenarios are designed to help a range of stakeholders address the ""energy trilemma"" of achieving environmental sustainability, energy security, and energy equity and hence putting forward different policy options. For more imformation, please visit the WEC website.","Developed by UCL: This pathway is an approximate representation of the least-cost global energy system generated by the integrated assessment model TIAM-UCL, producing an emissions trajectory that results in around a 40% chance of the average global temperature exceeding 4 degree C by 2100. Under this reference scenario current energy practices are expected to continue into the future and high emission levels are allowed since no climate change mitigation policy is applied. TIAM-UCL finds the energy system that maximises social welfare subject to the imposed constraints. No constraints are placed on emissions reduction, however, and so global CO2 emissions continue to rise out to 2050 (and beyond) such that they increase by almost 45% by 2050. There are also no requirements for other non-energy sectors to reduce non-CO2 emissions. The impacts or damages that are likely to result from a 4 degree C temperature rise are not included within the model or the optimisation process.","Developed by UCL: This pathway is an approximate representation of the least-cost global energy system generated by the integrated assessment model TIAM-UCL. The original pathway produces an emissions trajectory that recent climate science research indicates gives around a 60% chance of limiting average global temperature increase to 2 degree C. TIAM-UCL finds the energy system that maximises social welfare subject to the imposed constraints. For this scenario up to 2020 it assumes that emissions reductions follow the pledges made as part of the Copenhagen Accord only. After 2020 emissions can fall at any rate but we constrain the model to ensure that the average surface temperature rise does not exceed 2 degree C in any period i.e. no 'overshoot' of temperature is allowed. This results in global CO2 emissions falling by nearly 45% by 2050. It is assumed that there are commensurate reductions in sectors outside the energy sector, particularly in those that result in high volumes of non-CO2 emissions such as the agriculture sector.","Developed for the Global Calculator by Dr. Rajiv Kumar Chaturvedi at the Indian Institute of Science: The Representative Concentration Pathways (RCPs) were developed by the scientific community, and IPCC adopted these pathways for their Fifth Assessment Report (AR5). RCP 2.6 (also referred to as RCP3-PD) is the lowest in terms of radiative forcing among the four representative concentration pathways. This particular scenario is developed by the IMAGE modeling team of the Netherlands Environmental Assessment Agency (Van Vuuren et al., 2007). It includes a pathway of time series of emissions and concentrations of the full suite of greenhouse gases and aerosols and chemically active gases, as well as land use/land cover, where radiative forcing peaks at approximately 3 W/m2 before 2100 and then declines to 2.6 W/m2 in 2100. In order to investigate a broad range of possible climate futures, RCP 2.6 (lowest among the RCPs) assumes small constant net negative emissions after 2100 (as against RCP 8.5 that assumes stabilization with high emissions between 2100 and 2150, then a linear decrease until 2250). As the RCP 2.6 implies net negative CO2 emissions after around 2070 and throughout the extension, under this pathway CO2 concentrations are slowly reduced towards 360 ppm by 2300 (in comparison to 2000 ppm in the RCP 8.5 scenario). In comparison to the earlier SRES scenarios RCP 2.6 is lower than any of the SRES scenarios.","Developed for the Global Calculator by Dr. Rajiv Kumar Chaturvedi at the Indian Institute of Science: The Representative Concentration Pathways (RCPs) were developed by the scientific community, and IPCC adopted these pathways for their Fifth Assessment Report (AR5). RCP 8.5 pathway: RCP 8.5 is the highest in terms of radiative forcing among the four representative concentration pathways. This particular scenario is developed by the MESSAGE modeling team and the IIASA Integrated Assessment Framework at the International Institute for Applies Systems Analysis (IIASA) (Riahi et al., 2007). It includes a pathway of time series of emissions and concentrations of the full suite of greenhouse gases and aerosols and chemically active gases, as well as land use/land cover, where radiative forcing reaches 8.5 W/m2 by 2100 and continues to rise for some amount of time. In order to investigate a broad range of possible climate futures, RCP 8.5 (highest among the RCPs) assumes high emissions between 2100 and 2150 and assumes to stabilize the concentrations only by 2250, at CO2 concentrations of approximately 2000 ppm, nearly seven times the pre-industrial levels (as against the 360 ppm of RCP 2.6 by 2300). In comparison to the earlier SRES scenarios RCP 8.5 is somewhat higher than A2 in 2100 and close to the SRES A1FI scenario.","Developed for the Global Calculator by Dr. Rajiv Kumar Chaturvedi at the Indian Institute of Science: The Representative Concentration Pathways (RCPs) were developed by the scientific community, and IPCC adopted these pathways for their Fifth Assessment Report (AR5). RCP 6.0 pathway: RCP6.0 is one of the two intermediate stabilization pathways (higher medium) among the four representative concentration pathways, the lower intermediate stabilization pathway being RCP4.5. This particular scenario is developed by the AIM modeling team at the National Institute for Environmental Studies (NIES), Japan (Fujino et al., 2006; Hijioka et al., 2008). It is a stabilization pathway of time series of emissions and concentrations of the full suite of greenhouse gases and aerosols and chemically active gases, as well as land use/land cover, where total radiative forcing is stabilized at 6.0 W/m2 after 2100 by employing a range of technologies and strategies for reducing greenhouse gas emissions. RCP 6.0 aims for a smooth stabilization of concentrations by 2150. In comparison to the earlier SRES scenarios RCP6 is close to SRES A1B (more after 2100 than during the 21st century).","Developed by the Global Calculator team: This is one of four plausible 2 degree C pathways created by the Global Calculator team to generate the messages of our report Prosperous living for the world in 2050 (PDF 1.43MB). In this pathway there are insufficient measures in place to expand forests, so non-commercial forest increases by just 1% between 2011 and 2050. Lack of protection of forests means that there is little incentive to boost food yields, so crop and livestock yields are relatively low. There is very little land for bioenergy, so high electrification is necessary. This pathway shows that protecting and expanding our forest area plays a critical role towards meeting our 2 degree C target. Failure to expand forest area significantly means that very ambitious action will have to be taken across a range of other sectors. Common features of all four pathways: Lifestyle levers are set at the same level as the IEA 6DS business as usual scenario (with the exception of the ""consumer activism"" pathway, in which the levers ""mode"", ""occupancy & load"", ""car own or hire"", ""quantity of meat"", ""type of meat"" and ""product lifespan & demand"" are altered). All four pathways can be considered consistent with projected patterns of economic development. Population and urbanisation are set at the central UN projections (level 2). Emissions after 2050 are set at around level 2.8 to allow continued reductions toward zero. No level 1s or 4s selected in order to avoid extremely ambitious or pessimistic scenarios. No use of speculative greenhouse gas removal (GGR) technologies as these are unproven."
Scenario context,Key Usage,What is this scenario known for? What topical area(s) is it especially useful for?,Text (Alphanumeric),,,,,,,,,,,,,,
Scenario context,Project,If applicable list model comparison or individual project,Text (Alphanumeric),,,,,,,,,,,,,,
Scenario context,Literature Reference,Was the scenario used in a publication? provide literature reference,Text (Alphanumeric),,,,,,,,,,,,,,
Coverage,Geographic Coverage-Country,What are the geographic regions and/or countries that are covered by the scenario?,Picklist,United States; Afghanistan; Aland Islands; Albania; Algeria; American Samoa; Andorra; Angola; Anguilla; Antarctica; Antigua and Barbuda; Argentina; Armenia; Aruba; Australia; Austria; Azerbaijan; Bahamas; Bahrain; Bangladesh; Barbados; Belarus; Belgium; Belize; Benin; Bermuda; Bhutan; Bolivia; Bosnia and Herzegovina; Botswana; Bouvet Island; Brazil; British Virgin Islands; British Indian Ocean Territory; Brunei Darussalam; Bulgaria; Burkina Faso; Burundi; Cambodia; Cameroon; Canada; Cape Verde; Cayman Islands; Central African Republic; Chad; Chile; China; Hong Kong; Macao; Christmas Island; Cocos Islands; Colombia; Comoros; Congo Brazzaville; Congo Kinshasa; Cook Islands; Costa Rica; Côte d'Ivoire; Croatia; Cuba; Cyprus; Czech Republic; Denmark; Djibouti; Dominica; Dominican Republic; Ecuador; Egypt; El Salvador; Equatorial Guinea; Eritrea; Estonia; Ethiopia; Falkland Islands; Faroe Islands; Fiji; Finland; France; French Guiana; French Polynesia; French Southern Territories; Gabon; Gambia; Georgia; Germany; Ghana; Gibraltar; Greece; Greenland; Grenada; Guadeloupe; Guam; Guatemala; Guernsey; Guinea; Guinea-Bissau; Guyana; Haiti; Swaziland; Heard and Mcdonald Islands; Honduras; Hungary; Iceland; India; Indonesia; Iran; Iraq; Ireland; Isle of Man; Israel; Italy; Jamaica; Japan; Jersey; Jordan; Kazakhstan; Kenya; Kiribati; North Korea; South Korea; Kuwait; Kyrgyzstan; Lao; Latvia; Lebanon; Lesotho; Liberia; Libya; Liechtenstein; Lithuania; Luxembourg; Macedonia; Madagascar; Malawi; Malaysia; Maldives; Mali; Malta; Marshall Islands; Martinique; Mauritania; Mauritius; Mayotte; Mexico; Micronesia; Moldova; Monaco; Mongolia; Montenegro; Montserrat; Morocco; Mozambique; Myanmar; Namibia; Nauru; Nepal; Netherlands; Netherlands Antilles; New Caledonia; New Zealand; Nicaragua; Niger; Nigeria; Niue; Norfolk Island; Northern Mariana Islands; Norway; Oman; Pakistan; Palau; Palestinian Territory; Panama; Papua New Guinea; Paraguay; Peru; Philippines; Pitcairn; Poland; Portugal; Puerto Rico; Qatar; Réunion; Romania; Rwanda; Saint-Barthélemy; Saint Helena; Saint Kitts and Nevis; Saint Lucia; Saint-Martin; Saint Pierre and Miquelon; Saint Vincent and Grenadines; Samoa; San Marino; Sao Tome and Principe; Saudi Arabia; Senegal; Serbia; Seychelles; Sierra Leone; Singapore; Slovakia; Slovenia; Solomon Islands; Somalia; South Africa; South Georgia and the South Sandwich Islands; South Sudan; Spain; Sri Lanka; Sudan; Suriname; Svalbard and Jan Mayen Islands; Sweden; Switzerland; Syria; Taiwan; Tajikistan; Tanzania; Thailand; Timor-Leste; Togo; Tokelau; Tonga; Trinidad and Tobago; Tunisia; Turkey; Turkmenistan; Turks and Caicos Islands; Tuvalu; Uganda; Ukraine; United Arab Emirates; United Kingdom; US Minor Outlying Islands; Uruguay; Uzbekistan; Vanuatu; Venezuela; Viet Nam; US Virgin Islands; Wallis and Futuna Islands; Western Sahara; Yemen; Zambia; Zimbabwe; Russia,World,World,World,World,World,World,World,World,World,World,World,World,World
Coverage,Sectoral Coverage,What economic sectors are covered by the scenario?,Picklist,"agriculture; buildings (residential and commercial); electricity; forestry; fugitive emissions; industry; industry and industrial processes; land-use, land-use change, and forestry (LULUCF); services; transportation; waste","Transport; Buidings; Manufacturing; Electricity and fossil fuels; Land, bioenergy and food; Greenhouse gas removal; Climate science; Costs","Transport; Buidings; Manufacturing; Electricity and fossil fuels; Land, bioenergy and food; Greenhouse gas removal; Climate science; Costs","Transport; Buidings; Manufacturing; Electricity and fossil fuels; Land, bioenergy and food; Greenhouse gas removal; Climate science; Costs","Transport; Buidings; Manufacturing; Electricity and fossil fuels; Land, bioenergy and food; Greenhouse gas removal; Climate science; Costs","Transport; Buidings; Manufacturing; Electricity and fossil fuels; Land, bioenergy and food; Greenhouse gas removal; Climate science; Costs","Transport; Buidings; Manufacturing; Electricity and fossil fuels; Land, bioenergy and food; Greenhouse gas removal; Climate science; Costs","Transport; Buidings; Manufacturing; Electricity and fossil fuels; Land, bioenergy and food; Greenhouse gas removal; Climate science; Costs","Transport; Buidings; Manufacturing; Electricity and fossil fuels; Land, bioenergy and food; Greenhouse gas removal; Climate science; Costs","Transport; Buidings; Manufacturing; Electricity and fossil fuels; Land, bioenergy and food; Greenhouse gas removal; Climate science; Costs","Transport; Buidings; Manufacturing; Electricity and fossil fuels; Land, bioenergy and food; Greenhouse gas removal; Climate science; Costs","Transport; Buidings; Manufacturing; Electricity and fossil fuels; Land, bioenergy and food; Greenhouse gas removal; Climate science; Costs","Transport; Buidings; Manufacturing; Electricity and fossil fuels; Land, bioenergy and food; Greenhouse gas removal; Climate science; Costs","Transport; Buidings; Manufacturing; Electricity and fossil fuels; Land, bioenergy and food; Greenhouse gas removal; Climate science; Costs"
Coverage,Gas & Pollutant Coverage,What greenhouse gases and other pollutants are covered by the scenario?,Picklist,"BC; CO; CO2; CH4; F-gases (HFC, PFC, SF6); HFCs; Kyoto gases; not applicable; not specified; NMVOC; Nox; N2O; OC; PFCs; PM10; PM2.5; Sox; SO2; Sulfur; sulfur aerosols; VOC",Carbon dioxide; Methane; Nitrous oxide,Carbon dioxide; Methane; Nitrous oxide,Carbon dioxide; Methane; Nitrous oxide,Carbon dioxide; Methane; Nitrous oxide,Carbon dioxide; Methane; Nitrous oxide,Carbon dioxide; Methane; Nitrous oxide,Carbon dioxide; Methane; Nitrous oxide,Carbon dioxide; Methane; Nitrous oxide,Carbon dioxide; Methane; Nitrous oxide,Carbon dioxide; Methane; Nitrous oxide,Carbon dioxide; Methane; Nitrous oxide,Carbon dioxide; Methane; Nitrous oxide,Carbon dioxide; Methane; Nitrous oxide
Coverage,Policy Coverage,What policies are covered by the scenario?,Picklist,accelerated deployment of energy technologies; air pollution measures; border tariff; cap-and-trade; carbon price; carbon tax; CO2 concentration target; electric vehicles; emissions cap; emissions trading; energy efficiency standards; energy tax; feed-in tariff; fuel economy standards; fuel switching; import tax; investment incentives; methane leakage; performance standards; permit trading; production subsidies; radiative forcing limit; renewable portfolio standards; regulations; research and development (R&D) measures; revenue recycling; subsidies; tax credits and incentives; taxes; technology capacity targets; technology switching; temperature limit; tradable certificates; permits or allowances,,,,,,,,,,,,,
Coverage,Technology Coverage,What technologies are covered by the scenario?,Picklist,BECCS; BioCCS; bioenergy; CCS; cogeneration; combined heat and power (CHP); distributed generation; electric vehicles; energy efficiency; energy use technologies; fuel cells; full electrification in transport; heat pumps; hydraulic power; hydrogen; hydrogen systems; IGCC; nuclear; renewables; RES; storage,"Transportation technologies, Electricicity technologies, Greenhouse gas removal technologies","Transportation technologies, Electricicity technologies, Greenhouse gas removal technologies","Transportation technologies, Electricicity technologies, Greenhouse gas removal technologies","Transportation technologies, Electricicity technologies, Greenhouse gas removal technologies","Transportation technologies, Electricicity technologies, Greenhouse gas removal technologies","Transportation technologies, Electricicity technologies, Greenhouse gas removal technologies","Transportation technologies, Electricicity technologies, Greenhouse gas removal technologies","Transportation technologies, Electricicity technologies, Greenhouse gas removal technologies","Transportation technologies, Electricicity technologies, Greenhouse gas removal technologies","Transportation technologies, Electricicity technologies, Greenhouse gas removal technologies","Transportation technologies, Electricicity technologies, Greenhouse gas removal technologies","Transportation technologies, Electricicity technologies, Greenhouse gas removal technologies","Transportation technologies, Electricicity technologies, Greenhouse gas removal technologies"
Coverage,Energy Resource Coverage,What fuel types are covered by the scenario?,Picklist,biofuels; biogas; biomass; biomass w/ CCS; biomass w/o CCS; coal; coal w/ CCS; coal w/o CCS; electricity; fossil; fossil w/ CCS; fossil w/o CCS; gas; gas unconventional; gas w/ CCS; gas w/o CCS; geothermal; heat; hydro; hydrogen; limestone; liquids; natural gas; non-biomass renewable; not applicable; not specified; nuclear; ocean; oil; oil w/ CCS; oil w/o CCS; other renewable energy; petroleum; petroleum and other liquids; renewables; solar; solar CSP; solar PV; tidal; uranium; waste; wave; wind; wind-offshore; wind-onshore,Solar; Wind; Marine; Geothermal; Hydro; Nuclear; Coal; Oil; Gas; Biomass and waste,Solar; Wind; Marine; Geothermal; Hydro; Nuclear; Coal; Oil; Gas; Biomass and waste,Solar; Wind; Marine; Geothermal; Hydro; Nuclear; Coal; Oil; Gas; Biomass and waste,Solar; Wind; Marine; Geothermal; Hydro; Nuclear; Coal; Oil; Gas; Biomass and waste,Solar; Wind; Marine; Geothermal; Hydro; Nuclear; Coal; Oil; Gas; Biomass and waste,Solar; Wind; Marine; Geothermal; Hydro; Nuclear; Coal; Oil; Gas; Biomass and waste,Solar; Wind; Marine; Geothermal; Hydro; Nuclear; Coal; Oil; Gas; Biomass and waste,Solar; Wind; Marine; Geothermal; Hydro; Nuclear; Coal; Oil; Gas; Biomass and waste,Solar; Wind; Marine; Geothermal; Hydro; Nuclear; Coal; Oil; Gas; Biomass and waste,Solar; Wind; Marine; Geothermal; Hydro; Nuclear; Coal; Oil; Gas; Biomass and waste,Solar; Wind; Marine; Geothermal; Hydro; Nuclear; Coal; Oil; Gas; Biomass and waste,Solar; Wind; Marine; Geothermal; Hydro; Nuclear; Coal; Oil; Gas; Biomass and waste,Solar; Wind; Marine; Geothermal; Hydro; Nuclear; Coal; Oil; Gas; Biomass and waste
Coverage,Time Horizon,How far does the model run into the future?,Picklist,2030; 2040; 2050; 2100; 2150; manual,2100,2100,2100,2100,2100,2100,2100,2100,2100,2100,2100,2100,2100
Coverage,Time Step,What time interval is used for the model output?,Picklist,1; 2; 5; 10; 20; manual,10,10,10,10,10,10,10,10,10,10,10,10,10
Coverage,Policy Coverage Detailed,What policies are covered by the scenario?,Text (Alphanumeric),,,,,,,,,,,,,,
Coverage,Technology Coverage Detailed,What technologies are covered by the scenario?,Text (Alphanumeric),,"Hydrogen powered vehicles; Electric vehicles; Internal combustion engine vehicles; Plug-in hybrid vehicles; Solid fuel power plants, liquid fuel power plants; Gas fuel power plants; Nuclear; Solar; Wind; Marine; Hydro; Geothermal; Carbon capture and storage","Hydrogen powered vehicles; Electric vehicles; Internal combustion engine vehicles; Plug-in hybrid vehicles; Solid fuel power plants, liquid fuel power plants; Gas fuel power plants; Nuclear; Solar; Wind; Marine; Hydro; Geothermal; Carbon capture and storage","Hydrogen powered vehicles; Electric vehicles; Internal combustion engine vehicles; Plug-in hybrid vehicles; Solid fuel power plants, liquid fuel power plants; Gas fuel power plants; Nuclear; Solar; Wind; Marine; Hydro; Geothermal; Carbon capture and storage","Hydrogen powered vehicles; Electric vehicles; Internal combustion engine vehicles; Plug-in hybrid vehicles; Solid fuel power plants, liquid fuel power plants; Gas fuel power plants; Nuclear; Solar; Wind; Marine; Hydro; Geothermal; Carbon capture and storage","Hydrogen powered vehicles; Electric vehicles; Internal combustion engine vehicles; Plug-in hybrid vehicles; Solid fuel power plants, liquid fuel power plants; Gas fuel power plants; Nuclear; Solar; Wind; Marine; Hydro; Geothermal; Carbon capture and storage","Hydrogen powered vehicles; Electric vehicles; Internal combustion engine vehicles; Plug-in hybrid vehicles; Solid fuel power plants, liquid fuel power plants; Gas fuel power plants; Nuclear; Solar; Wind; Marine; Hydro; Geothermal; Carbon capture and storage","Hydrogen powered vehicles; Electric vehicles; Internal combustion engine vehicles; Plug-in hybrid vehicles; Solid fuel power plants, liquid fuel power plants; Gas fuel power plants; Nuclear; Solar; Wind; Marine; Hydro; Geothermal; Carbon capture and storage","Hydrogen powered vehicles; Electric vehicles; Internal combustion engine vehicles; Plug-in hybrid vehicles; Solid fuel power plants, liquid fuel power plants; Gas fuel power plants; Nuclear; Solar; Wind; Marine; Hydro; Geothermal; Carbon capture and storage","Hydrogen powered vehicles; Electric vehicles; Internal combustion engine vehicles; Plug-in hybrid vehicles; Solid fuel power plants, liquid fuel power plants; Gas fuel power plants; Nuclear; Solar; Wind; Marine; Hydro; Geothermal; Carbon capture and storage","Hydrogen powered vehicles; Electric vehicles; Internal combustion engine vehicles; Plug-in hybrid vehicles; Solid fuel power plants, liquid fuel power plants; Gas fuel power plants; Nuclear; Solar; Wind; Marine; Hydro; Geothermal; Carbon capture and storage","Hydrogen powered vehicles; Electric vehicles; Internal combustion engine vehicles; Plug-in hybrid vehicles; Solid fuel power plants, liquid fuel power plants; Gas fuel power plants; Nuclear; Solar; Wind; Marine; Hydro; Geothermal; Carbon capture and storage","Hydrogen powered vehicles; Electric vehicles; Internal combustion engine vehicles; Plug-in hybrid vehicles; Solid fuel power plants, liquid fuel power plants; Gas fuel power plants; Nuclear; Solar; Wind; Marine; Hydro; Geothermal; Carbon capture and storage","Hydrogen powered vehicles; Electric vehicles; Internal combustion engine vehicles; Plug-in hybrid vehicles; Solid fuel power plants, liquid fuel power plants; Gas fuel power plants; Nuclear; Solar; Wind; Marine; Hydro; Geothermal; Carbon capture and storage"
Targets,Climate Target Type,"What climate target does this scenario use (e.g., 1.5 DC, 2 DC, 450 ppm, 2.6 W/m2, etc.)?",Picklist,carbon budget; emissions concentration target; not applicable; not specified; radiative forcing; temperature target,2 DC,2 DC,2 DC,Not specified,Not specified,,,,,,,,2 DC
Targets,Climate Target Detailed,"What specific climate targets are included in this scenario (e.g. 450 ppm, 2 DC, etc.)?",Text (Alphanumeric),,,,,,,,,,,,,,
Targets,Climate Target Date,In what date (year) does the target have to be achieved?,Text (Alphanumeric),,,,,,,,,,,,,,
Targets,Overshoot,Is overshoot of the target end date allowed?,Picklist,yes; no; not specified,,,,,,,,,,,,,
Targets,Other Target Type,"Is there another target type included in the scenario? E.g. energy access, poverty alleviation",Text (Alphanumeric),,,,,,,,,,,,,,
Targets,Other Target,Please describe the target included.,Text (Alphanumeric),,,,,,,,,,,,,,
Assumptions,Large-scale BioCCS,Does the scenario rely on deployment of large-scale bioenergy with carbon capture and storage for emission mitigation?,Picklist,no; not applicable; not specified; yes,,,,,,,,,,,,,
Assumptions,Technology Assumptions,"What technology assumptions are included in the model (e.g., cost curves, lifetime, efficiency, availability factor and build rates)?",Text (Alphanumeric),,,,,,,,,,,,,,
Assumptions,GDP Assumptions,What assumptions are made for GDP growth?,Text (Alphanumeric),,,,,,,,,,,,,,
Assumptions,Population Assumptions,What assumptions are made for population growth?,Text (Alphanumeric),,,,,The population rises to 8.3 billion in 2050,The population rises to 9.6 billion in 2050,,,,,,,,
Assumptions,Global Warming Potentials,What global warming potentials (GWP's) are used for different greenhouse gases?,Text (Alphanumeric),,,,,,,,,,,,,,
Assumptions,Policy Cut-off Year for Baseline,After which year are no new policies or actions included in the baseline scenario?,Text (Alphanumeric),,,,,,,,,,,,,,
Assumptions,Burden Sharing,Which burden sharing regime was assumed for this scenario?,Text (Alphanumeric),,,,,,,,,,,,,,
Assumptions,Discount Rates,What social and private discount rates are used in the model for this scenario?,Text (Alphanumeric),,,,,,,,,,,,,,
Assumptions,Emission Factors,What emission factors are included for technologies of electricity generation and transportation?,Text (Alphanumeric),,,,,,,,,,,,,,