Category,Indicator,Definition/Input Explanation,Data Type,Picklist options (Data Entry),Scenario 1,Scenario 2,Scenario 3,Scenario 4
Model and provider,Model Abbreviation,What is the model abbreviation?,Text (Alphanumeric),,GCAM,GCAM,GCAM,GCAM
Scenario context,Scenario name,What is the full scenario name?,Text (Alphanumeric),,Paris - Continued ambition,No policy,Low policy,Paris - Increased ambition
Scenario context,Category,What category does this scenario fit under?,Picklist,BAU/reference; NDCs; NDCs-Conditional; NDCs-Unconditional; Decarbonization; not specified,Decarbonization,BAU/reference,BAU/reference,Decarbonization
Scenario context,Purpose/Objective,What was the original purpose or objective of the scenario? Why was it created?,Text (Alphanumeric),,"The ""Paris - Continued ambition"" scenario Illustrates the potential implications of INDCs. In this secnario, parties meet their INDC targets until 2030 and adopt larger of either decarbonization rate implied by INDC or low minimum decarbonization rate from 2030-2100","The ""Reference"" scenario serves as a counterfactual against which to compare other scenarios. In this scenario, no new policies or measures designed primarily to mitigate greenhouse gas emissions","The ""Low policy"" scenario serves as a counterfactual against which to compare other scenarios. In this scenario, no new greenhouse gas mitigation policy until 2030 and low minimum decarbonization rate from 2030-2100","The ""Paris - Increased ambition"" scenario Illustrates the potential implications of INDCs. In this scenario, parties meet their INDC targets until 2030 and adopt larger of either decarbonization rate implied by INDC or high minimum decarbonization rate from 2030-2100"
Scenario context,Description,What is a description of the scenario?,Text (Alphanumeric),,"The Paris-Continued Ambition scenario assumes that countries continue to decarbonize their economies beyond 2030 with the same annual decarbonization rate that was required to achieve their INDCs between 2020 and 2030. If their decarbonization rate is below a specified minimum (2% per year), they instead follow a muddling through path defined by that 2% minimum rate. It is important to clarify the logic behind the setting up of minimum decarbonization rates in the Paris scenarios in the first place. Countries with high decarbonization rates required to meet their INDC commitments will need to follow up their INDC commitments with very aggressive action post-2030 in order to maintain their decarbonization rates. For the U.S., the E.U. and other countries whose INDCs are in the form of an absolute emissions level (equivalently a reduction from a specified historic emissions level), a high constant decarbonization rate requires rapidly falling emissions targets after 2030. The ""low hanging fruit"" for post-2030 emissions reductions is thus from the countries with very low required decarbonizatio rates embodied in their INDCs. For many of the developing countries, decarbonization rates below 2% can still imply growing emissions levels. These countries are more likely to be able to increase their decarboniztion rates post- 2030, even with modest improvements in emissions targets.","The Reference-No Policy scenario assumes no new greenhouse gas (GHG) mitigation actions throughout the 21st century and serves as a counterfactual against which to compare the other scenarios. Note that our Reference scenarios do not include policies in place after 2010, which is the base (calibration) year for GCAM. By extension, these scenarios do not include recently announced policies, for e.g. the Clean Power Plan in the U.S.A. or emissions trading mechanisms or carbon price mechanisms in other parts of the globe since these scenarios are, by construction, designed to serve as counterfactuals against which to compare the mitigation scenarios rather than a forecast or most likely scenarios. This approach is consistent with many scenarios in the literature (for e.g., the IPCC AR5 scenarios) (37, 47-49).","The Reference-Low Policy, also a counterfactual scenario, illustrates a world in which there are no new GHG mitigation actions through 2030, and countries ""muddle through"" with weak policies beyond 2030 that achieve a 2% annual rate of improvement in CO2 emissions per unit of GDP (""decarbonization rate""). Note that our Reference scenarios do not include policies in place after 2010, which is the base (calibration) year for GCAM. By extension, these scenarios do not include recently announced policies, for e.g. the Clean Power Plan in the U.S.A. or emissions trading mechanisms or carbon price mechanisms in other parts of the globe since these scenarios are, by construction, designed to serve as counterfactuals against which to compare the mitigation scenarios rather than a forecast or most likely scenarios. This approach is consistent with many scenarios in the literature (for e.g., the IPCC AR5 scenarios) (37, 47-49).","In the Paris-Increased Ambition scenario assumes a higher minimum decarbonization rate (5% per year) beyond 2030. In other words, the Paris-Increased Ambition scenario assumes that countries continue to decarbonize their economies beyond 2030 with the same annual decarbonization rate that was required to achieve their INDCs between 2020 and 2030. However, if their decarbonization rate is below 5% per year, they instead follow the trajectory defined by that 5% rate. This minimum rate is consistent with the average decarbonization rate required by the E.U. and the U.S.A. to achieve their INDCs from 2020 to 2030"
Scenario context,Key Usage,What is this scenario known for? What topical area(s) is it especially useful for?,Text (Alphanumeric),,Illustrate the Effect of Intended Nationally Determined Contributions and relatively higher decarbonization efforts,Illustrate the Effect of no decarbonization efforts,Illustrate the effect of low decarbonization efforts,Illustrate the Effect of Intended Nationally Determined Contributions and high decarbonization efforts
Scenario context,Project,If applicable list model comparison or individual project,Text (Alphanumeric),,,,,
Scenario context,Literature Reference,Was the scenario used in a publication? provide literature reference,Text (Alphanumeric),,"Fawcett, Allen A., et al. ""Can Paris pledges avert severe climate change?.""ÊScienceÊ350.6265 (2015): 1168-1169.","Fawcett, Allen A., et al. ""Can Paris pledges avert severe climate change?.""ÊScienceÊ350.6265 (2015): 1168-1169.","Fawcett, Allen A., et al. ""Can Paris pledges avert severe climate change?.""ÊScienceÊ350.6265 (2015): 1168-1169.","Fawcett, Allen A., et al. ""Can Paris pledges avert severe climate change?.""ÊScienceÊ350.6265 (2015): 1168-1169."
Coverage,Geographic Coverage-Country,What are the geographic regions and/or countries that are covered by the scenario?,Picklist,United States; Afghanistan; Aland Islands; Albania; Algeria; American Samoa; Andorra; Angola; Anguilla; Antarctica; Antigua and Barbuda; Argentina; Armenia; Aruba; Australia; Austria; Azerbaijan; Bahamas; Bahrain; Bangladesh; Barbados; Belarus; Belgium; Belize; Benin; Bermuda; Bhutan; Bolivia; Bosnia and Herzegovina; Botswana; Bouvet Island; Brazil; British Virgin Islands; British Indian Ocean Territory; Brunei Darussalam; Bulgaria; Burkina Faso; Burundi; Cambodia; Cameroon; Canada; Cape Verde; Cayman Islands; Central African Republic; Chad; Chile; China; Hong Kong; Macao; Christmas Island; Cocos Islands; Colombia; Comoros; Congo Brazzaville; Congo Kinshasa; Cook Islands; Costa Rica; Côte d'Ivoire; Croatia; Cuba; Cyprus; Czech Republic; Denmark; Djibouti; Dominica; Dominican Republic; Ecuador; Egypt; El Salvador; Equatorial Guinea; Eritrea; Estonia; Ethiopia; Falkland Islands; Faroe Islands; Fiji; Finland; France; French Guiana; French Polynesia; French Southern Territories; Gabon; Gambia; Georgia; Germany; Ghana; Gibraltar; Greece; Greenland; Grenada; Guadeloupe; Guam; Guatemala; Guernsey; Guinea; Guinea-Bissau; Guyana; Haiti; Swaziland; Heard and Mcdonald Islands; Honduras; Hungary; Iceland; India; Indonesia; Iran; Iraq; Ireland; Isle of Man; Israel; Italy; Jamaica; Japan; Jersey; Jordan; Kazakhstan; Kenya; Kiribati; North Korea; South Korea; Kuwait; Kyrgyzstan; Lao; Latvia; Lebanon; Lesotho; Liberia; Libya; Liechtenstein; Lithuania; Luxembourg; Macedonia; Madagascar; Malawi; Malaysia; Maldives; Mali; Malta; Marshall Islands; Martinique; Mauritania; Mauritius; Mayotte; Mexico; Micronesia; Moldova; Monaco; Mongolia; Montenegro; Montserrat; Morocco; Mozambique; Myanmar; Namibia; Nauru; Nepal; Netherlands; Netherlands Antilles; New Caledonia; New Zealand; Nicaragua; Niger; Nigeria; Niue; Norfolk Island; Northern Mariana Islands; Norway; Oman; Pakistan; Palau; Palestinian Territory; Panama; Papua New Guinea; Paraguay; Peru; Philippines; Pitcairn; Poland; Portugal; Puerto Rico; Qatar; Réunion; Romania; Rwanda; Saint-Barthélemy; Saint Helena; Saint Kitts and Nevis; Saint Lucia; Saint-Martin; Saint Pierre and Miquelon; Saint Vincent and Grenadines; Samoa; San Marino; Sao Tome and Principe; Saudi Arabia; Senegal; Serbia; Seychelles; Sierra Leone; Singapore; Slovakia; Slovenia; Solomon Islands; Somalia; South Africa; South Georgia and the South Sandwich Islands; South Sudan; Spain; Sri Lanka; Sudan; Suriname; Svalbard and Jan Mayen Islands; Sweden; Switzerland; Syria; Taiwan; Tajikistan; Tanzania; Thailand; Timor-Leste; Togo; Tokelau; Tonga; Trinidad and Tobago; Tunisia; Turkey; Turkmenistan; Turks and Caicos Islands; Tuvalu; Uganda; Ukraine; United Arab Emirates; United Kingdom; US Minor Outlying Islands; Uruguay; Uzbekistan; Vanuatu; Venezuela; Viet Nam; US Virgin Islands; Wallis and Futuna Islands; Western Sahara; Yemen; Zambia; Zimbabwe; Russia,Africa_Eastern; Africa_Northern; Africa_Southern; Africa_Western; Argentina; Australia_NZ; Brazil; Canada; China; Colombia; EU-12; EU-15; Europe_Eastern; Europe_Non_EU; India; Indonesia; Japan; Mexico; Middle East; Pakistan; Russia; South Africa; South America_Southern; South America_Northern; South Asia; South Korea; Southeast Asia; Taiwan; USA,Africa_Eastern; Africa_Northern; Africa_Southern; Africa_Western; Argentina; Australia_NZ; Brazil; Canada; China; Colombia; EU-12; EU-15; Europe_Eastern; Europe_Non_EU; India; Indonesia; Japan; Mexico; Middle East; Pakistan; Russia; South Africa; South America_Southern; South America_Northern; South Asia; South Korea; Southeast Asia; Taiwan; USA,Africa_Eastern; Africa_Northern; Africa_Southern; Africa_Western; Argentina; Australia_NZ; Brazil; Canada; China; Colombia; EU-12; EU-15; Europe_Eastern; Europe_Non_EU; India; Indonesia; Japan; Mexico; Middle East; Pakistan; Russia; South Africa; South America_Southern; South America_Northern; South Asia; South Korea; Southeast Asia; Taiwan; USA,Africa_Eastern; Africa_Northern; Africa_Southern; Africa_Western; Argentina; Australia_NZ; Brazil; Canada; China; Colombia; EU-12; EU-15; Europe_Eastern; Europe_Non_EU; India; Indonesia; Japan; Mexico; Middle East; Pakistan; Russia; South Africa; South America_Southern; South America_Northern; South Asia; South Korea; Southeast Asia; Taiwan; USA
Coverage,Sectoral Coverage,What economic sectors are covered by the scenario?,Picklist,"agriculture; buildings (residential and commercial); electricity; forestry; fugitive emissions; industry; industry and industrial processes; land-use, land-use change, and forestry (LULUCF); services; transportation; waste","Buildings (residential and commercial); Electricity; Land-use, land-use change, and forestry (LULUCF); Transportation; Industry and industrial processes","Buildings (residential and commercial); Electricity; Land-use, land-use change, and forestry (LULUCF); Transportation; Industry and industrial processes","Buildings (residential and commercial); Electricity; Land-use, land-use change, and forestry (LULUCF); Transportation; Industry and industrial processes","Buildings (residential and commercial); Electricity; Land-use, land-use change, and forestry (LULUCF); Transportation; Industry and industrial processes"
Coverage,Gas & Pollutant Coverage,What greenhouse gases and other pollutants are covered by the scenario?,Picklist,"BC; CO; CO2; CH4; F-gases (HFC, PFC, SF6); HFCs; Kyoto gases; not applicable; not specified; NMVOC; Nox; N2O; OC; PFCs; PM10; PM2.5; Sox; SO2; Sulfur; sulfur aerosols; VOC",Carbon dioxide; Methane; F-gases; Nitrous Oxide; Black carbon; Carbon monoxide; Nitrogen oxides; Organic carbon; Sulfur,Carbon dioxide; Methane; F-gases; Nitrous Oxide; Black carbon; Carbon monoxide; Nitrogen oxides; Organic carbon; Sulfur,Carbon dioxide; Methane; F-gases; Nitrous Oxide; Black carbon; Carbon monoxide; Nitrogen oxides; Organic carbon; Sulfur,Carbon dioxide; Methane; F-gases; Nitrous Oxide; Black carbon; Carbon monoxide; Nitrogen oxides; Organic carbon; Sulfur
Coverage,Policy Coverage,What policies are covered by the scenario?,Picklist,accelerated deployment of energy technologies; air pollution measures; border tariff; cap-and-trade; carbon price; carbon tax; CO2 concentration target; electric vehicles; emissions cap; emissions trading; energy efficiency standards; energy tax; feed-in tariff; fuel economy standards; fuel switching; import tax; investment incentives; methane leakage; performance standards; permit trading; production subsidies; radiative forcing limit; renewable portfolio standards; regulations; research and development (R&D) measures; revenue recycling; subsidies; tax credits and incentives; taxes; technology capacity targets; technology switching; temperature limit; tradable certificates; permits or allowances,Intended Nationally Determined Contributions (INDC); Copenhagen Commitments,not specified,not specified,Intended Nationally Determined Contributions (INDC); Copenhagen Commitments
Coverage,Technology Coverage,What technologies are covered by the scenario?,Picklist,BECCS; BioCCS; bioenergy; CCS; cogeneration; combined heat and power (CHP); distributed generation; electric vehicles; energy efficiency; energy use technologies; fuel cells; full electrification in transport; heat pumps; hydraulic power; hydrogen; hydrogen systems; IGCC; nuclear; renewables; RES; storage,Transportation technologies; Electricity technologies; Carbon capture and storage technologies,Transportation technologies; Electricity technologies; Carbon capture and storage technologies,Transportation technologies; Electricity technologies; Carbon capture and storage technologies,Transportation technologies; Electricity technologies; Carbon capture and storage technologies
Coverage,Energy Resource Coverage,What fuel types are covered by the scenario?,Picklist,biofuels; biogas; biomass; biomass w/ CCS; biomass w/o CCS; coal; coal w/ CCS; coal w/o CCS; electricity; fossil; fossil w/ CCS; fossil w/o CCS; gas; gas unconventional; gas w/ CCS; gas w/o CCS; geothermal; heat; hydro; hydrogen; limestone; liquids; natural gas; non-biomass renewable; not applicable; not specified; nuclear; ocean; oil; oil w/ CCS; oil w/o CCS; other renewable energy; petroleum; petroleum and other liquids; renewables; solar; solar CSP; solar PV; tidal; uranium; waste; wave; wind; wind-offshore; wind-onshore,Biomass; Coal; Natural gas; Oil; Nuclear; Hydro; Wind; Solar; Other renewables,Biomass; Coal; Natural gas; Oil; Nuclear; Hydro; Wind; Solar; Other renewables,Biomass; Coal; Natural gas; Oil; Nuclear; Hydro; Wind; Solar; Other renewables,Biomass; Coal; Natural gas; Oil; Nuclear; Hydro; Wind; Solar; Other renewables
Coverage,Time Horizon,How far does the model run into the future?,Picklist,2030; 2040; 2050; 2100; 2150; manual,2100,2100,2100,2100
Coverage,Time Step,What time interval is used for the model output?,Picklist,1; 2; 5; 10; 20; manual,5,5,5,5
Coverage,Policy Coverage Detailed,What policies are covered by the scenario?,Text (Alphanumeric),,,,,
Coverage,Technology Coverage Detailed,What technologies are covered by the scenario?,Text (Alphanumeric),,,,,
Targets,Climate Target Type,"What climate target does this scenario use (e.g., 1.5 DC, 2 DC, 450 ppm, 2.6 W/m2, etc.)?",Picklist,carbon budget; emissions concentration target; not applicable; not specified; radiative forcing; temperature target,Not specified,Not specified,Not specified,Not specified
Targets,Climate Target Detailed,"What specific climate targets are included in this scenario (e.g. 450 ppm, 2 DC, etc.)?",Text (Alphanumeric),,Not specified,Not specified,Not specified,Not specified
Targets,Climate Target Date,In what date (year) does the target have to be achieved?,Text (Alphanumeric),,,,,
Targets,Overshoot,Is overshoot of the target end date allowed?,Picklist,yes; no; not specified,,,,
Targets,Other Target Type,"Is there another target type included in the scenario? E.g. energy access, poverty alleviation",Text (Alphanumeric),,Decarbonization,Not Applicable,Decarbonization,Decarbonization
Targets,Other Target,Please describe the target included.,Text (Alphanumeric),,INDC targets until 2030 and at least 2% decarbonization after 2030,No decarbonization,2% decarbonization rate,INDC targets until 2030 and atleast a 5% decarbonization rate after 2030
Assumptions,Large-scale BioCCS,Does the scenario rely on deployment of large-scale bioenergy with carbon capture and storage for emission mitigation?,Picklist,no; not applicable; not specified; yes,,,,
Assumptions,Technology Assumptions,"What technology assumptions are included in the model (e.g., cost curves, lifetime, efficiency, availability factor and build rates)?",Text (Alphanumeric),,"Individual technologies compete for market share based on their technology characteristics (efficiency in the production of products from inputs), and cost of inputs and price of outputs. The cost of a technology in any period depends on two exogenous input parametersÑthe non-energy cost and the efficiency of energy transformationÑas well as the prices of the fuels it consumes. The non-energy cost represents all fixed and variable costs incurred over the lifetime of the equipment (except for fuel costs), expressed per unit of output","Individual technologies compete for market share based on their technology characteristics (efficiency in the production of products from inputs), and cost of inputs and price of outputs. The cost of a technology in any period depends on two exogenous input parametersÑthe non-energy cost and the efficiency of energy transformationÑas well as the prices of the fuels it consumes. The non-energy cost represents all fixed and variable costs incurred over the lifetime of the equipment (except for fuel costs), expressed per unit of output","Individual technologies compete for market share based on their technology characteristics (efficiency in the production of products from inputs), and cost of inputs and price of outputs. The cost of a technology in any period depends on two exogenous input parametersÑthe non-energy cost and the efficiency of energy transformationÑas well as the prices of the fuels it consumes. The non-energy cost represents all fixed and variable costs incurred over the lifetime of the equipment (except for fuel costs), expressed per unit of output","Individual technologies compete for market share based on their technology characteristics (efficiency in the production of products from inputs), and cost of inputs and price of outputs. The cost of a technology in any period depends on two exogenous input parametersÑthe non-energy cost and the efficiency of energy transformationÑas well as the prices of the fuels it consumes. The non-energy cost represents all fixed and variable costs incurred over the lifetime of the equipment (except for fuel costs), expressed per unit of output"
Assumptions,GDP Assumptions,What assumptions are made for GDP growth?,Text (Alphanumeric),,"Uses gridded base-year GDP data set from Van Vuuren et al. Reference: Thomson, Allison M., et al. ""RCP4. 5: a pathway for stabilization of radiative forcing by 2100."" Climatic change 109.1-2 (2011): 77.","Uses gridded base-year GDP data set from Van Vuuren et al. Reference: Thomson, Allison M., et al. ""RCP4. 5: a pathway for stabilization of radiative forcing by 2100."" Climatic change 109.1-2 (2011): 77.","Uses gridded base-year GDP data set from Van Vuuren et al. Reference: Thomson, Allison M., et al. ""RCP4. 5: a pathway for stabilization of radiative forcing by 2100."" Climatic change 109.1-2 (2011): 77.","Uses gridded base-year GDP data set from Van Vuuren et al. Reference: Thomson, Allison M., et al. ""RCP4. 5: a pathway for stabilization of radiative forcing by 2100."" Climatic change 109.1-2 (2011): 77."
Assumptions,Population Assumptions,What assumptions are made for population growth?,Text (Alphanumeric),,"Uses population prjections used for RCP 4.5 scenario. Reference: Thomson, Allison M., et al. ""RCP4. 5: a pathway for stabilization of radiative forcing by 2100."" Climatic change 109.1-2 (2011): 77.","Uses population prjections used for RCP 4.5 scenario. Reference: Thomson, Allison M., et al. ""RCP4. 5: a pathway for stabilization of radiative forcing by 2100."" Climatic change 109.1-2 (2011): 77.","Uses population prjections used for RCP 4.5 scenario. Reference: Thomson, Allison M., et al. ""RCP4. 5: a pathway for stabilization of radiative forcing by 2100."" Climatic change 109.1-2 (2011): 77.","Uses population prjections used for RCP 4.5 scenario. Reference: Thomson, Allison M., et al. ""RCP4. 5: a pathway for stabilization of radiative forcing by 2100."" Climatic change 109.1-2 (2011): 77."
Assumptions,Global Warming Potentials,What global warming potentials (GWP's) are used for different greenhouse gases?,Text (Alphanumeric),,AR5,AR5,AR5,AR5
Assumptions,Policy Cut-off Year for Baseline,After which year are no new policies or actions included in the baseline scenario?,Text (Alphanumeric),,Countries meet their INDC goals through 2030,No new GHG mitigation actions throughout the 21st century,"No new GHG mitigation actions through 2030 and countries ""muddle through"" with weak policies beyond 2030",Countries meet their INDC goals through 2030
Assumptions,Burden Sharing,Which burden sharing regime was assumed for this scenario?,Text (Alphanumeric),,,,,
Assumptions,Discount Rates,What social and private discount rates are used in the model for this scenario?,Text (Alphanumeric),,,,,
Assumptions,Emission Factors,What emission factors are included for technologies of electricity generation and transportation?,Text (Alphanumeric),,,,,