Category,Indicator,Definition/Input Explanation,Data Type,Picklist options (Data Entry),Model 1
About,Model Abbreviation,What is the model abbreviation?,Text (Alphanumeric),,GMM
About,Model Full Name,What is the full model name?,Text (Alphanumeric),,Global Multi-regional MARKAL
About,Current Version(s),What is the most recent version of the model?,Text (Alphanumeric),,
About,Maintainer Name,Who is the institute or enterprise responsible for development of the model?,Text (Alphanumeric),,Paul Scherrer Institute (PSI)
About,Description,Provide a brief overview of the model and it's key focus areas.,Text (Alphanumeric),,"The global multi-regional MARKAL (GMM) model provides a long-term (2100) bottom-up representation of the global energy system, with a detailed representation of energy supply technologies and an aggregate representation of demand technologies. The model has recently been disaggregated into 15 world regions. Specific assumptions on the dynamics of technology characteristics, resource availability and demands are applied for each region. GMM has been developed sequentially over several years at PSI, with specific studies focusing on electricity sector, technology learning, hydrogen, biofuels and transportation. The model has been used for analysis of long-term transportation scenarios, with Volkswagen and recently in an ongoing partnership with the World Energy Council (WEC)."
About,URL,Where can basic model information be accessed?,Text (Alphanumeric),,https://www.psi.ch/eem/PublicationsTabelle/PSI-Bericht_13-03.pdf
About,Programming Language,What programming language is used to write and run the model code?,Text (Alphanumeric),,GAMS
About,Development Year,When was the model first developed?,Text (Alphanumeric),,2000
About,License,What is the licensing status?,Text (Alphanumeric),,
About,Availability,Is the model available for direct use by others?,Picklist,no; yes,No but results are free to use
About,Expertise,What is the skill level required to run the model?,Picklist,advanced; intermediate; beginner,advanced
About,Platform Detailed,Describe the platform(s) that the model runs on.,Text (Alphanumeric),,Windows with GAMS and MS-Office
About,Publications & Notable Projects,What are some studies or notable projects that have used the model?,Text (Alphanumeric),,"World Energy Scenarios - The Grand Transition (2016), World Energy Scenarios - Composing Energy Features 2050"
About,Citation,Is there a preferred citation for referencing the use of this model?,Text (Alphanumeric),,
About,Point-of-Contact,Who is the point-of-contact for the model?,Text (Alphanumeric),,Evangelos Panos
About,Parent model,Does this model have a parent model (e.g. GCAM for GCAM-China)?,Text (Alphanumeric),,
About,Descendent models,Does this model have descendent models (e.g. GCAM-China for GCAM),Text (Alphanumeric),,
About,Expertise Detailed,Describe the skill level required to run different versions of the model.,Text (Alphanumeric),,
Scope and Methods,Concept,Describe the model concept,Text (Alphanumeric),,
Scope and Methods,Solution Method,Describe the reasoning for hybrid classification.,Text (Alphanumeric),,
Scope and Methods,Equilibrium Type,How does the model treat market equilibrium?,Picklist,general; non-equilibrium (systems dynamics);  partial; not specified,partial
Scope and Methods,Anticipation,"Is all future information known by agents at the beginning of the model run, or updated at each time step?",Picklist,extrapolation of present state; fully dynamic; limited; myopic; perfect; recursive dynamic; static,perfect
Scope and Methods,Purpose/Objective,What was the original purpose or objective of the model? Why was it built?,Text (Alphanumeric),,
Scope and Methods,Key Usage,What is this model known for? What topical area(s) is it especially useful for?,Text (Alphanumeric),,
Coverage,Scenario Coverage,What scenarios are covered by the model?,Picklist,BAU/reference; NDCs; NDCs-Conditional; NDCs-Unconditional; Decarbonization; Development Target; Other,Other
Coverage,Scenario Coverage Detailed,What specific scenarios are available from this model?,Text (Alphanumeric),,"Modern Jazz, Unfinished Symphony, Hard Rock"
Coverage,Geographic Coverage-Country,What are the geographic regions and/or countries that are covered by the model?,Picklist,United States; Afghanistan; Aland Islands; Albania; Algeria; American Samoa; Andorra; Angola; Anguilla; Antarctica; Antigua and Barbuda; Argentina; Armenia; Aruba; Australia; Austria; Azerbaijan; Bahamas; Bahrain; Bangladesh; Barbados; Belarus; Belgium; Belize; Benin; Bermuda; Bhutan; Bolivia; Bosnia and Herzegovina; Botswana; Bouvet Island; Brazil; British Virgin Islands; British Indian Ocean Territory; Brunei Darussalam; Bulgaria; Burkina Faso; Burundi; Cambodia; Cameroon; Canada; Cape Verde; Cayman Islands; Central African Republic; Chad; Chile; China; Hong Kong; Macao; Christmas Island; Cocos Islands; Colombia; Comoros; Congo¬†Brazzaville; Congo Kinshasa; Cook Islands; Costa Rica; C√¥te d'Ivoire; Croatia; Cuba; Cyprus; Czech Republic; Denmark; Djibouti; Dominica; Dominican Republic; Ecuador; Egypt; El Salvador; Equatorial Guinea; Eritrea; Estonia; Ethiopia; Falkland Islands; Faroe Islands; Fiji; Finland; France; French Guiana; French Polynesia; French Southern Territories; Gabon; Gambia; Georgia; Germany; Ghana; Gibraltar; Greece; Greenland; Grenada; Guadeloupe; Guam; Guatemala; Guernsey; Guinea; Guinea-Bissau; Guyana; Haiti; Swaziland; Heard and Mcdonald Islands; Honduras; Hungary; Iceland; India; Indonesia; Iran; Iraq; Ireland; Isle of Man; Israel; Italy; Jamaica; Japan; Jersey; Jordan; Kazakhstan; Kenya; Kiribati; North Korea; South Korea; Kuwait; Kyrgyzstan; Lao; Latvia; Lebanon; Lesotho; Liberia; Libya; Liechtenstein; Lithuania; Luxembourg; Macedonia; Madagascar; Malawi; Malaysia; Maldives; Mali; Malta; Marshall Islands; Martinique; Mauritania; Mauritius; Mayotte; Mexico; Micronesia; Moldova; Monaco; Mongolia; Montenegro; Montserrat; Morocco; Mozambique; Myanmar; Namibia; Nauru; Nepal; Netherlands; Netherlands Antilles; New Caledonia; New Zealand; Nicaragua; Niger; Nigeria; Niue; Norfolk Island; Northern Mariana Islands; Norway; Oman; Pakistan; Palau; Palestinian Territory; Panama; Papua New Guinea; Paraguay; Peru; Philippines; Pitcairn; Poland; Portugal; Puerto Rico; Qatar; R√©union; Romania; Rwanda; Saint-Barth√©lemy; Saint Helena; Saint Kitts and Nevis; Saint Lucia; Saint-Martin; Saint Pierre and Miquelon; Saint Vincent and Grenadines; Samoa; San Marino; Sao Tome and Principe; Saudi Arabia; Senegal; Serbia; Seychelles; Sierra Leone; Singapore; Slovakia; Slovenia; Solomon Islands; Somalia; South Africa; South Georgia and the South Sandwich Islands; South Sudan; Spain; Sri Lanka; Sudan; Suriname; Svalbard and Jan Mayen Islands; Sweden; Switzerland; Syria; Taiwan; Tajikistan; Tanzania; Thailand; Timor-Leste; Togo; Tokelau; Tonga; Trinidad and Tobago; Tunisia; Turkey; Turkmenistan; Turks and Caicos Islands; Tuvalu; Uganda; Ukraine; United Arab Emirates; United Kingdom; US Minor Outlying Islands; Uruguay; Uzbekistan; Vanuatu; Venezuela; Viet Nam; US Virgin Islands; Wallis and Futuna Islands; Western Sahara; Yemen; Zambia; Zimbabwe; Russia,Europe; China; India; United States; World
Coverage,Sectoral Coverage,What economic sectors are covered by the model?,Picklist,"agriculture; buildings (residential and commercial); electricity; forestry; fugitive emissions; industry; industry and industrial processes; land-use, land-use change, and forestry (LULUCF); services; transportation; waste","agriculture, buildings (residential and commercial), transportation, electricity, industry, services"
Coverage,Gas & Pollutant Coverage,What greenhouse gases and other pollutants are covered by the model?,Picklist,"BC; CO; CO2; CH4; F-gases (HFC, PFC, SF6); HFCs; Kyoto gases; NMVOC; Nox; N2O; OC; PFCs; PM10; PM2.5; Sox; SO2; Sulfur; sulfur aerosols; VOC",CO2
Coverage,Policy Coverage,What policies are covered by the model?,Picklist,"accelerated deployment of energy technologies; air pollution measures; border tariff; cap-and-trade; carbon price; carbon tax; CO2 concentration target; electric vehicles; emissions cap; emissions trading; energy efficiency standards; energy tax; feed-in tariff; fuel economy standards; fuel switching; import tax; investment incentives; methane leakage; performance standards; permit trading; production subsidies; radiative forcing limit; renewable portfolio standards; regulations; research and development (R&D) measures; resource constraints; revenue recycling; subsidies; tax credits and incentives; taxes; tax reforms; technology capacity targets; technology constraints; technology switching; temperature limit; tradable certificates, permits, or allowances","accelerated deployment of energy technologies; electric vehicles; energy tax; feed-in tariff; renewable portfolio standards; research and development (R&D) measures; subsidies; technology constraints; technology switching; carbon price, emissions cap; clean power plan, oil prices, macroeconomic growth, oil and natural gas resources; emissions trading; investment incentives; resource constraints; technology capacity targets; temperature limit; tradable certificates, permits, or allowances"
Coverage,Technology Coverage,What technologies are covered by the model?,Picklist,BECCS; BioCCS; bioenergy; CCS; cogeneration; combined heat and power (CHP); distributed generation; electric vehicles; energy efficiency; energy use technologies; fuel cells; full electrification in transport; heat pumps; hydraulic power; hydrogen; hydrogen systems; IGCC; nuclear; renewables; RES; storage,"BECCS, BioCCS, bioenergy, cogeneration, electric vehicles, energy efficiency, IGCC, storage, hydrogen, fuel cells, heat pumps; hydrogen systems; electric vehicles"
Coverage,Energy Resource Coverage,What fuel types are covered by the model?,Picklist,biofuels; biogas; biomass; biomass w/ CCS; biomass w/o CCS; coal; coal w/ CCS; coal w/o CCS; electricity; fossil; fossil w/ CCS; fossil w/o CCS; gas; gas unconventional; gas w/ CCS; gas w/o CCS; geothermal; heat; hydro; hydrogen; jet fuel; limestone; liquids; natural gas; non-biomass renewable; nuclear; ocean; oil; oil w/ CCS; oil w/o CCS; other renewable energy; petroleum; petroleum and other liquids; renewables; solar; solar CSP; solar PV; tidal; uranium; waste; wave; wind; wind-offshore; wind-onshore,biofuels; biogas; biomass; biomass w/ CCS; coal; coal w/ CCS; coal w/o CCS; electricity; fossil; fossil w/ CCS; gas; gas unconventional; gas w/ CCS; gas w/o CCS; geothermal; heat; hydro
Coverage,Base Year,What base year was used for the model?,Text (Alphanumeric),,2010
Coverage,Time Horizon,How far does the model run into the future?,Picklist,2030; 2040; 2050; 2100; 2150; manual,2100
Coverage,Time Step,What time interval is used for the model output?,Picklist,1; 5; 10; 20; manual,10
Coverage,Geographic Coverage,What is the geographic scope of the model?,Picklist,customizable; flexible; multi-regional; national; regional,China; India; United States; World; Europe
Coverage,Policy Coverage Detailed,Describe policies covered by the model,Text (Alphanumeric),,
Coverage,Technology Coverage Detailed,What technologies are covered by the model?,Text (Alphanumeric),,
Coverage,Spatial Resolution,What is the spatial resolution of this model?,Text (Alphanumeric),,Regional
Assumptions,Population Assumptions,What are the model population assumptions?,Text (Alphanumeric),,
Assumptions,GDP Assumptions,What are the model GDP assumptions?,Text (Alphanumeric),,
Assumptions,Other Assumptions,"What are the model assumptions other than population and GDP (e.g., discount rate, resource prices)?",Text (Alphanumeric),,
Assumptions,Input Data,What input data sources were used to run this model?,Text (Alphanumeric),,
Assumptions,Behaviour,What are the assumptions on behaviour?,Text (Alphanumeric),,
Assumptions,Land-use,What are the land-use assumptions?,Text (Alphanumeric),,