Category,Indicator,Definition/Input Explanation,Data Type,Picklist options (Data Entry),Scenario 1,Scenario 2,Scenario 3
Model and provider,Model Abbreviation,What is the model abbreviation?,Text (Alphanumeric),,GMM,GMM,GMM
Scenario context,Scenario name,What is the full scenario name?,Text (Alphanumeric),,Hard Rock,Unfinished Symphony,Modern Jazz
Scenario context,Category,What category does this scenario fit under?,Picklist,BAU/reference; NDCs; NDCs-Conditional; NDCs-Unconditional; Decarbonization; not specified,not specified,not specified,not specified
Scenario context,Purpose/Objective,What was the original purpose or objective of the scenario? Why was it created?,Text (Alphanumeric),,Exploratory,Exploratory,Exploratory
Scenario context,Description,What is a description of the scenario?,Text (Alphanumeric),,"Fragmented world, Low global cooperation, Focus on energy security, Best fit local solutions","Environmental focus, Strong policies focusing on sustainability, Unified climate action, Targeted support for technologies","Market oriented, Market chooses technologies, Technology innovation, Energy access for all"
Scenario context,Key Usage,What is this scenario known for? What topical area(s) is it especially useful for?,Text (Alphanumeric),,,,
Scenario context,Project,If applicable list model comparison or individual project,Text (Alphanumeric),,World Energy Council Scenarios,World Energy Council Scenarios,World Energy Council Scenarios
Scenario context,Literature Reference,Was the scenario used in a publication? provide literature reference,Text (Alphanumeric),,,,
Coverage,Geographic Coverage-Country,What are the geographic regions and/or countries that are covered by the scenario?,Picklist,United States; Afghanistan; Aland Islands; Albania; Algeria; American Samoa; Andorra; Angola; Anguilla; Antarctica; Antigua and Barbuda; Argentina; Armenia; Aruba; Australia; Austria; Azerbaijan; Bahamas; Bahrain; Bangladesh; Barbados; Belarus; Belgium; Belize; Benin; Bermuda; Bhutan; Bolivia; Bosnia and Herzegovina; Botswana; Bouvet Island; Brazil; British Virgin Islands; British Indian Ocean Territory; Brunei Darussalam; Bulgaria; Burkina Faso; Burundi; Cambodia; Cameroon; Canada; Cape Verde; Cayman Islands; Central African Republic; Chad; Chile; China; Hong Kong; Macao; Christmas Island; Cocos Islands; Colombia; Comoros; Congo Brazzaville; Congo Kinshasa; Cook Islands; Costa Rica; Côte d'Ivoire; Croatia; Cuba; Cyprus; Czech Republic; Denmark; Djibouti; Dominica; Dominican Republic; Ecuador; Egypt; El Salvador; Equatorial Guinea; Eritrea; Estonia; Ethiopia; Falkland Islands; Faroe Islands; Fiji; Finland; France; French Guiana; French Polynesia; French Southern Territories; Gabon; Gambia; Georgia; Germany; Ghana; Gibraltar; Greece; Greenland; Grenada; Guadeloupe; Guam; Guatemala; Guernsey; Guinea; Guinea-Bissau; Guyana; Haiti; Swaziland; Heard and Mcdonald Islands; Honduras; Hungary; Iceland; India; Indonesia; Iran; Iraq; Ireland; Isle of Man; Israel; Italy; Jamaica; Japan; Jersey; Jordan; Kazakhstan; Kenya; Kiribati; North Korea; South Korea; Kuwait; Kyrgyzstan; Lao; Latvia; Lebanon; Lesotho; Liberia; Libya; Liechtenstein; Lithuania; Luxembourg; Macedonia; Madagascar; Malawi; Malaysia; Maldives; Mali; Malta; Marshall Islands; Martinique; Mauritania; Mauritius; Mayotte; Mexico; Micronesia; Moldova; Monaco; Mongolia; Montenegro; Montserrat; Morocco; Mozambique; Myanmar; Namibia; Nauru; Nepal; Netherlands; Netherlands Antilles; New Caledonia; New Zealand; Nicaragua; Niger; Nigeria; Niue; Norfolk Island; Northern Mariana Islands; Norway; Oman; Pakistan; Palau; Palestinian Territory; Panama; Papua New Guinea; Paraguay; Peru; Philippines; Pitcairn; Poland; Portugal; Puerto Rico; Qatar; Réunion; Romania; Rwanda; Saint-Barthélemy; Saint Helena; Saint Kitts and Nevis; Saint Lucia; Saint-Martin; Saint Pierre and Miquelon; Saint Vincent and Grenadines; Samoa; San Marino; Sao Tome and Principe; Saudi Arabia; Senegal; Serbia; Seychelles; Sierra Leone; Singapore; Slovakia; Slovenia; Solomon Islands; Somalia; South Africa; South Georgia and the South Sandwich Islands; South Sudan; Spain; Sri Lanka; Sudan; Suriname; Svalbard and Jan Mayen Islands; Sweden; Switzerland; Syria; Taiwan; Tajikistan; Tanzania; Thailand; Timor-Leste; Togo; Tokelau; Tonga; Trinidad and Tobago; Tunisia; Turkey; Turkmenistan; Turks and Caicos Islands; Tuvalu; Uganda; Ukraine; United Arab Emirates; United Kingdom; US Minor Outlying Islands; Uruguay; Uzbekistan; Vanuatu; Venezuela; Viet Nam; US Virgin Islands; Wallis and Futuna Islands; Western Sahara; Yemen; Zambia; Zimbabwe; Russia,China; India; United States,China; India; United States,China; India; United States
Coverage,Sectoral Coverage,What economic sectors are covered by the scenario?,Picklist,"agriculture; buildings (residential and commercial); electricity; forestry; fugitive emissions; industry; industry and industrial processes; land-use, land-use change, and forestry (LULUCF); services; transportation; waste",,,
Coverage,Gas & Pollutant Coverage,What greenhouse gases and other pollutants are covered by the scenario?,Picklist,"BC; CO; CO2; CH4; F-gases (HFC, PFC, SF6); HFCs; Kyoto gases; not applicable; not specified; NMVOC; Nox; N2O; OC; PFCs; PM10; PM2.5; Sox; SO2; Sulfur; sulfur aerosols; VOC",,,
Coverage,Policy Coverage,What policies are covered by the scenario?,Picklist,accelerated deployment of energy technologies; air pollution measures; border tariff; cap-and-trade; carbon price; carbon tax; CO2 concentration target; electric vehicles; emissions cap; emissions trading; energy efficiency standards; energy tax; feed-in tariff; fuel economy standards; fuel switching; import tax; investment incentives; methane leakage; performance standards; permit trading; production subsidies; radiative forcing limit; renewable portfolio standards; regulations; research and development (R&D) measures; revenue recycling; subsidies; tax credits and incentives; taxes; technology capacity targets; technology switching; temperature limit; tradable certificates; permits or allowances,,,
Coverage,Technology Coverage,What technologies are covered by the scenario?,Picklist,BECCS; BioCCS; bioenergy; CCS; cogeneration; combined heat and power (CHP); distributed generation; electric vehicles; energy efficiency; energy use technologies; fuel cells; full electrification in transport; heat pumps; hydraulic power; hydrogen; hydrogen systems; IGCC; nuclear; renewables; RES; storage,,,
Coverage,Energy Resource Coverage,What fuel types are covered by the scenario?,Picklist,biofuels; biogas; biomass; biomass w/ CCS; biomass w/o CCS; coal; coal w/ CCS; coal w/o CCS; electricity; fossil; fossil w/ CCS; fossil w/o CCS; gas; gas unconventional; gas w/ CCS; gas w/o CCS; geothermal; heat; hydro; hydrogen; limestone; liquids; natural gas; non-biomass renewable; not applicable; not specified; nuclear; ocean; oil; oil w/ CCS; oil w/o CCS; other renewable energy; petroleum; petroleum and other liquids; renewables; solar; solar CSP; solar PV; tidal; uranium; waste; wave; wind; wind-offshore; wind-onshore,"biofuels, biogas, biomass, biomass w/ CCS, biomass w/o CCS, coal, coal w/ CCS, coal w/o CCS, electricity, gas unconventional, gas w/ CCS, gas w/o CCS, heat, hydro, hydrogen, jet fuel, liquids, natural gas, nuclear, oil, solar, wind","biofuels, biogas, biomass, biomass w/ CCS, biomass w/o CCS, coal, coal w/ CCS, coal w/o CCS, electricity, gas unconventional, gas w/ CCS, gas w/o CCS, heat, hydro, hydrogen, jet fuel, liquids, natural gas, nuclear, oil, solar, wind","biofuels, biogas, biomass, biomass w/ CCS, biomass w/o CCS, coal, coal w/ CCS, coal w/o CCS, electricity, gas unconventional, gas w/ CCS, gas w/o CCS, heat, hydro, hydrogen, jet fuel, liquids, natural gas, nuclear, oil, solar, wind"
Coverage,Time Horizon,How far does the model run into the future?,Picklist,2030; 2040; 2050; 2100; 2150; manual,manual,manual,manual
Coverage,Time Step,What time interval is used for the model output?,Picklist,1; 2; 5; 10; 20; manual,10,10,10
Coverage,Policy Coverage Detailed,What policies are covered by the scenario?,Text (Alphanumeric),,,,
Coverage,Technology Coverage Detailed,What technologies are covered by the scenario?,Text (Alphanumeric),,,,
Targets,Climate Target Type,"What climate target does this scenario use (e.g., 1.5 DC, 2 DC, 450 ppm, 2.6 W/m2, etc.)?",Picklist,carbon budget; emissions concentration target; not applicable; not specified; radiative forcing; temperature target,,,
Targets,Climate Target Detailed,"What specific climate targets are included in this scenario (e.g. 450 ppm, 2 DC, etc.)?",Text (Alphanumeric),,,,
Targets,Climate Target Date,In what date (year) does the target have to be achieved?,Text (Alphanumeric),,,,
Targets,Overshoot,Is overshoot of the target end date allowed?,Picklist,yes; no; not specified,,,
Targets,Other Target Type,"Is there another target type included in the scenario? E.g. energy access, poverty alleviation",Text (Alphanumeric),,,,
Targets,Other Target,Please describe the target included.,Text (Alphanumeric),,,,
Assumptions,Large-scale BioCCS,Does the scenario rely on deployment of large-scale bioenergy with carbon capture and storage for emission mitigation?,Picklist,no; not applicable; not specified; yes,yes,yes,yes
Assumptions,Technology Assumptions,"What technology assumptions are included in the model (e.g., cost curves, lifetime, efficiency, availability factor and build rates)?",Text (Alphanumeric),,"cost curves, lifetime, efficiency, availability factors","cost curves, lifetime, efficiency, availability factors","cost curves, lifetime, efficiency, availability factors"
Assumptions,GDP Assumptions,What assumptions are made for GDP growth?,Text (Alphanumeric),,World Energy Council,World Energy Council,World Energy Council
Assumptions,Population Assumptions,What assumptions are made for population growth?,Text (Alphanumeric),,UN Medium Fertility scenario,UN Medium Fertility scenario,UN Medium Fertility scenario
Assumptions,Global Warming Potentials,What global warming potentials (GWP's) are used for different greenhouse gases?,Text (Alphanumeric),,,,
Assumptions,Policy Cut-off Year for Baseline,After which year are no new policies or actions included in the baseline scenario?,Text (Alphanumeric),,,,
Assumptions,Burden Sharing,Which burden sharing regime was assumed for this scenario?,Text (Alphanumeric),,,,
Assumptions,Discount Rates,What social and private discount rates are used in the model for this scenario?,Text (Alphanumeric),,2.5% Social discount rate,2.5% Social discount rate,2.5% Social discount rate
Assumptions,Emission Factors,What emission factors are included for technologies of electricity generation and transportation?,Text (Alphanumeric),,European Environment Agency,European Environment Agency,European Environment Agency