Model,Scenario,Region,ESP Indicator Name,Unit of Entry,2010,2020,2030,2040,2050,2060
GMM,Hard Rock,China,Electricity|Capacity by technology|Biomass w/ CCS,GW,0,0,0,0,0,0
GMM,Hard Rock,Europe,Electricity|Capacity by technology|Biomass w/ CCS,GW,0,0,0,0,0,0
GMM,Hard Rock,India,Electricity|Capacity by technology|Biomass w/ CCS,GW,0,0,0,0,0,0
GMM,Hard Rock,United States,Electricity|Capacity by technology|Biomass w/ CCS,GW,0,0,0,0,0,0
GMM,Hard Rock,World,Electricity|Capacity by technology|Biomass w/ CCS,GW,0,0,0,0,0,0
GMM,Hard Rock,China,Electricity|Capacity by technology|Biomass w/o CCS,GW,6,42,48,43,50,50
GMM,Hard Rock,Europe,Electricity|Capacity by technology|Biomass w/o CCS,GW,30,46,38,41,47,53
GMM,Hard Rock,India,Electricity|Capacity by technology|Biomass w/o CCS,GW,3,13,13,22,28,56
GMM,Hard Rock,United States,Electricity|Capacity by technology|Biomass w/o CCS,GW,12,16,14,15,19,17
GMM,Hard Rock,World,Electricity|Capacity by technology|Biomass w/o CCS,GW,70,156,154,169,216,279
GMM,Hard Rock,China,Electricity|Capacity by technology|Coal w/ CCS,GW,0,0,0,0,0,0
GMM,Hard Rock,Europe,Electricity|Capacity by technology|Coal w/ CCS,GW,0,0,0,0,0,0
GMM,Hard Rock,India,Electricity|Capacity by technology|Coal w/ CCS,GW,0,0,0,0,0,0
GMM,Hard Rock,United States,Electricity|Capacity by technology|Coal w/ CCS,GW,0,0,0,0,0,0
GMM,Hard Rock,World,Electricity|Capacity by technology|Coal w/ CCS,GW,0,0,0,0,0,0
GMM,Hard Rock,China,Electricity|Capacity by technology|Coal w/o CCS,GW,671,871,824,934,702,552
GMM,Hard Rock,Europe,Electricity|Capacity by technology|Coal w/o CCS,GW,270,245,171,117,59,47
GMM,Hard Rock,India,Electricity|Capacity by technology|Coal w/o CCS,GW,101,183,267,356,359,287
GMM,Hard Rock,United States,Electricity|Capacity by technology|Coal w/o CCS,GW,338,268,188,118,64,38
GMM,Hard Rock,World,Electricity|Capacity by technology|Coal w/o CCS,GW,1648,1855,1727,1823,1506,1268
GMM,Hard Rock,China,Electricity|Capacity by technology|Gas w/ CCS,GW,0,0,0,0,0,0
GMM,Hard Rock,Europe,Electricity|Capacity by technology|Gas w/ CCS,GW,0,0,0,0,0,0
GMM,Hard Rock,India,Electricity|Capacity by technology|Gas w/ CCS,GW,0,0,0,0,0,0
GMM,Hard Rock,United States,Electricity|Capacity by technology|Gas w/ CCS,GW,0,0,0,0,0,0
GMM,Hard Rock,World,Electricity|Capacity by technology|Gas w/ CCS,GW,0,0,0,0,0,0
GMM,Hard Rock,China,Electricity|Capacity by technology|Gas w/o CCS,GW,35,89,82,84,251,307
GMM,Hard Rock,Europe,Electricity|Capacity by technology|Gas w/o CCS,GW,359,342,341,386,445,463
GMM,Hard Rock,India,Electricity|Capacity by technology|Gas w/o CCS,GW,21,54,61,87,135,246
GMM,Hard Rock,United States,Electricity|Capacity by technology|Gas w/o CCS,GW,424,531,545,571,638,661
GMM,Hard Rock,World,Electricity|Capacity by technology|Gas w/o CCS,GW,1440,1615,1617,1797,2242,2480
GMM,Hard Rock,China,Electricity|Capacity by technology|Geothermal,GW,0,1,1,2,4,5
GMM,Hard Rock,Europe,Electricity|Capacity by technology|Geothermal,GW,2,1,1,1,1,1
GMM,Hard Rock,India,Electricity|Capacity by technology|Geothermal,GW,0,1,2,3,5,6
GMM,Hard Rock,United States,Electricity|Capacity by technology|Geothermal,GW,3,4,6,8,11,13
GMM,Hard Rock,World,Electricity|Capacity by technology|Geothermal,GW,11,14,20,31,46,62
GMM,Hard Rock,China,Electricity|Capacity by technology|Hydro,GW,213,347,379,408,433,473
GMM,Hard Rock,Europe,Electricity|Capacity by technology|Hydro,GW,273,290,290,298,316,334
GMM,Hard Rock,India,Electricity|Capacity by technology|Hydro,GW,40,55,67,92,122,152
GMM,Hard Rock,United States,Electricity|Capacity by technology|Hydro,GW,101,104,104,106,108,111
GMM,Hard Rock,World,Electricity|Capacity by technology|Hydro,GW,1033,1285,1387,1534,1695,1863
GMM,Hard Rock,China,Electricity|Capacity by technology|Nuclear,GW,11,54,138,194,261,351
GMM,Hard Rock,Europe,Electricity|Capacity by technology|Nuclear,GW,177,168,149,139,143,160
GMM,Hard Rock,India,Electricity|Capacity by technology|Nuclear,GW,5,9,25,48,75,111
GMM,Hard Rock,United States,Electricity|Capacity by technology|Nuclear,GW,106,102,97,101,104,108
GMM,Hard Rock,World,Electricity|Capacity by technology|Nuclear,GW,394,440,512,591,707,868
GMM,Hard Rock,China,Electricity|Capacity by technology|Oil w/o CCS,GW,15,7,5,2,2,1
GMM,Hard Rock,Europe,Electricity|Capacity by technology|Oil w/o CCS,GW,90,57,31,13,11,5
GMM,Hard Rock,India,Electricity|Capacity by technology|Oil w/o CCS,GW,7,8,8,4,3,3
GMM,Hard Rock,United States,Electricity|Capacity by technology|Oil w/o CCS,GW,70,46,40,19,11,11
GMM,Hard Rock,World,Electricity|Capacity by technology|Oil w/o CCS,GW,435,328,211,136,108,90
GMM,Hard Rock,China,Electricity|Capacity by technology|Other,GW,0,0,0,0,0,0
GMM,Hard Rock,Europe,Electricity|Capacity by technology|Other,GW,0,0,0,0,0,2
GMM,Hard Rock,India,Electricity|Capacity by technology|Other,GW,0,0,0,0,2,3
GMM,Hard Rock,United States,Electricity|Capacity by technology|Other,GW,0,0,0,2,3,3
GMM,Hard Rock,World,Electricity|Capacity by technology|Other,GW,0,0,7,10,18,25
GMM,Hard Rock,China,Electricity|Capacity by technology|Solar,GW,1,101,124,202,363,713
GMM,Hard Rock,Europe,Electricity|Capacity by technology|Solar,GW,30,118,177,219,260,294
GMM,Hard Rock,India,Electricity|Capacity by technology|Solar,GW,0,27,70,152,274,446
GMM,Hard Rock,United States,Electricity|Capacity by technology|Solar,GW,3,49,66,89,143,232
GMM,Hard Rock,World,Electricity|Capacity by technology|Solar,GW,39,384,586,919,1473,2357
GMM,Hard Rock,China,Electricity|Capacity by technology|Total,GW,997,1689,1870,2260,2592,3159
GMM,Hard Rock,Europe,Electricity|Capacity by technology|Total,GW,1318,1460,1403,1449,1558,1674
GMM,Hard Rock,India,Electricity|Capacity by technology|Total,GW,190,402,595,916,1228,1619
GMM,Hard Rock,United States,Electricity|Capacity by technology|Total,GW,1098,1227,1232,1239,1388,1578
GMM,Hard Rock,World,Electricity|Capacity by technology|Total,GW,5269,6677,7060,8186,9626,11514
GMM,Hard Rock,China,Electricity|Capacity by technology|Wind,GW,46,178,269,391,525,707
GMM,Hard Rock,Europe,Electricity|Capacity by technology|Wind,GW,86,193,206,238,274,315
GMM,Hard Rock,India,Electricity|Capacity by technology|Wind,GW,13,53,82,152,226,309
GMM,Hard Rock,United States,Electricity|Capacity by technology|Wind,GW,40,106,173,212,286,385
GMM,Hard Rock,World,Electricity|Capacity by technology|Wind,GW,198,600,839,1175,1615,2221
GMM,Hard Rock,China,Electricity|Generation by technology|Biomass w/ CCS,EJ/yr,0,0,0,0,0,0
GMM,Hard Rock,Europe,Electricity|Generation by technology|Biomass w/ CCS,EJ/yr,0,0,0,0,0,0
GMM,Hard Rock,India,Electricity|Generation by technology|Biomass w/ CCS,EJ/yr,0,0,0,0,0,0
GMM,Hard Rock,United States,Electricity|Generation by technology|Biomass w/ CCS,EJ/yr,0,0,0,0,0,0
GMM,Hard Rock,World,Electricity|Generation by technology|Biomass w/ CCS,EJ/yr,0,0,0,0,0,0
GMM,Hard Rock,China,Electricity|Generation by technology|Biomass w/o CCS,EJ/yr,0,1,1,1,1,1
GMM,Hard Rock,Europe,Electricity|Generation by technology|Biomass w/o CCS,EJ/yr,1,1,1,1,1,1
GMM,Hard Rock,India,Electricity|Generation by technology|Biomass w/o CCS,EJ/yr,0,0,0,0,1,1
GMM,Hard Rock,United States,Electricity|Generation by technology|Biomass w/o CCS,EJ/yr,0,0,0,0,0,0
GMM,Hard Rock,World,Electricity|Generation by technology|Biomass w/o CCS,EJ/yr,1,2,3,4,5,7
GMM,Hard Rock,China,Electricity|Generation by technology|Coal w/ CCS,EJ/yr,0,0,0,0,0,0
GMM,Hard Rock,Europe,Electricity|Generation by technology|Coal w/ CCS,EJ/yr,0,0,0,0,0,0
GMM,Hard Rock,India,Electricity|Generation by technology|Coal w/ CCS,EJ/yr,0,0,0,0,0,0
GMM,Hard Rock,United States,Electricity|Generation by technology|Coal w/ CCS,EJ/yr,0,0,0,0,0,0
GMM,Hard Rock,World,Electricity|Generation by technology|Coal w/ CCS,EJ/yr,0,0,0,0,0,0
GMM,Hard Rock,China,Electricity|Generation by technology|Coal w/o CCS,EJ/yr,12,16,16,19,15,12
GMM,Hard Rock,Europe,Electricity|Generation by technology|Coal w/o CCS,EJ/yr,4,4,3,2,1,1
GMM,Hard Rock,India,Electricity|Generation by technology|Coal w/o CCS,EJ/yr,2,4,6,8,8,7
GMM,Hard Rock,United States,Electricity|Generation by technology|Coal w/o CCS,EJ/yr,7,4,4,3,1,1
GMM,Hard Rock,World,Electricity|Generation by technology|Coal w/o CCS,EJ/yr,31,33,35,39,34,30
GMM,Hard Rock,China,Electricity|Generation by technology|Gas w/ CCS,EJ/yr,0,0,0,0,0,0
GMM,Hard Rock,Europe,Electricity|Generation by technology|Gas w/ CCS,EJ/yr,0,0,0,0,0,0
GMM,Hard Rock,India,Electricity|Generation by technology|Gas w/ CCS,EJ/yr,0,0,0,0,0,0
GMM,Hard Rock,United States,Electricity|Generation by technology|Gas w/ CCS,EJ/yr,0,0,0,0,0,0
GMM,Hard Rock,World,Electricity|Generation by technology|Gas w/ CCS,EJ/yr,0,0,0,0,0,0
GMM,Hard Rock,China,Electricity|Generation by technology|Gas w/o CCS,EJ/yr,0,1,1,1,5,4
GMM,Hard Rock,Europe,Electricity|Generation by technology|Gas w/o CCS,EJ/yr,5,6,7,8,9,10
GMM,Hard Rock,India,Electricity|Generation by technology|Gas w/o CCS,EJ/yr,0,1,1,1,2,3
GMM,Hard Rock,United States,Electricity|Generation by technology|Gas w/o CCS,EJ/yr,4,6,6,7,8,9
GMM,Hard Rock,World,Electricity|Generation by technology|Gas w/o CCS,EJ/yr,17,23,28,31,40,42
GMM,Hard Rock,China,Electricity|Generation by technology|Geothermal,EJ/yr,0,0,0,0,0,0
GMM,Hard Rock,Europe,Electricity|Generation by technology|Geothermal,EJ/yr,0,0,0,0,0,0
GMM,Hard Rock,India,Electricity|Generation by technology|Geothermal,EJ/yr,0,0,0,0,0,0
GMM,Hard Rock,United States,Electricity|Generation by technology|Geothermal,EJ/yr,0,0,0,0,0,0
GMM,Hard Rock,World,Electricity|Generation by technology|Geothermal,EJ/yr,0,0,0,"277,8","277,8","555,6"
GMM,Hard Rock,China,Electricity|Generation by technology|Hydro,EJ/yr,"833,4","1111,2",1389,1389,1389,"1666,8"
GMM,Hard Rock,Europe,Electricity|Generation by technology|Hydro,EJ/yr,"833,4","833,4","833,4","833,4","833,4","1111,2"
GMM,Hard Rock,India,Electricity|Generation by technology|Hydro,EJ/yr,0,"277,8","277,8","277,8","277,8","555,6"
GMM,Hard Rock,United States,Electricity|Generation by technology|Hydro,EJ/yr,"277,8","277,8","277,8","277,8","277,8","277,8"
GMM,Hard Rock,World,Electricity|Generation by technology|Hydro,EJ/yr,"3333,6","4444,8","4722,6","5278,2","5833,8","6667,2"
GMM,Hard Rock,China,Electricity|Generation by technology|Nuclear,EJ/yr,0,"277,8","1111,2",1389,"1944,6",2778
GMM,Hard Rock,Europe,Electricity|Generation by technology|Nuclear,EJ/yr,"1111,2","1111,2","1111,2","1111,2","1111,2","1111,2"
GMM,Hard Rock,India,Electricity|Generation by technology|Nuclear,EJ/yr,0,0,"277,8","277,8","555,6","833,4"
GMM,Hard Rock,United States,Electricity|Generation by technology|Nuclear,EJ/yr,"833,4","833,4","833,4","833,4","833,4","833,4"
GMM,Hard Rock,World,Electricity|Generation by technology|Nuclear,EJ/yr,2778,"3333,6","3889,2","4444,8","5278,2","6667,2"
GMM,Hard Rock,China,Electricity|Generation by technology|Oil w/o CCS,EJ/yr,0,0,0,0,0,0
GMM,Hard Rock,Europe,Electricity|Generation by technology|Oil w/o CCS,EJ/yr,0,0,0,0,0,0
GMM,Hard Rock,India,Electricity|Generation by technology|Oil w/o CCS,EJ/yr,0,0,0,0,0,0
GMM,Hard Rock,United States,Electricity|Generation by technology|Oil w/o CCS,EJ/yr,0,0,0,0,0,0
GMM,Hard Rock,World,Electricity|Generation by technology|Oil w/o CCS,EJ/yr,4,4,3,2,2,2
GMM,Hard Rock,China,Electricity|Generation by technology|Other Renewables,EJ/yr,0,0,0,0,0,0
GMM,Hard Rock,Europe,Electricity|Generation by technology|Other Renewables,EJ/yr,0,0,0,0,0,0
GMM,Hard Rock,India,Electricity|Generation by technology|Other Renewables,EJ/yr,0,0,0,0,0,0
GMM,Hard Rock,United States,Electricity|Generation by technology|Other Renewables,EJ/yr,0,0,0,0,0,0
GMM,Hard Rock,World,Electricity|Generation by technology|Other Renewables,EJ/yr,0,0,0,0,0,0
GMM,Hard Rock,China,Electricity|Generation by technology|Solar,EJ/yr,0,0,0,1,1,3
GMM,Hard Rock,Europe,Electricity|Generation by technology|Solar,EJ/yr,0,0,1,1,1,1
GMM,Hard Rock,India,Electricity|Generation by technology|Solar,EJ/yr,0,0,0,1,2,2
GMM,Hard Rock,United States,Electricity|Generation by technology|Solar,EJ/yr,0,0,0,0,1,1
GMM,Hard Rock,World,Electricity|Generation by technology|Solar,EJ/yr,0,2,3,5,7,12
GMM,Hard Rock,China,Electricity|Generation by technology|Wind,EJ/yr,0,1,2,3,5,6
GMM,Hard Rock,Europe,Electricity|Generation by technology|Wind,EJ/yr,1,1,2,2,2,3
GMM,Hard Rock,India,Electricity|Generation by technology|Wind,EJ/yr,0,0,1,1,2,2
GMM,Hard Rock,United States,Electricity|Generation by technology|Wind,EJ/yr,0,1,2,2,3,4
GMM,Hard Rock,World,Electricity|Generation by technology|Wind,EJ/yr,1,5,7,11,15,20
GMM,Hard Rock,China,Emissions|GHG Emissions by gas without LULUCF|CO2,Mt CO2e/yr,8,10,10,10,8,7
GMM,Hard Rock,Europe,Emissions|GHG Emissions by gas without LULUCF|CO2,Mt CO2e/yr,6,6,6,5,5,5
GMM,Hard Rock,India,Emissions|GHG Emissions by gas without LULUCF|CO2,Mt CO2e/yr,2,3,4,5,5,5
GMM,Hard Rock,United States,Emissions|GHG Emissions by gas without LULUCF|CO2,Mt CO2e/yr,6,5,5,5,4,3
GMM,Hard Rock,World,Emissions|GHG Emissions by gas without LULUCF|CO2,Mt CO2e/yr,31,34,36,37,36,34
GMM,Hard Rock,China,Energy|Final Energy|Coal,EJ/yr,27,36,32,29,26,21
GMM,Hard Rock,Europe,Energy|Final Energy|Coal,EJ/yr,6,6,5,4,3,3
GMM,Hard Rock,India,Energy|Final Energy|Coal,EJ/yr,3,8,12,15,19,24
GMM,Hard Rock,United States,Energy|Final Energy|Coal,EJ/yr,2,1,1,1,1,1
GMM,Hard Rock,World,Energy|Final Energy|Coal,EJ/yr,48,62,62,63,64,65
GMM,Hard Rock,China,Energy|Final Energy|Electricity,EJ/yr,13,21,25,31,34,38
GMM,Hard Rock,Europe,Energy|Final Energy|Electricity,EJ/yr,15,17,18,19,20,22
GMM,Hard Rock,India,Energy|Final Energy|Electricity,EJ/yr,3,4,7,11,14,18
GMM,Hard Rock,United States,Energy|Final Energy|Electricity,EJ/yr,14,14,15,15,16,18
GMM,Hard Rock,World,Energy|Final Energy|Electricity,EJ/yr,64,81,94,110,125,141
GMM,Hard Rock,China,Energy|Final Energy|Gases,EJ/yr,3,6,6,7,7,8
GMM,Hard Rock,Europe,Energy|Final Energy|Gases,EJ/yr,20,18,19,19,18,18
GMM,Hard Rock,India,Energy|Final Energy|Gases,EJ/yr,1,2,3,5,6,6
GMM,Hard Rock,United States,Energy|Final Energy|Gases,EJ/yr,13,15,14,15,13,13
GMM,Hard Rock,World,Energy|Final Energy|Gases,EJ/yr,56,65,73,81,85,90
GMM,Hard Rock,China,Energy|Final Energy|Heat,EJ/yr,3,4,3,3,3,3
GMM,Hard Rock,Europe,Energy|Final Energy|Heat,EJ/yr,8,7,7,7,8,7
GMM,Hard Rock,India,Energy|Final Energy|Heat,EJ/yr,0,0,0,0,0,0
GMM,Hard Rock,United States,Energy|Final Energy|Heat,EJ/yr,0,0,0,0,0,0
GMM,Hard Rock,World,Energy|Final Energy|Heat,EJ/yr,11,12,12,12,12,12
GMM,Hard Rock,China,Energy|Final Energy|Solid Biomass,EJ/yr,8,8,8,7,7,6
GMM,Hard Rock,Europe,Energy|Final Energy|Solid Biomass,EJ/yr,4,4,4,4,5,5
GMM,Hard Rock,India,Energy|Final Energy|Solid Biomass,EJ/yr,7,8,8,8,7,6
GMM,Hard Rock,United States,Energy|Final Energy|Solid Biomass,EJ/yr,2,3,3,3,3,4
GMM,Hard Rock,World,Energy|Final Energy|Solid Biomass,EJ/yr,44,52,55,55,57,55
GMM,Hard Rock,China,Energy|Final Energy|Total,EJ/yr,71,102,109,115,113,112
GMM,Hard Rock,Europe,Energy|Final Energy|Total,EJ/yr,86,85,87,88,88,87
GMM,Hard Rock,India,Energy|Final Energy|Total,EJ/yr,20,31,43,54,64,75
GMM,Hard Rock,United States,Energy|Final Energy|Total,EJ/yr,65,67,65,61,57,54
GMM,Hard Rock,World,Energy|Final Energy|Total,EJ/yr,375,443,488,524,553,576
GMM,Hard Rock,China,Energy|Final Energy Use by Sector|Buildings,EJ/yr,21,26,27,28,29,29
GMM,Hard Rock,Europe,Energy|Final Energy Use by Sector|Buildings,EJ/yr,32,30,30,29,29,29
GMM,Hard Rock,India,Energy|Final Energy Use by Sector|Buildings,EJ/yr,9,10,12,14,16,16
GMM,Hard Rock,United States,Energy|Final Energy Use by Sector|Buildings,EJ/yr,21,22,21,21,20,20
GMM,Hard Rock,World,Energy|Final Energy Use by Sector|Buildings,EJ/yr,129,144,154,160,168,170
GMM,Hard Rock,China,Energy|Final Energy Use by Sector|Industry,EJ/yr,36,51,48,47,44,41
GMM,Hard Rock,Europe,Energy|Final Energy Use by Sector|Industry,EJ/yr,23,23,23,24,23,23
GMM,Hard Rock,India,Energy|Final Energy Use by Sector|Industry,EJ/yr,7,12,17,22,27,34
GMM,Hard Rock,United States,Energy|Final Energy Use by Sector|Industry,EJ/yr,12,13,12,12,12,11
GMM,Hard Rock,World,Energy|Final Energy Use by Sector|Industry,EJ/yr,114,141,151,162,170,177
GMM,Hard Rock,China,Energy|Final Energy Use by Sector|Other,EJ/yr,6,9,11,14,15,17
GMM,Hard Rock,Europe,Energy|Final Energy Use by Sector|Other,EJ/yr,8,8,8,9,9,9
GMM,Hard Rock,India,Energy|Final Energy Use by Sector|Other,EJ/yr,2,2,4,5,6,8
GMM,Hard Rock,United States,Energy|Final Energy Use by Sector|Other,EJ/yr,6,5,5,5,5,5
GMM,Hard Rock,World,Energy|Final Energy Use by Sector|Other,EJ/yr,34,40,47,53,58,65
GMM,Hard Rock,China,Energy|Final Energy Use by Sector|Transportation,EJ/yr,9,16,22,26,25,24
GMM,Hard Rock,Europe,Energy|Final Energy Use by Sector|Transportation,EJ/yr,24,24,26,26,26,26
GMM,Hard Rock,India,Energy|Final Energy Use by Sector|Transportation,EJ/yr,3,6,10,13,14,17
GMM,Hard Rock,United States,Energy|Final Energy Use by Sector|Transportation,EJ/yr,26,27,26,23,20,19
GMM,Hard Rock,World,Energy|Final Energy Use by Sector|Transportation,EJ/yr,99,117,137,150,157,164
GMM,Hard Rock,China,Energy|Primary Energy Use|Biomass,EJ/yr,9,10,10,10,10,10
GMM,Hard Rock,Europe,Energy|Primary Energy Use|Biomass,EJ/yr,6,7,8,9,12,13
GMM,Hard Rock,India,Energy|Primary Energy Use|Biomass,EJ/yr,7,8,9,9,9,10
GMM,Hard Rock,United States,Energy|Primary Energy Use|Biomass,EJ/yr,3,4,5,5,6,6
GMM,Hard Rock,World,Energy|Primary Energy Use|Biomass,EJ/yr,50,63,69,73,82,88
GMM,Hard Rock,China,Energy|Primary Energy Use|Coal,EJ/yr,70,91,82,81,61,49
GMM,Hard Rock,Europe,Energy|Primary Energy Use|Coal,EJ/yr,20,17,15,12,9,7
GMM,Hard Rock,India,Energy|Primary Energy Use|Coal,EJ/yr,12,20,29,37,39,40
GMM,Hard Rock,United States,Energy|Primary Energy Use|Coal,EJ/yr,21,13,11,8,5,3
GMM,Hard Rock,World,Energy|Primary Energy Use|Coal,EJ/yr,149,165,165,170,148,134
GMM,Hard Rock,China,Energy|Primary Energy Use|Gas,EJ/yr,4,9,11,11,19,18
GMM,Hard Rock,Europe,Energy|Primary Energy Use|Gas,EJ/yr,39,36,39,39,40,40
GMM,Hard Rock,India,Energy|Primary Energy Use|Gas,EJ/yr,2,3,6,8,10,14
GMM,Hard Rock,United States,Energy|Primary Energy Use|Gas,EJ/yr,23,32,35,31,32,32
GMM,Hard Rock,World,Energy|Primary Energy Use|Gas,EJ/yr,115,142,157,160,178,184
GMM,Hard Rock,China,Energy|Primary Energy Use|Hydro,EJ/yr,3,4,5,5,5,6
GMM,Hard Rock,Europe,Energy|Primary Energy Use|Hydro,EJ/yr,3,3,3,3,3,4
GMM,Hard Rock,India,Energy|Primary Energy Use|Hydro,EJ/yr,0,1,1,1,1,2
GMM,Hard Rock,United States,Energy|Primary Energy Use|Hydro,EJ/yr,1,1,1,1,1,1
GMM,Hard Rock,World,Energy|Primary Energy Use|Hydro,EJ/yr,12,16,17,19,21,24
GMM,Hard Rock,China,Energy|Primary Energy Use|Nuclear,EJ/yr,1,4,11,16,22,29
GMM,Hard Rock,Europe,Energy|Primary Energy Use|Nuclear,EJ/yr,13,13,12,11,11,13
GMM,Hard Rock,India,Energy|Primary Energy Use|Nuclear,EJ/yr,0,1,2,4,6,9
GMM,Hard Rock,United States,Energy|Primary Energy Use|Nuclear,EJ/yr,9,9,8,9,9,9
GMM,Hard Rock,World,Energy|Primary Energy Use|Nuclear,EJ/yr,30,35,42,49,58,72
GMM,Hard Rock,China,Energy|Primary Energy Use|Oil,EJ/yr,20,26,32,34,32,31
GMM,Hard Rock,Europe,Energy|Primary Energy Use|Oil,EJ/yr,38,36,37,36,34,33
GMM,Hard Rock,India,Energy|Primary Energy Use|Oil,EJ/yr,7,9,13,14,16,19
GMM,Hard Rock,United States,Energy|Primary Energy Use|Oil,EJ/yr,37,39,39,33,27,22
GMM,Hard Rock,World,Energy|Primary Energy Use|Oil,EJ/yr,174,192,212,218,217,216
GMM,Hard Rock,China,Energy|Primary Energy Use|Other Renewables,EJ/yr,1,4,6,9,11,15
GMM,Hard Rock,Europe,Energy|Primary Energy Use|Other Renewables,EJ/yr,1,2,3,4,5,6
GMM,Hard Rock,India,Energy|Primary Energy Use|Other Renewables,EJ/yr,0,1,1,3,5,7
GMM,Hard Rock,United States,Energy|Primary Energy Use|Other Renewables,EJ/yr,0,2,3,3,5,6
GMM,Hard Rock,World,Energy|Primary Energy Use|Other Renewables,EJ/yr,2,10,18,26,36,50
GMM,Hard Rock,China,Energy|Primary Energy Use|Total,EJ/yr,106,148,156,166,160,157
GMM,Hard Rock,Europe,Energy|Primary Energy Use|Total,EJ/yr,120,115,116,115,114,115
GMM,Hard Rock,India,Energy|Primary Energy Use|Total,EJ/yr,30,43,61,76,88,101
GMM,Hard Rock,United States,Energy|Primary Energy Use|Total,EJ/yr,94,100,101,90,83,79
GMM,Hard Rock,World,Energy|Primary Energy Use|Total,EJ/yr,532,624,678,714,741,767
GMM,Hard Rock,China,Energy|Secondary Energy|Electricity,EJ/yr,15,25,29,36,39,42
GMM,Hard Rock,Europe,Energy|Secondary Energy|Electricity,EJ/yr,18,20,21,22,23,25
GMM,Hard Rock,India,Energy|Secondary Energy|Electricity,EJ/yr,4,6,10,14,17,21
GMM,Hard Rock,United States,Energy|Secondary Energy|Electricity,EJ/yr,16,16,16,17,18,20
GMM,Hard Rock,World,Energy|Secondary Energy|Electricity,EJ/yr,77,96,110,128,145,162
GMM,Hard Rock,China,Energy|Secondary Energy|Liquid Derivative of Crude Oil w/o CCS,EJ/yr,17,25,31,33,31,30
GMM,Hard Rock,Europe,Energy|Secondary Energy|Liquid Derivative of Crude Oil w/o CCS,EJ/yr,33,33,34,34,32,30
GMM,Hard Rock,India,Energy|Secondary Energy|Liquid Derivative of Crude Oil w/o CCS,EJ/yr,6,8,13,14,16,19
GMM,Hard Rock,United States,Energy|Secondary Energy|Liquid Derivative of Crude Oil w/o CCS,EJ/yr,34,33,31,26,22,18
GMM,Hard Rock,World,Energy|Secondary Energy|Liquid Derivative of Crude Oil w/o CCS,EJ/yr,151,167,185,192,195,194
GMM,Hard Rock,China,Population and Economy|Economy|GDP MER,billion US$2016/yr,6777,10830,15726,21134,26791,32658
GMM,Hard Rock,Europe,Population and Economy|Economy|GDP MER,billion US$2016/yr,21850,23966,26009,27932,29663,31158
GMM,Hard Rock,India,Population and Economy|Economy|GDP MER,billion US$2016/yr,1794,2894,4451,6652,9659,13758
GMM,Hard Rock,United States,Population and Economy|Economy|GDP MER,billion US$2016/yr,15949,18509,20854,23036,25195,27285
GMM,Hard Rock,World,Population and Economy|Economy|GDP MER,billion US$2016/yr,69498,84679,101935,120913,141626,164499
GMM,Hard Rock,China,Population and Economy|Population|Total,Millions,1351,1414,1428,1407,1361,1290
GMM,Hard Rock,Europe,Population and Economy|Population|Total,Millions,816,830,830,822,810,793
GMM,Hard Rock,India,Population and Economy|Population|Total,Millions,1231,1389,1528,1634,1705,1745
GMM,Hard Rock,United States,Population and Economy|Population|Total,Millions,310,334,356,374,389,404
GMM,Hard Rock,World,Population and Economy|Population|Total,Millions,6930,7758,8501,9157,9725,10184
GMM,Unfinished Symphony,China,Electricity|Capacity by technology|Biomass w/ CCS,GW,0,0,0,1,4,10
GMM,Unfinished Symphony,Europe,Electricity|Capacity by technology|Biomass w/ CCS,GW,0,0,0,1,3,7
GMM,Unfinished Symphony,India,Electricity|Capacity by technology|Biomass w/ CCS,GW,0,0,0,1,1,2
GMM,Unfinished Symphony,United States,Electricity|Capacity by technology|Biomass w/ CCS,GW,0,0,0,1,1,2
GMM,Unfinished Symphony,World,Electricity|Capacity by technology|Biomass w/ CCS,GW,0,0,0,5,14,32
GMM,Unfinished Symphony,China,Electricity|Capacity by technology|Biomass w/o CCS,GW,6,51,61,76,92,105
GMM,Unfinished Symphony,Europe,Electricity|Capacity by technology|Biomass w/o CCS,GW,30,52,51,48,53,67
GMM,Unfinished Symphony,India,Electricity|Capacity by technology|Biomass w/o CCS,GW,3,16,19,25,35,46
GMM,Unfinished Symphony,United States,Electricity|Capacity by technology|Biomass w/o CCS,GW,12,18,17,21,32,49
GMM,Unfinished Symphony,World,Electricity|Capacity by technology|Biomass w/o CCS,GW,70,184,206,248,326,397
GMM,Unfinished Symphony,China,Electricity|Capacity by technology|Coal w/ CCS,GW,0,0,4,17,60,72
GMM,Unfinished Symphony,Europe,Electricity|Capacity by technology|Coal w/ CCS,GW,0,0,2,8,17,27
GMM,Unfinished Symphony,India,Electricity|Capacity by technology|Coal w/ CCS,GW,0,0,4,37,37,33
GMM,Unfinished Symphony,United States,Electricity|Capacity by technology|Coal w/ CCS,GW,0,0,4,9,15,22
GMM,Unfinished Symphony,World,Electricity|Capacity by technology|Coal w/ CCS,GW,0,0,15,80,151,182
GMM,Unfinished Symphony,China,Electricity|Capacity by technology|Coal w/o CCS,GW,671,815,733,597,125,39
GMM,Unfinished Symphony,Europe,Electricity|Capacity by technology|Coal w/o CCS,GW,270,192,108,47,11,4
GMM,Unfinished Symphony,India,Electricity|Capacity by technology|Coal w/o CCS,GW,101,183,156,138,0,0
GMM,Unfinished Symphony,United States,Electricity|Capacity by technology|Coal w/o CCS,GW,338,268,184,97,20,0
GMM,Unfinished Symphony,World,Electricity|Capacity by technology|Coal w/o CCS,GW,1648,1715,1364,956,133,33
GMM,Unfinished Symphony,China,Electricity|Capacity by technology|Gas w/ CCS,GW,0,0,0,7,215,301
GMM,Unfinished Symphony,Europe,Electricity|Capacity by technology|Gas w/ CCS,GW,0,0,4,41,67,103
GMM,Unfinished Symphony,India,Electricity|Capacity by technology|Gas w/ CCS,GW,0,0,0,3,100,272
GMM,Unfinished Symphony,United States,Electricity|Capacity by technology|Gas w/ CCS,GW,0,0,2,14,88,371
GMM,Unfinished Symphony,World,Electricity|Capacity by technology|Gas w/ CCS,GW,0,0,14,200,927,1852
GMM,Unfinished Symphony,China,Electricity|Capacity by technology|Gas w/o CCS,GW,35,89,90,208,198,2
GMM,Unfinished Symphony,Europe,Electricity|Capacity by technology|Gas w/o CCS,GW,359,360,349,340,303,151
GMM,Unfinished Symphony,India,Electricity|Capacity by technology|Gas w/o CCS,GW,21,50,92,189,140,0
GMM,Unfinished Symphony,United States,Electricity|Capacity by technology|Gas w/o CCS,GW,424,460,408,441,399,13
GMM,Unfinished Symphony,World,Electricity|Capacity by technology|Gas w/o CCS,GW,1440,1560,1536,1739,1357,192
GMM,Unfinished Symphony,China,Electricity|Capacity by technology|Geothermal,GW,0,1,3,5,9,17
GMM,Unfinished Symphony,Europe,Electricity|Capacity by technology|Geothermal,GW,2,2,4,6,10,15
GMM,Unfinished Symphony,India,Electricity|Capacity by technology|Geothermal,GW,0,1,2,4,6,8
GMM,Unfinished Symphony,United States,Electricity|Capacity by technology|Geothermal,GW,3,4,7,11,17,31
GMM,Unfinished Symphony,World,Electricity|Capacity by technology|Geothermal,GW,11,22,40,69,114,175
GMM,Unfinished Symphony,China,Electricity|Capacity by technology|Hydro,GW,213,347,403,436,472,496
GMM,Unfinished Symphony,Europe,Electricity|Capacity by technology|Hydro,GW,273,290,294,314,334,369
GMM,Unfinished Symphony,India,Electricity|Capacity by technology|Hydro,GW,40,55,78,108,145,183
GMM,Unfinished Symphony,United States,Electricity|Capacity by technology|Hydro,GW,101,104,106,109,112,112
GMM,Unfinished Symphony,World,Electricity|Capacity by technology|Hydro,GW,1033,1295,1465,1643,1842,2017
GMM,Unfinished Symphony,China,Electricity|Capacity by technology|Nuclear,GW,11,55,158,225,278,344
GMM,Unfinished Symphony,Europe,Electricity|Capacity by technology|Nuclear,GW,177,168,152,155,157,175
GMM,Unfinished Symphony,India,Electricity|Capacity by technology|Nuclear,GW,5,10,37,79,123,137
GMM,Unfinished Symphony,United States,Electricity|Capacity by technology|Nuclear,GW,106,101,106,112,119,127
GMM,Unfinished Symphony,World,Electricity|Capacity by technology|Nuclear,GW,394,443,578,719,852,989
GMM,Unfinished Symphony,China,Electricity|Capacity by technology|Oil w/o CCS,GW,15,7,5,2,2,1
GMM,Unfinished Symphony,Europe,Electricity|Capacity by technology|Oil w/o CCS,GW,90,57,31,13,11,5
GMM,Unfinished Symphony,India,Electricity|Capacity by technology|Oil w/o CCS,GW,7,8,8,3,1,1
GMM,Unfinished Symphony,United States,Electricity|Capacity by technology|Oil w/o CCS,GW,70,46,40,19,11,11
GMM,Unfinished Symphony,World,Electricity|Capacity by technology|Oil w/o CCS,GW,435,324,204,107,69,50
GMM,Unfinished Symphony,China,Electricity|Capacity by technology|Other,GW,0,0,0,0,0,1
GMM,Unfinished Symphony,Europe,Electricity|Capacity by technology|Other,GW,0,0,0,1,3,8
GMM,Unfinished Symphony,India,Electricity|Capacity by technology|Other,GW,0,0,0,1,3,12
GMM,Unfinished Symphony,United States,Electricity|Capacity by technology|Other,GW,0,0,0,0,0,1
GMM,Unfinished Symphony,World,Electricity|Capacity by technology|Other,GW,0,0,1,6,19,52
GMM,Unfinished Symphony,China,Electricity|Capacity by technology|Solar,GW,1,104,319,867,1019,1161
GMM,Unfinished Symphony,Europe,Electricity|Capacity by technology|Solar,GW,30,121,206,294,385,441
GMM,Unfinished Symphony,India,Electricity|Capacity by technology|Solar,GW,0,27,171,355,533,724
GMM,Unfinished Symphony,United States,Electricity|Capacity by technology|Solar,GW,3,50,202,342,496,626
GMM,Unfinished Symphony,World,Electricity|Capacity by technology|Solar,GW,39,400,1164,2455,3560,4707
GMM,Unfinished Symphony,China,Electricity|Capacity by technology|Total,GW,997,1670,2178,3057,3341,3608
GMM,Unfinished Symphony,Europe,Electricity|Capacity by technology|Total,GW,1318,1436,1464,1600,1797,1920
GMM,Unfinished Symphony,India,Electricity|Capacity by technology|Total,GW,190,404,696,1153,1467,1814
GMM,Unfinished Symphony,United States,Electricity|Capacity by technology|Total,GW,1098,1158,1327,1515,1726,1838
GMM,Unfinished Symphony,World,Electricity|Capacity by technology|Total,GW,5269,6572,7816,10142,12143,14093
GMM,Unfinished Symphony,China,Electricity|Capacity by technology|Wind,GW,46,201,402,615,868,1059
GMM,Unfinished Symphony,Europe,Electricity|Capacity by technology|Wind,GW,86,194,262,333,444,549
GMM,Unfinished Symphony,India,Electricity|Capacity by technology|Wind,GW,13,53,130,211,344,396
GMM,Unfinished Symphony,United States,Electricity|Capacity by technology|Wind,GW,40,106,251,340,415,472
GMM,Unfinished Symphony,World,Electricity|Capacity by technology|Wind,GW,198,629,1230,1915,2779,3415
GMM,Unfinished Symphony,China,Electricity|Generation by technology|Biomass w/ CCS,EJ/yr,0,0,0,0,0,0
GMM,Unfinished Symphony,Europe,Electricity|Generation by technology|Biomass w/ CCS,EJ/yr,0,0,0,0,0,0
GMM,Unfinished Symphony,India,Electricity|Generation by technology|Biomass w/ CCS,EJ/yr,0,0,0,0,0,0
GMM,Unfinished Symphony,United States,Electricity|Generation by technology|Biomass w/ CCS,EJ/yr,0,0,0,0,0,0
GMM,Unfinished Symphony,World,Electricity|Generation by technology|Biomass w/ CCS,EJ/yr,0,0,0,0,0,1
GMM,Unfinished Symphony,China,Electricity|Generation by technology|Biomass w/o CCS,EJ/yr,0,1,1,2,2,2
GMM,Unfinished Symphony,Europe,Electricity|Generation by technology|Biomass w/o CCS,EJ/yr,1,1,1,1,1,1
GMM,Unfinished Symphony,India,Electricity|Generation by technology|Biomass w/o CCS,EJ/yr,0,0,0,1,1,1
GMM,Unfinished Symphony,United States,Electricity|Generation by technology|Biomass w/o CCS,EJ/yr,0,0,0,0,1,1
GMM,Unfinished Symphony,World,Electricity|Generation by technology|Biomass w/o CCS,EJ/yr,1,3,4,6,8,8
GMM,Unfinished Symphony,China,Electricity|Generation by technology|Coal w/ CCS,EJ/yr,0,0,0,0,1,1
GMM,Unfinished Symphony,Europe,Electricity|Generation by technology|Coal w/ CCS,EJ/yr,0,0,0,0,0,1
GMM,Unfinished Symphony,India,Electricity|Generation by technology|Coal w/ CCS,EJ/yr,0,0,0,1,1,0
GMM,Unfinished Symphony,United States,Electricity|Generation by technology|Coal w/ CCS,EJ/yr,0,0,0,0,0,0
GMM,Unfinished Symphony,World,Electricity|Generation by technology|Coal w/ CCS,EJ/yr,0,0,0,2,4,4
GMM,Unfinished Symphony,China,Electricity|Generation by technology|Coal w/o CCS,EJ/yr,12,15,14,9,1,0
GMM,Unfinished Symphony,Europe,Electricity|Generation by technology|Coal w/o CCS,EJ/yr,4,3,2,1,0,0
GMM,Unfinished Symphony,India,Electricity|Generation by technology|Coal w/o CCS,EJ/yr,2,3,4,2,0,0
GMM,Unfinished Symphony,United States,Electricity|Generation by technology|Coal w/o CCS,EJ/yr,7,5,4,2,0,0
GMM,Unfinished Symphony,World,Electricity|Generation by technology|Coal w/o CCS,EJ/yr,31,32,28,16,2,0
GMM,Unfinished Symphony,China,Electricity|Generation by technology|Gas w/ CCS,EJ/yr,0,0,0,0,4,4
GMM,Unfinished Symphony,Europe,Electricity|Generation by technology|Gas w/ CCS,EJ/yr,0,0,0,1,2,2
GMM,Unfinished Symphony,India,Electricity|Generation by technology|Gas w/ CCS,EJ/yr,0,0,0,0,1,3
GMM,Unfinished Symphony,United States,Electricity|Generation by technology|Gas w/ CCS,EJ/yr,0,0,0,0,1,3
GMM,Unfinished Symphony,World,Electricity|Generation by technology|Gas w/ CCS,EJ/yr,0,0,0,4,16,24
GMM,Unfinished Symphony,China,Electricity|Generation by technology|Gas w/o CCS,EJ/yr,0,1,1,2,2,0
GMM,Unfinished Symphony,Europe,Electricity|Generation by technology|Gas w/o CCS,EJ/yr,5,6,7,6,5,3
GMM,Unfinished Symphony,India,Electricity|Generation by technology|Gas w/o CCS,EJ/yr,0,1,1,2,2,0
GMM,Unfinished Symphony,United States,Electricity|Generation by technology|Gas w/o CCS,EJ/yr,4,5,4,4,3,0
GMM,Unfinished Symphony,World,Electricity|Generation by technology|Gas w/o CCS,EJ/yr,17,23,25,25,16,3
GMM,Unfinished Symphony,China,Electricity|Generation by technology|Geothermal,EJ/yr,0,0,0,0,0,0
GMM,Unfinished Symphony,Europe,Electricity|Generation by technology|Geothermal,EJ/yr,0,0,0,0,0,0
GMM,Unfinished Symphony,India,Electricity|Generation by technology|Geothermal,EJ/yr,0,0,0,0,0,0
GMM,Unfinished Symphony,United States,Electricity|Generation by technology|Geothermal,EJ/yr,0,0,0,0,0,"277,8"
GMM,Unfinished Symphony,World,Electricity|Generation by technology|Geothermal,EJ/yr,0,"277,8","277,8","555,6","833,4","1111,2"
GMM,Unfinished Symphony,China,Electricity|Generation by technology|Hydro,EJ/yr,"833,4","1111,2",1389,1389,"1666,8","1666,8"
GMM,Unfinished Symphony,Europe,Electricity|Generation by technology|Hydro,EJ/yr,"833,4","833,4","833,4","833,4","1111,2","1111,2"
GMM,Unfinished Symphony,India,Electricity|Generation by technology|Hydro,EJ/yr,0,"277,8","277,8","277,8","277,8","555,6"
GMM,Unfinished Symphony,United States,Electricity|Generation by technology|Hydro,EJ/yr,"277,8","277,8","277,8","277,8","277,8","277,8"
GMM,Unfinished Symphony,World,Electricity|Generation by technology|Hydro,EJ/yr,"3333,6","4444,8","5000,4","5833,8","6389,4","7222,8"
GMM,Unfinished Symphony,China,Electricity|Generation by technology|Nuclear,EJ/yr,0,"277,8","1111,2","1666,8","2222,4","2500,2"
GMM,Unfinished Symphony,Europe,Electricity|Generation by technology|Nuclear,EJ/yr,"1111,2","1111,2","1111,2","1111,2","1111,2",1389
GMM,Unfinished Symphony,India,Electricity|Generation by technology|Nuclear,EJ/yr,0,0,"277,8","555,6","833,4","1111,2"
GMM,Unfinished Symphony,United States,Electricity|Generation by technology|Nuclear,EJ/yr,"833,4","833,4","833,4","833,4","833,4","1111,2"
GMM,Unfinished Symphony,World,Electricity|Generation by technology|Nuclear,EJ/yr,2778,"3333,6","4444,8",5556,"6667,2","7500,6"
GMM,Unfinished Symphony,China,Electricity|Generation by technology|Oil w/o CCS,EJ/yr,0,0,0,0,0,0
GMM,Unfinished Symphony,Europe,Electricity|Generation by technology|Oil w/o CCS,EJ/yr,0,0,0,0,0,0
GMM,Unfinished Symphony,India,Electricity|Generation by technology|Oil w/o CCS,EJ/yr,0,0,0,0,0,0
GMM,Unfinished Symphony,United States,Electricity|Generation by technology|Oil w/o CCS,EJ/yr,0,0,0,0,0,0
GMM,Unfinished Symphony,World,Electricity|Generation by technology|Oil w/o CCS,EJ/yr,4,2,1,1,0,0
GMM,Unfinished Symphony,China,Electricity|Generation by technology|Other Renewables,EJ/yr,0,0,0,0,0,0
GMM,Unfinished Symphony,Europe,Electricity|Generation by technology|Other Renewables,EJ/yr,0,0,0,0,0,0
GMM,Unfinished Symphony,India,Electricity|Generation by technology|Other Renewables,EJ/yr,0,0,0,0,0,0
GMM,Unfinished Symphony,United States,Electricity|Generation by technology|Other Renewables,EJ/yr,0,0,0,0,0,0
GMM,Unfinished Symphony,World,Electricity|Generation by technology|Other Renewables,EJ/yr,0,0,0,0,0,1
GMM,Unfinished Symphony,China,Electricity|Generation by technology|Solar,EJ/yr,0,0,1,4,5,6
GMM,Unfinished Symphony,Europe,Electricity|Generation by technology|Solar,EJ/yr,0,0,1,1,2,2
GMM,Unfinished Symphony,India,Electricity|Generation by technology|Solar,EJ/yr,0,0,1,2,4,5
GMM,Unfinished Symphony,United States,Electricity|Generation by technology|Solar,EJ/yr,0,0,1,2,3,3
GMM,Unfinished Symphony,World,Electricity|Generation by technology|Solar,EJ/yr,0,2,6,14,21,29
GMM,Unfinished Symphony,China,Electricity|Generation by technology|Wind,EJ/yr,0,1,3,6,8,10
GMM,Unfinished Symphony,Europe,Electricity|Generation by technology|Wind,EJ/yr,1,1,2,3,4,6
GMM,Unfinished Symphony,India,Electricity|Generation by technology|Wind,EJ/yr,0,0,1,2,3,3
GMM,Unfinished Symphony,United States,Electricity|Generation by technology|Wind,EJ/yr,0,1,3,4,4,5
GMM,Unfinished Symphony,World,Electricity|Generation by technology|Wind,EJ/yr,1,5,11,18,27,34
GMM,Unfinished Symphony,China,Emissions|GHG Emissions by gas without LULUCF|CO2,Mt CO2e/yr,8,10,9,7,4,2
GMM,Unfinished Symphony,Europe,Emissions|GHG Emissions by gas without LULUCF|CO2,Mt CO2e/yr,6,5,5,4,3,2
GMM,Unfinished Symphony,India,Emissions|GHG Emissions by gas without LULUCF|CO2,Mt CO2e/yr,2,2,3,3,2,2
GMM,Unfinished Symphony,United States,Emissions|GHG Emissions by gas without LULUCF|CO2,Mt CO2e/yr,6,5,5,3,2,1
GMM,Unfinished Symphony,World,Emissions|GHG Emissions by gas without LULUCF|CO2,Mt CO2e/yr,31,33,31,26,18,13
GMM,Unfinished Symphony,China,Energy|Final Energy|Coal,EJ/yr,27,30,25,20,15,11
GMM,Unfinished Symphony,Europe,Energy|Final Energy|Coal,EJ/yr,6,5,4,3,2,1
GMM,Unfinished Symphony,India,Energy|Final Energy|Coal,EJ/yr,3,6,8,8,7,5
GMM,Unfinished Symphony,United States,Energy|Final Energy|Coal,EJ/yr,2,1,1,1,0,0
GMM,Unfinished Symphony,World,Energy|Final Energy|Coal,EJ/yr,48,50,43,35,27,19
GMM,Unfinished Symphony,China,Energy|Final Energy|Electricity,EJ/yr,13,21,26,30,33,36
GMM,Unfinished Symphony,Europe,Energy|Final Energy|Electricity,EJ/yr,15,17,18,19,20,21
GMM,Unfinished Symphony,India,Energy|Final Energy|Electricity,EJ/yr,3,4,7,10,13,16
GMM,Unfinished Symphony,United States,Energy|Final Energy|Electricity,EJ/yr,14,14,15,15,16,16
GMM,Unfinished Symphony,World,Energy|Final Energy|Electricity,EJ/yr,64,80,95,110,125,140
GMM,Unfinished Symphony,China,Energy|Final Energy|Gases,EJ/yr,3,6,10,11,12,12
GMM,Unfinished Symphony,Europe,Energy|Final Energy|Gases,EJ/yr,20,20,19,18,18,17
GMM,Unfinished Symphony,India,Energy|Final Energy|Gases,EJ/yr,1,2,3,5,6,7
GMM,Unfinished Symphony,United States,Energy|Final Energy|Gases,EJ/yr,13,14,14,12,10,8
GMM,Unfinished Symphony,World,Energy|Final Energy|Gases,EJ/yr,56,66,76,81,83,84
GMM,Unfinished Symphony,China,Energy|Final Energy|Heat,EJ/yr,3,4,5,6,6,5
GMM,Unfinished Symphony,Europe,Energy|Final Energy|Heat,EJ/yr,8,7,7,6,6,5
GMM,Unfinished Symphony,India,Energy|Final Energy|Heat,EJ/yr,0,0,0,0,0,0
GMM,Unfinished Symphony,United States,Energy|Final Energy|Heat,EJ/yr,0,0,0,0,0,0
GMM,Unfinished Symphony,World,Energy|Final Energy|Heat,EJ/yr,11,12,14,15,14,13
GMM,Unfinished Symphony,China,Energy|Final Energy|Solid Biomass,EJ/yr,8,7,7,7,7,8
GMM,Unfinished Symphony,Europe,Energy|Final Energy|Solid Biomass,EJ/yr,4,4,5,5,6,7
GMM,Unfinished Symphony,India,Energy|Final Energy|Solid Biomass,EJ/yr,7,9,10,11,11,12
GMM,Unfinished Symphony,United States,Energy|Final Energy|Solid Biomass,EJ/yr,2,4,4,5,7,7
GMM,Unfinished Symphony,World,Energy|Final Energy|Solid Biomass,EJ/yr,44,53,57,61,68,74
GMM,Unfinished Symphony,China,Energy|Final Energy|Total,EJ/yr,71,99,109,109,104,97
GMM,Unfinished Symphony,Europe,Energy|Final Energy|Total,EJ/yr,86,85,83,81,77,72
GMM,Unfinished Symphony,India,Energy|Final Energy|Total,EJ/yr,20,31,42,52,58,62
GMM,Unfinished Symphony,United States,Energy|Final Energy|Total,EJ/yr,65,66,63,58,52,46
GMM,Unfinished Symphony,World,Energy|Final Energy|Total,EJ/yr,375,435,468,484,487,480
GMM,Unfinished Symphony,China,Energy|Final Energy Use by Sector|Buildings,EJ/yr,21,24,27,27,27,25
GMM,Unfinished Symphony,Europe,Energy|Final Energy Use by Sector|Buildings,EJ/yr,32,30,29,28,27,25
GMM,Unfinished Symphony,India,Energy|Final Energy Use by Sector|Buildings,EJ/yr,9,10,12,13,13,13
GMM,Unfinished Symphony,United States,Energy|Final Energy Use by Sector|Buildings,EJ/yr,21,21,21,20,19,17
GMM,Unfinished Symphony,World,Energy|Final Energy Use by Sector|Buildings,EJ/yr,129,142,148,152,152,149
GMM,Unfinished Symphony,China,Energy|Final Energy Use by Sector|Industry,EJ/yr,36,50,50,45,40,36
GMM,Unfinished Symphony,Europe,Energy|Final Energy Use by Sector|Industry,EJ/yr,23,23,22,21,21,20
GMM,Unfinished Symphony,India,Energy|Final Energy Use by Sector|Industry,EJ/yr,7,12,17,22,24,26
GMM,Unfinished Symphony,United States,Energy|Final Energy Use by Sector|Industry,EJ/yr,12,13,13,12,11,9
GMM,Unfinished Symphony,World,Energy|Final Energy Use by Sector|Industry,EJ/yr,114,138,147,149,148,145
GMM,Unfinished Symphony,China,Energy|Final Energy Use by Sector|Other,EJ/yr,6,9,11,12,13,14
GMM,Unfinished Symphony,Europe,Energy|Final Energy Use by Sector|Other,EJ/yr,8,8,8,8,7,7
GMM,Unfinished Symphony,India,Energy|Final Energy Use by Sector|Other,EJ/yr,2,2,4,6,7,7
GMM,Unfinished Symphony,United States,Energy|Final Energy Use by Sector|Other,EJ/yr,6,5,5,5,4,4
GMM,Unfinished Symphony,World,Energy|Final Energy Use by Sector|Other,EJ/yr,34,40,46,49,53,55
GMM,Unfinished Symphony,China,Energy|Final Energy Use by Sector|Transportation,EJ/yr,9,15,21,24,24,22
GMM,Unfinished Symphony,Europe,Energy|Final Energy Use by Sector|Transportation,EJ/yr,24,24,24,24,22,20
GMM,Unfinished Symphony,India,Energy|Final Energy Use by Sector|Transportation,EJ/yr,3,5,9,12,13,15
GMM,Unfinished Symphony,United States,Energy|Final Energy Use by Sector|Transportation,EJ/yr,26,27,24,21,18,15
GMM,Unfinished Symphony,World,Energy|Final Energy Use by Sector|Transportation,EJ/yr,99,115,128,134,134,131
GMM,Unfinished Symphony,China,Energy|Primary Energy Use|Biomass,EJ/yr,9,9,11,13,15,19
GMM,Unfinished Symphony,Europe,Energy|Primary Energy Use|Biomass,EJ/yr,6,8,10,12,14,16
GMM,Unfinished Symphony,India,Energy|Primary Energy Use|Biomass,EJ/yr,7,9,11,13,13,14
GMM,Unfinished Symphony,United States,Energy|Primary Energy Use|Biomass,EJ/yr,3,5,6,7,9,11
GMM,Unfinished Symphony,World,Energy|Primary Energy Use|Biomass,EJ/yr,50,64,77,90,108,124
GMM,Unfinished Symphony,China,Energy|Primary Energy Use|Coal,EJ/yr,70,80,69,49,25,16
GMM,Unfinished Symphony,Europe,Energy|Primary Energy Use|Coal,EJ/yr,20,14,11,6,3,3
GMM,Unfinished Symphony,India,Energy|Primary Energy Use|Coal,EJ/yr,12,17,19,15,9,6
GMM,Unfinished Symphony,United States,Energy|Primary Energy Use|Coal,EJ/yr,21,15,12,7,2,2
GMM,Unfinished Symphony,World,Energy|Primary Energy Use|Coal,EJ/yr,149,147,129,86,45,30
GMM,Unfinished Symphony,China,Energy|Primary Energy Use|Gas,EJ/yr,4,9,13,17,27,24
GMM,Unfinished Symphony,Europe,Energy|Primary Energy Use|Gas,EJ/yr,39,41,38,37,35,31
GMM,Unfinished Symphony,India,Energy|Primary Energy Use|Gas,EJ/yr,2,3,6,9,12,14
GMM,Unfinished Symphony,United States,Energy|Primary Energy Use|Gas,EJ/yr,23,32,30,22,19,15
GMM,Unfinished Symphony,World,Energy|Primary Energy Use|Gas,EJ/yr,115,142,149,153,161,151
GMM,Unfinished Symphony,China,Energy|Primary Energy Use|Hydro,EJ/yr,3,4,5,5,6,6
GMM,Unfinished Symphony,Europe,Energy|Primary Energy Use|Hydro,EJ/yr,3,3,3,3,4,4
GMM,Unfinished Symphony,India,Energy|Primary Energy Use|Hydro,EJ/yr,0,1,1,1,1,2
GMM,Unfinished Symphony,United States,Energy|Primary Energy Use|Hydro,EJ/yr,1,1,1,1,1,1
GMM,Unfinished Symphony,World,Energy|Primary Energy Use|Hydro,EJ/yr,12,16,18,21,23,26
GMM,Unfinished Symphony,China,Energy|Primary Energy Use|Nuclear,EJ/yr,1,4,13,18,23,28
GMM,Unfinished Symphony,Europe,Energy|Primary Energy Use|Nuclear,EJ/yr,13,13,12,12,12,14
GMM,Unfinished Symphony,India,Energy|Primary Energy Use|Nuclear,EJ/yr,0,1,3,7,10,12
GMM,Unfinished Symphony,United States,Energy|Primary Energy Use|Nuclear,EJ/yr,9,9,9,10,10,11
GMM,Unfinished Symphony,World,Energy|Primary Energy Use|Nuclear,EJ/yr,30,36,47,59,71,82
GMM,Unfinished Symphony,China,Energy|Primary Energy Use|Oil,EJ/yr,20,30,34,31,26,21
GMM,Unfinished Symphony,Europe,Energy|Primary Energy Use|Oil,EJ/yr,38,35,33,29,24,17
GMM,Unfinished Symphony,India,Energy|Primary Energy Use|Oil,EJ/yr,7,10,14,18,19,19
GMM,Unfinished Symphony,United States,Energy|Primary Energy Use|Oil,EJ/yr,37,37,33,27,20,13
GMM,Unfinished Symphony,World,Energy|Primary Energy Use|Oil,EJ/yr,174,193,196,184,162,137
GMM,Unfinished Symphony,China,Energy|Primary Energy Use|Other Renewables,EJ/yr,1,4,8,14,17,21
GMM,Unfinished Symphony,Europe,Energy|Primary Energy Use|Other Renewables,EJ/yr,1,2,4,7,9,11
GMM,Unfinished Symphony,India,Energy|Primary Energy Use|Other Renewables,EJ/yr,0,1,2,5,8,11
GMM,Unfinished Symphony,United States,Energy|Primary Energy Use|Other Renewables,EJ/yr,0,2,4,7,9,11
GMM,Unfinished Symphony,World,Energy|Primary Energy Use|Other Renewables,EJ/yr,2,11,26,44,65,83
GMM,Unfinished Symphony,China,Energy|Primary Energy Use|Total,EJ/yr,106,141,154,147,140,134
GMM,Unfinished Symphony,Europe,Energy|Primary Energy Use|Total,EJ/yr,120,117,112,107,101,96
GMM,Unfinished Symphony,India,Energy|Primary Energy Use|Total,EJ/yr,30,42,57,67,74,79
GMM,Unfinished Symphony,United States,Energy|Primary Energy Use|Total,EJ/yr,94,101,96,80,71,64
GMM,Unfinished Symphony,World,Energy|Primary Energy Use|Total,EJ/yr,532,609,642,637,634,634
GMM,Unfinished Symphony,China,Energy|Secondary Energy|Electricity,EJ/yr,15,24,30,35,38,40
GMM,Unfinished Symphony,Europe,Energy|Secondary Energy|Electricity,EJ/yr,18,20,21,22,23,24
GMM,Unfinished Symphony,India,Energy|Secondary Energy|Electricity,EJ/yr,4,6,9,13,16,20
GMM,Unfinished Symphony,United States,Energy|Secondary Energy|Electricity,EJ/yr,16,16,16,17,17,18
GMM,Unfinished Symphony,World,Energy|Secondary Energy|Electricity,EJ/yr,77,94,111,128,143,160
GMM,Unfinished Symphony,China,Energy|Secondary Energy|Liquid Derivative of Crude Oil w/o CCS,EJ/yr,17,28,33,30,26,21
GMM,Unfinished Symphony,Europe,Energy|Secondary Energy|Liquid Derivative of Crude Oil w/o CCS,EJ/yr,33,32,30,27,23,16
GMM,Unfinished Symphony,India,Energy|Secondary Energy|Liquid Derivative of Crude Oil w/o CCS,EJ/yr,6,10,14,17,19,19
GMM,Unfinished Symphony,United States,Energy|Secondary Energy|Liquid Derivative of Crude Oil w/o CCS,EJ/yr,34,32,28,23,17,11
GMM,Unfinished Symphony,World,Energy|Secondary Energy|Liquid Derivative of Crude Oil w/o CCS,EJ/yr,151,170,175,168,152,129
GMM,Unfinished Symphony,China,Population and Economy|Economy|GDP MER,billion US$2016/yr,6777,12367,20145,30108,41656,55982
GMM,Unfinished Symphony,Europe,Population and Economy|Economy|GDP MER,billion US$2016/yr,21850,26434,31659,37438,43788,50249
GMM,Unfinished Symphony,India,Population and Economy|Economy|GDP MER,billion US$2016/yr,1794,3528,6561,11421,18427,27016
GMM,Unfinished Symphony,United States,Population and Economy|Economy|GDP MER,billion US$2016/yr,15949,19442,23468,28051,33202,38913
GMM,Unfinished Symphony,World,Population and Economy|Economy|GDP MER,billion US$2016/yr,69498,92772,125267,167235,219009,281993
GMM,Unfinished Symphony,China,Population and Economy|Population|Total,Millions,1351,1414,1428,1407,1361,1290
GMM,Unfinished Symphony,Europe,Population and Economy|Population|Total,Millions,816,830,830,822,810,793
GMM,Unfinished Symphony,India,Population and Economy|Population|Total,Millions,1231,1389,1528,1634,1705,1745
GMM,Unfinished Symphony,United States,Population and Economy|Population|Total,Millions,310,334,356,374,389,404
GMM,Unfinished Symphony,World,Population and Economy|Population|Total,Millions,6930,7758,8501,9157,9725,10184
GMM,Modern Jazz,China,Electricity|Capacity by technology|Biomass w/ CCS,GW,0,0,0,0,0,1
GMM,Modern Jazz,Europe,Electricity|Capacity by technology|Biomass w/ CCS,GW,0,0,0,1,1,2
GMM,Modern Jazz,India,Electricity|Capacity by technology|Biomass w/ CCS,GW,0,0,0,0,1,11
GMM,Modern Jazz,United States,Electricity|Capacity by technology|Biomass w/ CCS,GW,0,0,0,0,0,1
GMM,Modern Jazz,World,Electricity|Capacity by technology|Biomass w/ CCS,GW,0,0,0,2,5,24
GMM,Modern Jazz,China,Electricity|Capacity by technology|Biomass w/o CCS,GW,6,56,55,60,73,78
GMM,Modern Jazz,Europe,Electricity|Capacity by technology|Biomass w/o CCS,GW,30,47,42,44,51,59
GMM,Modern Jazz,India,Electricity|Capacity by technology|Biomass w/o CCS,GW,3,22,25,31,45,56
GMM,Modern Jazz,United States,Electricity|Capacity by technology|Biomass w/o CCS,GW,12,17,14,16,22,33
GMM,Modern Jazz,World,Electricity|Capacity by technology|Biomass w/o CCS,GW,70,181,180,203,267,331
GMM,Modern Jazz,China,Electricity|Capacity by technology|Coal w/ CCS,GW,0,0,1,3,9,24
GMM,Modern Jazz,Europe,Electricity|Capacity by technology|Coal w/ CCS,GW,0,0,0,3,8,18
GMM,Modern Jazz,India,Electricity|Capacity by technology|Coal w/ CCS,GW,0,0,1,2,4,10
GMM,Modern Jazz,United States,Electricity|Capacity by technology|Coal w/ CCS,GW,0,0,1,2,3,5
GMM,Modern Jazz,World,Electricity|Capacity by technology|Coal w/ CCS,GW,0,0,3,18,50,96
GMM,Modern Jazz,China,Electricity|Capacity by technology|Coal w/o CCS,GW,671,862,787,689,406,338
GMM,Modern Jazz,Europe,Electricity|Capacity by technology|Coal w/o CCS,GW,270,217,139,84,31,17
GMM,Modern Jazz,India,Electricity|Capacity by technology|Coal w/o CCS,GW,101,195,226,212,157,108
GMM,Modern Jazz,United States,Electricity|Capacity by technology|Coal w/o CCS,GW,338,268,185,105,42,20
GMM,Modern Jazz,World,Electricity|Capacity by technology|Coal w/o CCS,GW,1648,1813,1560,1247,714,545
GMM,Modern Jazz,China,Electricity|Capacity by technology|Gas w/ CCS,GW,0,0,0,1,15,205
GMM,Modern Jazz,Europe,Electricity|Capacity by technology|Gas w/ CCS,GW,0,0,0,3,16,75
GMM,Modern Jazz,India,Electricity|Capacity by technology|Gas w/ CCS,GW,0,0,0,1,15,205
GMM,Modern Jazz,United States,Electricity|Capacity by technology|Gas w/ CCS,GW,0,0,0,1,7,46
GMM,Modern Jazz,World,Electricity|Capacity by technology|Gas w/ CCS,GW,0,0,0,15,129,816
GMM,Modern Jazz,China,Electricity|Capacity by technology|Gas w/o CCS,GW,35,90,199,359,557,461
GMM,Modern Jazz,Europe,Electricity|Capacity by technology|Gas w/o CCS,GW,359,360,368,378,401,324
GMM,Modern Jazz,India,Electricity|Capacity by technology|Gas w/o CCS,GW,21,50,68,157,258,182
GMM,Modern Jazz,United States,Electricity|Capacity by technology|Gas w/o CCS,GW,424,460,585,724,745,571
GMM,Modern Jazz,World,Electricity|Capacity by technology|Gas w/o CCS,GW,1440,1573,1946,2568,3086,2522
GMM,Modern Jazz,China,Electricity|Capacity by technology|Geothermal,GW,0,1,2,4,6,8
GMM,Modern Jazz,Europe,Electricity|Capacity by technology|Geothermal,GW,2,1,2,2,3,3
GMM,Modern Jazz,India,Electricity|Capacity by technology|Geothermal,GW,0,1,2,3,4,6
GMM,Modern Jazz,United States,Electricity|Capacity by technology|Geothermal,GW,3,4,6,8,11,13
GMM,Modern Jazz,World,Electricity|Capacity by technology|Geothermal,GW,11,20,32,49,72,96
GMM,Modern Jazz,China,Electricity|Capacity by technology|Hydro,GW,213,347,383,423,468,492
GMM,Modern Jazz,Europe,Electricity|Capacity by technology|Hydro,GW,273,289,290,301,312,323
GMM,Modern Jazz,India,Electricity|Capacity by technology|Hydro,GW,40,55,78,110,141,166
GMM,Modern Jazz,United States,Electricity|Capacity by technology|Hydro,GW,101,104,104,105,106,107
GMM,Modern Jazz,World,Electricity|Capacity by technology|Hydro,GW,1033,1282,1388,1548,1709,1858
GMM,Modern Jazz,China,Electricity|Capacity by technology|Nuclear,GW,11,43,63,93,138,204
GMM,Modern Jazz,Europe,Electricity|Capacity by technology|Nuclear,GW,177,167,150,141,140,136
GMM,Modern Jazz,India,Electricity|Capacity by technology|Nuclear,GW,5,9,22,36,50,58
GMM,Modern Jazz,United States,Electricity|Capacity by technology|Nuclear,GW,106,101,96,98,100,102
GMM,Modern Jazz,World,Electricity|Capacity by technology|Nuclear,GW,394,424,440,482,551,639
GMM,Modern Jazz,China,Electricity|Capacity by technology|Oil w/o CCS,GW,15,7,5,2,2,1
GMM,Modern Jazz,Europe,Electricity|Capacity by technology|Oil w/o CCS,GW,90,57,31,13,11,5
GMM,Modern Jazz,India,Electricity|Capacity by technology|Oil w/o CCS,GW,7,8,8,3,2,2
GMM,Modern Jazz,United States,Electricity|Capacity by technology|Oil w/o CCS,GW,70,46,40,19,11,11
GMM,Modern Jazz,World,Electricity|Capacity by technology|Oil w/o CCS,GW,435,326,208,126,95,73
GMM,Modern Jazz,China,Electricity|Capacity by technology|Other,GW,0,0,0,0,0,0
GMM,Modern Jazz,Europe,Electricity|Capacity by technology|Other,GW,0,0,0,1,4,6
GMM,Modern Jazz,India,Electricity|Capacity by technology|Other,GW,0,0,1,3,7,6
GMM,Modern Jazz,United States,Electricity|Capacity by technology|Other,GW,0,0,0,0,0,1
GMM,Modern Jazz,World,Electricity|Capacity by technology|Other,GW,0,0,2,6,21,44
GMM,Modern Jazz,China,Electricity|Capacity by technology|Solar,GW,1,104,325,768,985,1202
GMM,Modern Jazz,Europe,Electricity|Capacity by technology|Solar,GW,30,119,187,256,331,399
GMM,Modern Jazz,India,Electricity|Capacity by technology|Solar,GW,0,27,132,348,520,695
GMM,Modern Jazz,United States,Electricity|Capacity by technology|Solar,GW,3,47,141,192,259,348
GMM,Modern Jazz,World,Electricity|Capacity by technology|Solar,GW,39,388,1011,2024,2915,4005
GMM,Modern Jazz,China,Electricity|Capacity by technology|Total,GW,997,1712,2148,2909,3424,4006
GMM,Modern Jazz,Europe,Electricity|Capacity by technology|Total,GW,1318,1450,1442,1567,1769,1929
GMM,Modern Jazz,India,Electricity|Capacity by technology|Total,GW,190,420,677,1098,1499,1888
GMM,Modern Jazz,United States,Electricity|Capacity by technology|Total,GW,1098,1154,1392,1540,1641,1669
GMM,Modern Jazz,World,Electricity|Capacity by technology|Total,GW,5269,6635,7818,9894,11963,14177
GMM,Modern Jazz,China,Electricity|Capacity by technology|Wind,GW,46,204,328,506,765,994
GMM,Modern Jazz,Europe,Electricity|Capacity by technology|Wind,GW,86,194,233,341,459,561
GMM,Modern Jazz,India,Electricity|Capacity by technology|Wind,GW,13,53,115,194,296,385
GMM,Modern Jazz,United States,Electricity|Capacity by technology|Wind,GW,40,106,221,272,334,412
GMM,Modern Jazz,World,Electricity|Capacity by technology|Wind,GW,198,627,1049,1606,2349,3130
GMM,Modern Jazz,China,Electricity|Generation by technology|Biomass w/ CCS,EJ/yr,0,0,0,0,0,0
GMM,Modern Jazz,Europe,Electricity|Generation by technology|Biomass w/ CCS,EJ/yr,0,0,0,0,0,0
GMM,Modern Jazz,India,Electricity|Generation by technology|Biomass w/ CCS,EJ/yr,0,0,0,0,0,0
GMM,Modern Jazz,United States,Electricity|Generation by technology|Biomass w/ CCS,EJ/yr,0,0,0,0,0,0
GMM,Modern Jazz,World,Electricity|Generation by technology|Biomass w/ CCS,EJ/yr,0,0,0,0,0,1
GMM,Modern Jazz,China,Electricity|Generation by technology|Biomass w/o CCS,EJ/yr,0,1,1,1,2,2
GMM,Modern Jazz,Europe,Electricity|Generation by technology|Biomass w/o CCS,EJ/yr,1,1,1,1,1,1
GMM,Modern Jazz,India,Electricity|Generation by technology|Biomass w/o CCS,EJ/yr,0,0,1,1,1,1
GMM,Modern Jazz,United States,Electricity|Generation by technology|Biomass w/o CCS,EJ/yr,0,0,0,0,1,1
GMM,Modern Jazz,World,Electricity|Generation by technology|Biomass w/o CCS,EJ/yr,1,2,4,5,7,9
GMM,Modern Jazz,China,Electricity|Generation by technology|Coal w/ CCS,EJ/yr,0,0,0,0,0,1
GMM,Modern Jazz,Europe,Electricity|Generation by technology|Coal w/ CCS,EJ/yr,0,0,0,0,0,0
GMM,Modern Jazz,India,Electricity|Generation by technology|Coal w/ CCS,EJ/yr,0,0,0,0,0,0
GMM,Modern Jazz,United States,Electricity|Generation by technology|Coal w/ CCS,EJ/yr,0,0,0,0,0,0
GMM,Modern Jazz,World,Electricity|Generation by technology|Coal w/ CCS,EJ/yr,0,0,0,0,1,2
GMM,Modern Jazz,China,Electricity|Generation by technology|Coal w/o CCS,EJ/yr,12,16,16,14,8,5
GMM,Modern Jazz,Europe,Electricity|Generation by technology|Coal w/o CCS,EJ/yr,4,3,3,2,1,0
GMM,Modern Jazz,India,Electricity|Generation by technology|Coal w/o CCS,EJ/yr,2,4,5,5,4,2
GMM,Modern Jazz,United States,Electricity|Generation by technology|Coal w/o CCS,EJ/yr,7,6,4,2,1,0
GMM,Modern Jazz,World,Electricity|Generation by technology|Coal w/o CCS,EJ/yr,31,34,32,26,15,9
GMM,Modern Jazz,China,Electricity|Generation by technology|Gas w/ CCS,EJ/yr,0,0,0,0,0,5
GMM,Modern Jazz,Europe,Electricity|Generation by technology|Gas w/ CCS,EJ/yr,0,0,0,0,0,2
GMM,Modern Jazz,India,Electricity|Generation by technology|Gas w/ CCS,EJ/yr,0,0,0,0,0,3
GMM,Modern Jazz,United States,Electricity|Generation by technology|Gas w/ CCS,EJ/yr,0,0,0,0,0,1
GMM,Modern Jazz,World,Electricity|Generation by technology|Gas w/ CCS,EJ/yr,0,0,0,0,3,17
GMM,Modern Jazz,China,Electricity|Generation by technology|Gas w/o CCS,EJ/yr,0,1,4,6,10,7
GMM,Modern Jazz,Europe,Electricity|Generation by technology|Gas w/o CCS,EJ/yr,5,6,8,8,8,6
GMM,Modern Jazz,India,Electricity|Generation by technology|Gas w/o CCS,EJ/yr,0,1,1,2,3,2
GMM,Modern Jazz,United States,Electricity|Generation by technology|Gas w/o CCS,EJ/yr,4,5,6,8,8,7
GMM,Modern Jazz,World,Electricity|Generation by technology|Gas w/o CCS,EJ/yr,17,24,33,43,51,38
GMM,Modern Jazz,China,Electricity|Generation by technology|Geothermal,EJ/yr,0,0,0,0,0,0
GMM,Modern Jazz,Europe,Electricity|Generation by technology|Geothermal,EJ/yr,0,0,0,0,0,0
GMM,Modern Jazz,India,Electricity|Generation by technology|Geothermal,EJ/yr,0,0,0,0,0,0
GMM,Modern Jazz,United States,Electricity|Generation by technology|Geothermal,EJ/yr,0,0,0,0,0,0
GMM,Modern Jazz,World,Electricity|Generation by technology|Geothermal,EJ/yr,0,0,"277,8","277,8","555,6","555,6"
GMM,Modern Jazz,China,Electricity|Generation by technology|Hydro,EJ/yr,"833,4","1111,2",1389,1389,"1666,8","1666,8"
GMM,Modern Jazz,Europe,Electricity|Generation by technology|Hydro,EJ/yr,"833,4","833,4","833,4","833,4","833,4","1111,2"
GMM,Modern Jazz,India,Electricity|Generation by technology|Hydro,EJ/yr,0,"277,8","277,8","277,8","555,6","555,6"
GMM,Modern Jazz,United States,Electricity|Generation by technology|Hydro,EJ/yr,"277,8","277,8","277,8","277,8","277,8","277,8"
GMM,Modern Jazz,World,Electricity|Generation by technology|Hydro,EJ/yr,"3333,6","4444,8","4722,6","5278,2","6111,6","6667,2"
GMM,Modern Jazz,China,Electricity|Generation by technology|Nuclear,EJ/yr,0,"277,8","555,6","833,4","1111,2","1666,8"
GMM,Modern Jazz,Europe,Electricity|Generation by technology|Nuclear,EJ/yr,"1111,2","1111,2","1111,2","1111,2","1111,2","1111,2"
GMM,Modern Jazz,India,Electricity|Generation by technology|Nuclear,EJ/yr,0,0,"277,8","277,8","277,8","555,6"
GMM,Modern Jazz,United States,Electricity|Generation by technology|Nuclear,EJ/yr,"833,4","833,4","833,4","833,4","833,4","833,4"
GMM,Modern Jazz,World,Electricity|Generation by technology|Nuclear,EJ/yr,2778,"3055,8","3333,6","3611,4",4167,"5000,4"
GMM,Modern Jazz,China,Electricity|Generation by technology|Oil w/o CCS,EJ/yr,0,0,0,0,0,0
GMM,Modern Jazz,Europe,Electricity|Generation by technology|Oil w/o CCS,EJ/yr,0,0,0,0,0,0
GMM,Modern Jazz,India,Electricity|Generation by technology|Oil w/o CCS,EJ/yr,0,0,0,0,0,0
GMM,Modern Jazz,United States,Electricity|Generation by technology|Oil w/o CCS,EJ/yr,0,0,0,0,0,0
GMM,Modern Jazz,World,Electricity|Generation by technology|Oil w/o CCS,EJ/yr,4,3,2,2,1,1
GMM,Modern Jazz,China,Electricity|Generation by technology|Other Renewables,EJ/yr,0,0,0,0,0,0
GMM,Modern Jazz,Europe,Electricity|Generation by technology|Other Renewables,EJ/yr,0,0,0,0,0,0
GMM,Modern Jazz,India,Electricity|Generation by technology|Other Renewables,EJ/yr,0,0,0,0,0,0
GMM,Modern Jazz,United States,Electricity|Generation by technology|Other Renewables,EJ/yr,0,0,0,0,0,0
GMM,Modern Jazz,World,Electricity|Generation by technology|Other Renewables,EJ/yr,0,0,0,0,0,1
GMM,Modern Jazz,China,Electricity|Generation by technology|Solar,EJ/yr,0,0,1,3,4,5
GMM,Modern Jazz,Europe,Electricity|Generation by technology|Solar,EJ/yr,0,0,1,1,1,2
GMM,Modern Jazz,India,Electricity|Generation by technology|Solar,EJ/yr,0,0,1,2,3,4
GMM,Modern Jazz,United States,Electricity|Generation by technology|Solar,EJ/yr,0,0,1,1,1,2
GMM,Modern Jazz,World,Electricity|Generation by technology|Solar,EJ/yr,0,2,5,10,15,21
GMM,Modern Jazz,China,Electricity|Generation by technology|Wind,EJ/yr,0,1,3,5,8,10
GMM,Modern Jazz,Europe,Electricity|Generation by technology|Wind,EJ/yr,1,1,2,3,5,6
GMM,Modern Jazz,India,Electricity|Generation by technology|Wind,EJ/yr,0,0,1,2,2,3
GMM,Modern Jazz,United States,Electricity|Generation by technology|Wind,EJ/yr,0,1,2,3,4,4
GMM,Modern Jazz,World,Electricity|Generation by technology|Wind,EJ/yr,1,5,9,15,23,32
GMM,Modern Jazz,China,Emissions|GHG Emissions by gas without LULUCF|CO2,Mt CO2e/yr,8,10,10,9,7,5
GMM,Modern Jazz,Europe,Emissions|GHG Emissions by gas without LULUCF|CO2,Mt CO2e/yr,6,6,5,5,4,3
GMM,Modern Jazz,India,Emissions|GHG Emissions by gas without LULUCF|CO2,Mt CO2e/yr,2,3,4,4,4,3
GMM,Modern Jazz,United States,Emissions|GHG Emissions by gas without LULUCF|CO2,Mt CO2e/yr,6,6,5,4,3,2
GMM,Modern Jazz,World,Emissions|GHG Emissions by gas without LULUCF|CO2,Mt CO2e/yr,31,34,36,34,30,23
GMM,Modern Jazz,China,Energy|Final Energy|Coal,EJ/yr,27,32,30,26,22,19
GMM,Modern Jazz,Europe,Energy|Final Energy|Coal,EJ/yr,6,5,4,3,2,2
GMM,Modern Jazz,India,Energy|Final Energy|Coal,EJ/yr,3,8,12,15,15,13
GMM,Modern Jazz,United States,Energy|Final Energy|Coal,EJ/yr,2,1,1,1,1,0
GMM,Modern Jazz,World,Energy|Final Energy|Coal,EJ/yr,48,55,54,50,45,38
GMM,Modern Jazz,China,Energy|Final Energy|Electricity,EJ/yr,13,22,26,32,36,41
GMM,Modern Jazz,Europe,Energy|Final Energy|Electricity,EJ/yr,15,17,18,19,21,23
GMM,Modern Jazz,India,Energy|Final Energy|Electricity,EJ/yr,3,5,8,11,14,17
GMM,Modern Jazz,United States,Energy|Final Energy|Electricity,EJ/yr,14,15,16,17,17,17
GMM,Modern Jazz,World,Energy|Final Energy|Electricity,EJ/yr,64,83,99,117,135,153
GMM,Modern Jazz,China,Energy|Final Energy|Gases,EJ/yr,3,6,5,8,10,8
GMM,Modern Jazz,Europe,Energy|Final Energy|Gases,EJ/yr,20,20,20,20,19,20
GMM,Modern Jazz,India,Energy|Final Energy|Gases,EJ/yr,1,2,3,4,6,7
GMM,Modern Jazz,United States,Energy|Final Energy|Gases,EJ/yr,13,14,14,12,10,8
GMM,Modern Jazz,World,Energy|Final Energy|Gases,EJ/yr,56,67,76,88,94,95
GMM,Modern Jazz,China,Energy|Final Energy|Heat,EJ/yr,3,4,6,7,6,6
GMM,Modern Jazz,Europe,Energy|Final Energy|Heat,EJ/yr,8,8,7,7,8,7
GMM,Modern Jazz,India,Energy|Final Energy|Heat,EJ/yr,0,0,0,0,0,0
GMM,Modern Jazz,United States,Energy|Final Energy|Heat,EJ/yr,0,0,0,0,0,0
GMM,Modern Jazz,World,Energy|Final Energy|Heat,EJ/yr,11,13,14,16,17,17
GMM,Modern Jazz,China,Energy|Final Energy|Solid Biomass,EJ/yr,8,7,6,5,4,6
GMM,Modern Jazz,Europe,Energy|Final Energy|Solid Biomass,EJ/yr,4,4,4,5,5,7
GMM,Modern Jazz,India,Energy|Final Energy|Solid Biomass,EJ/yr,7,6,6,7,7,7
GMM,Modern Jazz,United States,Energy|Final Energy|Solid Biomass,EJ/yr,2,3,4,4,6,8
GMM,Modern Jazz,World,Energy|Final Energy|Solid Biomass,EJ/yr,44,49,49,51,55,63
GMM,Modern Jazz,China,Energy|Final Energy|Total,EJ/yr,71,102,116,116,113,109
GMM,Modern Jazz,Europe,Energy|Final Energy|Total,EJ/yr,86,85,85,86,85,82
GMM,Modern Jazz,India,Energy|Final Energy|Total,EJ/yr,20,31,44,54,63,66
GMM,Modern Jazz,United States,Energy|Final Energy|Total,EJ/yr,65,66,64,58,53,50
GMM,Modern Jazz,World,Energy|Final Energy|Total,EJ/yr,375,443,492,519,535,544
GMM,Modern Jazz,China,Energy|Final Energy Use by Sector|Buildings,EJ/yr,21,25,27,28,28,27
GMM,Modern Jazz,Europe,Energy|Final Energy Use by Sector|Buildings,EJ/yr,32,30,30,30,30,30
GMM,Modern Jazz,India,Energy|Final Energy Use by Sector|Buildings,EJ/yr,9,10,12,13,14,15
GMM,Modern Jazz,United States,Energy|Final Energy Use by Sector|Buildings,EJ/yr,21,21,21,21,20,19
GMM,Modern Jazz,World,Energy|Final Energy Use by Sector|Buildings,EJ/yr,129,142,153,160,165,167
GMM,Modern Jazz,China,Energy|Final Energy Use by Sector|Industry,EJ/yr,36,52,55,51,47,43
GMM,Modern Jazz,Europe,Energy|Final Energy Use by Sector|Industry,EJ/yr,23,23,22,22,22,22
GMM,Modern Jazz,India,Energy|Final Energy Use by Sector|Industry,EJ/yr,7,13,20,25,30,29
GMM,Modern Jazz,United States,Energy|Final Energy Use by Sector|Industry,EJ/yr,12,13,13,12,11,10
GMM,Modern Jazz,World,Energy|Final Energy Use by Sector|Industry,EJ/yr,114,143,159,167,172,172
GMM,Modern Jazz,China,Energy|Final Energy Use by Sector|Other,EJ/yr,6,9,12,13,14,15
GMM,Modern Jazz,Europe,Energy|Final Energy Use by Sector|Other,EJ/yr,8,8,8,9,9,9
GMM,Modern Jazz,India,Energy|Final Energy Use by Sector|Other,EJ/yr,2,3,4,5,6,7
GMM,Modern Jazz,United States,Energy|Final Energy Use by Sector|Other,EJ/yr,6,5,5,5,5,4
GMM,Modern Jazz,World,Energy|Final Energy Use by Sector|Other,EJ/yr,34,41,47,53,57,61
GMM,Modern Jazz,China,Energy|Final Energy Use by Sector|Transportation,EJ/yr,9,16,22,24,24,23
GMM,Modern Jazz,Europe,Energy|Final Energy Use by Sector|Transportation,EJ/yr,24,24,25,25,23,21
GMM,Modern Jazz,India,Energy|Final Energy Use by Sector|Transportation,EJ/yr,3,6,9,11,13,15
GMM,Modern Jazz,United States,Energy|Final Energy Use by Sector|Transportation,EJ/yr,26,27,25,20,18,16
GMM,Modern Jazz,World,Energy|Final Energy Use by Sector|Transportation,EJ/yr,99,118,134,139,141,144
GMM,Modern Jazz,China,Energy|Primary Energy Use|Biomass,EJ/yr,9,9,10,9,11,15
GMM,Modern Jazz,Europe,Energy|Primary Energy Use|Biomass,EJ/yr,6,8,9,12,14,16
GMM,Modern Jazz,India,Energy|Primary Energy Use|Biomass,EJ/yr,7,7,8,8,10,12
GMM,Modern Jazz,United States,Energy|Primary Energy Use|Biomass,EJ/yr,3,4,5,5,8,11
GMM,Modern Jazz,World,Energy|Primary Energy Use|Biomass,EJ/yr,50,59,66,74,88,112
GMM,Modern Jazz,China,Energy|Primary Energy Use|Coal,EJ/yr,70,87,81,71,52,39
GMM,Modern Jazz,Europe,Energy|Primary Energy Use|Coal,EJ/yr,20,15,12,9,6,6
GMM,Modern Jazz,India,Energy|Primary Energy Use|Coal,EJ/yr,12,21,28,29,25,19
GMM,Modern Jazz,United States,Energy|Primary Energy Use|Coal,EJ/yr,21,16,11,7,3,2
GMM,Modern Jazz,World,Energy|Primary Energy Use|Coal,EJ/yr,149,161,153,130,97,77
GMM,Modern Jazz,China,Energy|Primary Energy Use|Gas,EJ/yr,4,10,14,20,29,30
GMM,Modern Jazz,Europe,Energy|Primary Energy Use|Gas,EJ/yr,39,40,39,38,38,37
GMM,Modern Jazz,India,Energy|Primary Energy Use|Gas,EJ/yr,2,3,5,8,13,17
GMM,Modern Jazz,United States,Energy|Primary Energy Use|Gas,EJ/yr,23,31,34,30,26,23
GMM,Modern Jazz,World,Energy|Primary Energy Use|Gas,EJ/yr,115,143,165,190,209,209
GMM,Modern Jazz,China,Energy|Primary Energy Use|Hydro,EJ/yr,3,4,5,5,6,6
GMM,Modern Jazz,Europe,Energy|Primary Energy Use|Hydro,EJ/yr,3,3,3,3,3,4
GMM,Modern Jazz,India,Energy|Primary Energy Use|Hydro,EJ/yr,0,1,1,1,2,2
GMM,Modern Jazz,United States,Energy|Primary Energy Use|Hydro,EJ/yr,1,1,1,1,1,1
GMM,Modern Jazz,World,Energy|Primary Energy Use|Hydro,EJ/yr,12,16,17,19,22,24
GMM,Modern Jazz,China,Energy|Primary Energy Use|Nuclear,EJ/yr,1,3,5,8,11,17
GMM,Modern Jazz,Europe,Energy|Primary Energy Use|Nuclear,EJ/yr,13,13,12,11,11,11
GMM,Modern Jazz,India,Energy|Primary Energy Use|Nuclear,EJ/yr,0,1,2,3,4,5
GMM,Modern Jazz,United States,Energy|Primary Energy Use|Nuclear,EJ/yr,9,9,8,8,9,9
GMM,Modern Jazz,World,Energy|Primary Energy Use|Nuclear,EJ/yr,30,34,36,40,46,53
GMM,Modern Jazz,China,Energy|Primary Energy Use|Oil,EJ/yr,20,29,40,35,30,24
GMM,Modern Jazz,Europe,Energy|Primary Energy Use|Oil,EJ/yr,38,35,34,32,26,20
GMM,Modern Jazz,India,Energy|Primary Energy Use|Oil,EJ/yr,7,11,16,17,20,19
GMM,Modern Jazz,United States,Energy|Primary Energy Use|Oil,EJ/yr,37,38,35,28,22,15
GMM,Modern Jazz,World,Energy|Primary Energy Use|Oil,EJ/yr,174,197,215,208,191,166
GMM,Modern Jazz,China,Energy|Primary Energy Use|Other Renewables,EJ/yr,1,4,8,13,16,20
GMM,Modern Jazz,Europe,Energy|Primary Energy Use|Other Renewables,EJ/yr,1,2,4,7,10,12
GMM,Modern Jazz,India,Energy|Primary Energy Use|Other Renewables,EJ/yr,0,1,2,4,7,9
GMM,Modern Jazz,United States,Energy|Primary Energy Use|Other Renewables,EJ/yr,0,2,4,5,7,9
GMM,Modern Jazz,World,Energy|Primary Energy Use|Other Renewables,EJ/yr,2,11,23,38,55,74
GMM,Modern Jazz,China,Energy|Primary Energy Use|Total,EJ/yr,106,147,161,160,155,151
GMM,Modern Jazz,Europe,Energy|Primary Energy Use|Total,EJ/yr,120,116,114,112,109,106
GMM,Modern Jazz,India,Energy|Primary Energy Use|Total,EJ/yr,30,44,61,71,80,84
GMM,Modern Jazz,United States,Energy|Primary Energy Use|Total,EJ/yr,94,101,98,85,76,70
GMM,Modern Jazz,World,Energy|Primary Energy Use|Total,EJ/yr,532,621,676,699,708,715
GMM,Modern Jazz,China,Energy|Secondary Energy|Electricity,EJ/yr,15,25,30,37,41,46
GMM,Modern Jazz,Europe,Energy|Secondary Energy|Electricity,EJ/yr,18,20,21,22,24,26
GMM,Modern Jazz,India,Energy|Secondary Energy|Electricity,EJ/yr,4,6,10,13,17,20
GMM,Modern Jazz,United States,Energy|Secondary Energy|Electricity,EJ/yr,16,16,17,19,19,19
GMM,Modern Jazz,World,Energy|Secondary Energy|Electricity,EJ/yr,77,98,116,136,155,175
GMM,Modern Jazz,China,Energy|Secondary Energy|Liquid Derivative of Crude Oil w/o CCS,EJ/yr,17,28,38,34,29,24
GMM,Modern Jazz,Europe,Energy|Secondary Energy|Liquid Derivative of Crude Oil w/o CCS,EJ/yr,33,31,31,30,25,19
GMM,Modern Jazz,India,Energy|Secondary Energy|Liquid Derivative of Crude Oil w/o CCS,EJ/yr,6,11,15,17,19,19
GMM,Modern Jazz,United States,Energy|Secondary Energy|Liquid Derivative of Crude Oil w/o CCS,EJ/yr,34,33,29,22,18,13
GMM,Modern Jazz,World,Energy|Secondary Energy|Liquid Derivative of Crude Oil w/o CCS,EJ/yr,151,173,190,184,172,153
GMM,Modern Jazz,China,Population and Economy|Economy|GDP MER,billion US$2016/yr,6777,12721,21730,33424,47605,63359
GMM,Modern Jazz,Europe,Population and Economy|Economy|GDP MER,billion US$2016/yr,21850,26992,33125,40089,47812,55857
GMM,Modern Jazz,India,Population and Economy|Economy|GDP MER,billion US$2016/yr,1794,3696,7272,13396,22882,36048
GMM,Modern Jazz,United States,Population and Economy|Economy|GDP MER,billion US$2016/yr,15949,19633,24168,29606,36089,43563
GMM,Modern Jazz,World,Population and Economy|Economy|GDP MER,billion US$2016/yr,69498,95394,133923,186746,256381,343106
GMM,Modern Jazz,China,Population and Economy|Population|Total,Millions,1351,1414,1428,1407,1361,1290
GMM,Modern Jazz,Europe,Population and Economy|Population|Total,Millions,816,830,830,822,810,793
GMM,Modern Jazz,India,Population and Economy|Population|Total,Millions,1231,1389,1528,1634,1705,1745
GMM,Modern Jazz,United States,Population and Economy|Population|Total,Millions,310,334,356,374,389,404
GMM,Modern Jazz,World,Population and Economy|Population|Total,Millions,6930,7758,8501,9157,9725,10184