"Data last updated by May 22, 2025",,,,,,,,,,,,,,,,,,,,,,,,,,
,,,,,,,,,,,,,Eligible Activities,,,,,,,,,,,,,
Mechanism,Administration,Status,Year of Implementation,Scope,Administering Jurisdiction or organisation ,Description of the mechanism,Recent developments,Region,Income Group of Administering Country,Credit name,Price (Range),Countries with project (ISO3 codes),Agriculture,CCS / CCU,Energy Efficiency / Fuel Switching,Forestry / Land Use,Fugitive Emissions,Industrial Gases/Manufacturing,Renewable Energy ,Transport,Waste,Compliance CPIs accepting credits generated through mechanism,Cumulative credits issued (in kt) until 31.12.2024,Cumulative credits retired (in kt) until 31.12.2024,Cumulative credits cancelled for administrative purposes (in kt) until 31.12.2024,Cumulative Projects Registered until 31.12.2024
Alberta Emission Offset System,Governmental,Implemented,2007,Subnational,Alberta,"Alberta’s greenhouse gas reduction framework including the implementation of its carbon offset crediting system was established in 2007. To be eligible for crediting, all activities must take place within the province of Alberta and meet a number of other system requirements including having a government-approved quantification protocol for the emission reduction activity. 

The Canadian federal government recognizes the Alberta Emission Offset System under a number of approved protocols to supply a source of credits (called Recognized Units) to the federal-regulated facilities under the federal output-based pricing system program since August 2020. The federal output-based pricing system does not apply in Alberta. 

Other credit types include:
• Emission performance credits, created by regulated facilities whose emissions are less than their allocations; 
• Associated Emission Offset: Sequestration credits, which occur from converting emission offsets from deep saline aquifer sequestration or enhanced oil recovery and enable the underlying activity to also participate in generating credits under Canada’s Clean Fuel Regulations; and
• Capture recognition tonnes, which are converted sequestration credits and can be applied at a regulated facility that captured the carbon dioxide as if it was an on-site reduction.
","The TIER Regulation was amended effective January 1, 2023, and updated a number of requirements for regulated facilities and Alberta emission offset projects. Related to credits, amendments include a phased-in increase in credit use limit (rising from 60% maximum in 2023 by 10% per year until it reaches 90% in 2026), reducing the credit expiry period to 5 years, additional reviews for project credit extensions, and the establishment of two new credit types – sequestration credits and capture recognition tonnes – to support carbon capture and storage business models. The guidance and requirements of the offset system are also updated including the Standard for Greenhouse Gas Emission Offset Project Developers (version 3.2, released April 28, 2023) and the Carbon Offset Emission Factor Handbook.  ",North America,High income,"Emission offsets, 
Emission performance credits,
An Emission offset can convert to a Sequestration credit, and a Sequestration credit can convert to a Capture recognition tonne.
",The TIER fund price is set at $80 per tonne of CO2e. Credits/offsets typically trade at an unknown discount to that number. ,,Yes,Yes,Yes,Yes,Yes,Yes,Yes,No,Yes,Alberta TIER Regulation and Canada’s Output-based Pricing System.,  94.055 ,  62.869 ,  -   ,  460 
American Carbon Registry,Independent,Implemented,1996,Global,,"The American Carbon Registry (ACR), originally the GHG Registry, was founded in 1996 by Environmental Defense Fund as the first independent voluntary offset program in the world. The GHG Registry offered corporate GHG inventory service, VER project registration and a RECs registry, before issuing its first project-based credits in 2002. The GHG Registry rebranded as ACR upon joining Winrock in 2008. ACR issues project-based VERs for projects based in the US. Since its inception, the ACR has branched out to credit emission reductions and removals credits for voluntary and compliance markets, and projects outside the US. The ACR also issues ROCs under the California Compliance Program, which can then be transitioned into ARB Offset Credits under that program.",,,,Verified Emission Reductions (VERs),US$5.38/tCO2e (unweighted average) (2020),,Yes,Yes,Yes,Yes,No,Yes,Yes,Yes,Yes,"CORSIA, Washington State CAR",  312.517 ,  207.815 ,  12.696 ,  354 
Australian Carbon Credit Unit Scheme (ACCU),Governmental,Implemented,2012,National,Australia,"Australia’s carbon crediting mechanism started registering projects in 2012 following the passing of the Carbon Credits (Carbon Farming Initiative) Act 2011. The Carbon Farming Initiative (CFI) was used to supply offsets to Australia’s Carbon Pricing Mechanism – a national ETS. When the ETS was repealed in 2014, Australia’s carbon crediting policy transitioned to a voluntary scheme, previously known as the Emissions Reduction Fund (ERF). ACCUs issued under the scheme can be used for compliance purposes by entities covered under the Safeguard Mechanism, sold to the Government, or sold on the voluntary market.","The Australian Government responded to Climate Change Authority’s 2020 and 2023 reviews in August 2024. 
-	The 2023 review made 15 recommendations; the government agreed to implement 3 in full and agreed in principle to the remaining 12 recommendations.
-	The 2020 review made 23 recommendations; the government agreed in principle to 7. Of the remaining recommendations the government noted 15 and did not agree to 1, with many of these recommendations superseded by later reviews such as the Independent Review of ACCUs in 2022, and reforms to the Safeguard Mechanism in 2022-23.
",East Asia & Pacific,High income,Australia Carbon Credit Unit (ACCU),A$31.96-41.73/tCO2e (US$19.82-25.87/tCO2e ),,Yes,No,Yes,Yes,Yes,No,No,Yes,Yes,The Australian Safeguard Mechanism accepts credits for compliance but is not a direct carbon pricing instrument,  177.870 ,  104.200 ,  200 ,  2.832 
Beijing Certified Emission Reduction Mechanism,Governmental,Implemented,2014,Subnational,Beijing,"Beijing Certified Emission Reduction Mechanism 

was launched in September 2014 after the authority issued Administrative Measures for Carbon Emissions Offsetting in Beijing (Trial). 

Eligible projects include green architecture, Low-carbon transportation, landscaping, renewable energy and energy saving.  ",Beijing Municipal Ecology and Environment Bureau revised and issued the Administrative Measures for Carbon Emissions Offsetting in Beijing Carbon Market in September 2024. ,East Asia & Pacific,Upper middle income,Beijing Certified Emission Reductions (BCERs),CNY83-110/tCO2-e (US$11.8–15.5/tCO2-e) (2024) ,,,,,,,,,,,Beijing pilot ETS ,  150 ,  -   ,  -   ,  1 
Beijing Forestry Offset Mechanism,Governmental,Abolished,2014,Subnational,Beijing,The Beijing Forestry Offset Mechanism is a subnational crediting mechanism running in parallel with the China GHG Voluntary Emission Reduction Program (the national crediting mechanism). BFCERs are only eligible for compliance use under the Beijing pilot ETS. The Beijing Forestry Offset Mechanism was established in the same year as China’s national crediting mechanism and focuses on crediting forestry carbon sequestration activities within the Beijing municipality.,"The ""Urban green space Carbon sink function Accounting Project based on remote sensing and carbon flux Monitoring"" of Beijing Landscape Planning and Resources Monitoring Center has made new progress. Beijing Tongzhou District Landscaping Bureau actively promote forestry carbon sink pilot construction.",East Asia & Pacific,Upper middle income,Beijing Forestry Certified Emission Reductions (BFCERs),CNY13.8-61/tCO2e (US$2.1-9.28/tCO2e) (2020),,No,No,No,Yes,No,No,No,No,No,Beijing pilot ETS,  -   ,  -   ,  -   , Not available
Beijing Parking Offset Crediting Mechanism,Governmental,Abolished,2017,Subnational,Beijing,"Similar to the Beijing Forestry Offset Mechanism, the Beijing Parking Offset Mechanism is a subnational crediting mechanism running in parallel with the China GHG Voluntary Emission Reduction Program. The Mechanism was established in 2017. It is mainly an incentive program to encourage citizens to stop using fossil fuel vehicle by providing 0.5 Yuan/day. In April 2020, Beijing Environment and Ecology Bureau extend the scope of application to various low-carbon travel modes such as public transportation, rail, walking, bicycle, and ridesharing. In September 2020, the Beijing Municipal Commission of Transport and the Beijing Municipal Bureau of Ecological Environment launched a carbon inclusive incentive measure for green travel based on the Beijing MaaS platform. In addition, PCERs were made eligible for compliance to use under the Beijing pilot ETS.","Relying on the pilot carbon market in Beijing, we have innovatively opened up carbon inclusion and carbon trading. The public low-carbon travel carbon reduction collected by the carbon inclusive platform, after verification, can be traded in the pilot carbon market in Beijing, and used to settle the quota of key carbon emission units or take the initiative to fulfill the social responsibility of carbon reduction.",East Asia & Pacific,Upper middle income,Parking Certified Emission Reductions (PCERs),CNY56-130/tCO2e (US$7-19/tCO2e) (2023),,No,No,Yes,No,No,No,No,Yes,No,Beijing pilot ETS,  -   ,  -   , Not available, Not available
British Columbia Offset Program,Governmental,Implemented,2016,Subnational,British Columbia,"British Columbia’s crediting mechanism was legislated through the GHG Emission Control Regulation under the Greenhouse Gas Industrial Reporting and Control Act (GGIRCA) in 2014. Emissions reductions from projects within British Columbia can earn British Columbia Offset Units, which can then be sold to facilities covered under the GGIRCA—a baseline and-credit ETS, such as pulp and paper operators, to satisfy their legislative requirements. The Canadian Federal Government recognized British Columbia's offset programs as source of credits for the federal OBPS program in August 2020. Regulated operations with emissions reductions less than the emissions limit applicable can hold Earned Credits, which can then be sold to facilities to satisfy their compliance obligation.",The and Forest Carbon Offset Protocol was approved in April 2024.  A Carbon Capture and Sequestration Protocol is in development and targeted for publication in 2025.,North America,High income,British Columbia Offset Units (BCOs) and British Columbia Earned Credits (BCEs),"CAN$8-15/tCO2e (US$6-12/tCO2e) (2020)
BC does not have regulations requiring the disclosure of price transparency. However, the BC Carbon Neutral Government Program, as purchaser, does publish its offset purchase prices annually: PSO CCARs and annual summary reports - Province of British Columbia The latest is from 2022.",,No,No,Yes,Yes,No,No,No,No,Yes,Greenhouse Gas Industrial Reporting and Control Act (GGIRCA),  17.739 ,  6.336 ,  -   ,  92 
California Compliance Offset Program,Governmental,Implemented,2013,Subnational,California,"The California Compliance Offset Program is the mechanism that supplies compliance offset credits for use in California’s Cap-and-Trade Program. The Compliance Offset Program is implemented and overseen by the California Air Resources Board (CARB) and leverages approved Offset Project Registries to assist in administering the offset project registration and credit issuance application processes. The amount of offset credits compliance entities can use to meet their obligations under California’s Cap-and-Trade Program (also called the quantitative usage limit) was reduced from 8% (for 2013-2020 GHG emissions) to 4% for emissions during 2021-2025, and then will be 6% for emissions in 2026 and beyond. In addition, no more than one half of the quantitative offset usage limit can be met from offset credits that do not provide direct environmental benefits within the state of California. A Compliance Offsets Protocol Task Force provides guidance to CARB in approving new and revising current offset protocols. The design of the Compliance Offset Program has been successfully litigated.","In 2024, CARB held three public workshops to discuss concepts related to potential updates to the Cap-and-Trade Program, including potential adjustments to allowance budgets. CARB anticipates initiating a formal rulemaking process during 2025.",North America,High income,Air Resources Board Offset Credits (ARBOCs) is the regulatory name; many market participants also use the term California Carbon Offsets (CCOs),US$20.88/tCO2e (weighted average price for 2023),,Yes,No,No,Yes,Yes,Yes,No,No,No,California Cap-and-Trade Program and Québec Cap-and-Trade System,  278.536 ,  164.614 ,  6.451 ,  569 
Canada Federal GHG Offset System,Governmental,Implemented,2022,National,Canada,"Canada’s GHG Offset Credit System was launched in June 2022, building on the Pan-Canadian Greenhouse Gas Offsets Framework (Offsets Framework) agreed upon by the Canadian Council of Ministers of the Environment (CCME) in 2018. The main purpose of the system is to generate offset credits for use in the federal Output Based Pricing System (OBPS), thereby increasing the supply of compliance units for the system and reducing compliance cost while creating incentives for voluntary GHG mitigation projects. Federal offset credits can be used for compliance in the Clean Electricity Regulations and are also being proposed for compliance use in the proposed Oil and Gas Greenhouse Gas Emissions Cap Regulations. Federal offset credits can also be used voluntarily for other purposes such as Canada’s Net Zero Challenge. ","Environment and Climate Change Canada (ECCC) published an offset protocol for Improved Forest Management on Private Land on May 6th, 2024 and an updated version (1.1) was released on October 15 2024.

ECCC published a discussion paper entitled Facilitating Projects on Crown and Public Land in Canada’s Greenhouse Gas Offset Credit System. Feedback on this paper will help to inform how offset projects can be developed on provincial Crown land or public land administered by territorial governments.  ",North America,High income,Federal Offset Credit ,n/a,,,,,,,,,,,"Canada’s federal Output-Based Pricing System
Clean Electricity Regulations",  -   ,  -   ,  -   ,  59 
Chile Green Tax Emissions Offsetting Scheme,Governmental,Implemented,2024,National,Chile,"In September 2023, the Ministry of Environment approved Regulation No° 43.664, establishing the obligations and procedures for evaluating, verifying, and certifying emission reduction projects to offset the carbon tax in the country. Some of the key points include: 
-	Regulated entities can offset all or a portion of their carbon tax-covered emissions.
-	For offsetting, there may be a maximum of three years between the year of reduction of the emissions used to compensate and the year in which the taxed emissions are generated.
-	The mitigation initiatives generating eligible carbon credits shall be aligned with the country’s NDC.
-	Emissions may only be offset by implementing projects to reduce emissions of the same pollutant. 
-	Offset projects must be located within Chile. Entities seeking to compensate for their particulate matter emissions must invest in projects located in the same area as the emitting installation.
The compensation scheme recognizes VCS, CDM, Gold Standard, Cercarbono and Biocarbon Standard as external certification programs or standards, so credits under these standards can then be used to offset emissions under the carbon tax..","During 2024, 258,547 tCO2eq credits from Verra, CDM and Gold Standard were homologated and cancelled for Chilean Carbon Tax.",Latin America & Caribbean,High income,Certificado de Reducción de Emisiones (CRE),USD 0.5 - USD 5,,,,,,,,,,,Chile's carbon tax,  517 ,  -   ,  -   ,  16 
China GHG Voluntary Emission Reduction Program,Governmental,Implemented,2012,National,China,"National Voluntary Greenhouse Gas Emission Reduction Trading Market was established by the Ministry of Ecology and Environment (MEE) in conjunction with the State Administration for Market Regulation in 2023, and launched in 2024. Its predecessor was the China GHG Voluntary Emission Reduction Program established by the National Development and Reform Commission (NDRC) in 2012. The Market is an offset crediting mechanism to support greater control and management of domestic GHG emissions and the promotion of the domestic carbon market. The registration of projects started in 2015 but the registration of new projects was suspended in 2017 while regulations were reviewed. In 2018, because of restructuring, the competent authority of National Voluntary Greenhouse Gas Emission Reduction Trading Market has transferred to  the Ministry of Ecology and Environment (MEE). In 2023, the MEE and the State Administration for Market Regulation jointly released the Measures for the Administration of Voluntary Greenhouse Gas Emission Reduction Trading (Trial). CCERs can be used by the compliance entities to offset up to 5% under the national ETS to help meet emission obligations.","On January 22, 2024, National Voluntary Greenhouse Gas Emission Reduction Trading Market relaunched.
On August 23, 2024, the Registry, National Center for Climate Change Strategy and International Cooperation (NCSC), released announcement that NCSC officially started to accept applications for voluntary emission reduction projects and emission reduction.
Until December 31, 2024, 63 projects were publicly listed for open comment, which were expected to generate 14.67 million tonnes of CO2 emission reduction per year. 

",East Asia & Pacific,Upper middle income,Chinese Certified Emission Reductions (CCERs),CNY2.84-176/ tCO2-e(US$0.40-24.68/ tCO2-e,,No,No,Yes,Yes,No,No,Yes,No,Yes,"China National ETS, Beijing pilot ETS, Chongqing pilot ETS, CORSIA, Fujian pilot ETS, Guangdong pilot ETS, Hubei pilot ETS, Shanghai pilot ETS, Shenzhen pilot ETS, Tianjin pilot ETS",  77.000 ,  69.000 ,  8.000 ,  1.049 
Chongqing carbon offset mechanism,Governmental,Implemented,2021,Subnational,Chongqing,"The Chongqing carbon offset mechanism was launched in September 2021. Eligible projects include afforestation, landfill methane, green architecture, Low-carbon transportation and (non-hydro) renewable energy. Chongqing Certified Emission Reduction (CQCERs) can either be used for compliance purposes under the Chongqing ETS or for voluntary purposes, such as by individuals and corporations looking to meet carbon neutral goals. The mechanism recognizes emissions reductions generated after September 14 of 2021 and projects must be located within Chongqing and must have commenced after June 19, 2014

The mechanism recognizes emissions reductions generated after January 1 of 2016 and projects must be located within Chongqing and must have commenced after June 19, 2014.","The Chongqing carbon credit mechanism was modified in September 2024. The mechanism reduces the number of project categories, recognizes emissions reductions generated after September 14 of 2021, and optimizes the registration process.",East Asia & Pacific,Upper middle income,Chongqing Certified Emission Reduction (CQCER),CNY19-45/ tCO2-e(US$2.68–6.34/tCO2-e),,No,No,No,Yes,No,No,Yes,No,Yes,Chongqing pilot ETS,  1.915 ,  -   ,  -   ,  1 
Clean Development Mechanism,International,Implemented,2006,Global,UNFCCC,The Clean Development Mechanism (CDM) was established under the Kyoto Protocol to credit emission reductions from projects in developing countries. ,At COP27 further guidance was agreed on concerning the rules and processes for transitioning eligible CDM projects to the Article 6.4 Mechanism under the Paris Agreement.,,,"Certified Emission Reduction (CER), temporary Certified Emission Reduction (tCER), long-term Certified Emission Reduction (lCER)",,,,,,,,,,,,"South Africa Carbon Tax, CORSIA",  2.450.027 ,  179.950 ,  1.035 ,  8.535 
Climate Action Reserve,Independent,Implemented,2001,Global,,"The Climate Action Reserve originally began as the California Climate Action Registry and was created by the State of California in 2001 to promote and protect local businesses as they took actions to manage and reduce their GHG emissions. CRTs are mainly used for voluntary offsetting purposes and most (around 97%) are from activities that reduce emissions from landfills, reduce ozonedepleting substances, and forestry.",,,,Climate Reserve Tonnes (CRTs),US$2.34/tCO2e (unweighted average) (2020),,Yes,No,No,Yes,No,Yes,No,No,Yes,"CORSIA, Washington State CAR",  222.322 ,  184.301 ,  1.468 ,  733 
Climate Credit System,Governmental,Under development,,Subnational,Catalonia,"The Catalonian government approved a new carbon credit system in 2023. Initial credits under the scheme will be forestry based, with new methodologies potentially covering soil carbon projects. ",,Europe & Central Asia,High income,,,,,,,,,,,,,,  -   ,  -   ,  -   ,  -   
Colombia Crediting Mechanism,Governmental,Implemented,2017,National,Colombia,"The law that established Colombia’s carbon tax (Law 1819 from 2016, modified by Law 2277 from 2022) also established a Carbon Tax Exemption Mechanism (Mecanismo de No Causación) for those who offset emissions. Taxpayers can request an exemption by offsetting up to 50% of the GHG emissions that would result in the tax. The offsetting must comply with the necessary characteristics and in the amount corresponding to the projected GHG emissions and the eligibility criteria for the carbon credits to be accepted. In 2022, an amendment (Law 2277 from 2022 - paragraph 1, article 47), established that the carbon tax exemption may not exceed 50% of the GHG emissions that would incur the tax. This is intended to strengthen the price signal for behavioral change in fossil fuel consumption. With the inability to fully offset emissions, taxpayers will need to focus on improving efficiencies or innovating in their processes to reduce emissions.

Projects eligible for the exemption mechanism must ensure transparency in their implementation, compliance with the national MRV system, demonstrate a reliable methodological development, publicly register their mitigation results as well as the ownership of the GHG emission reductions or removals achieved, and their results must be verified by an accredited third party (Validation and Verification Bodies - VVBs).","During 2024, the Ministry of Finance has been working to strengthen the carbon tax control system (including its exemption mechanism), as well as the criteria for exemption-eligible carbon credits, with the aim of improving the transparency and consistency of the mechanism. 

In 2024, the framework of the modification in carbon tax provided by Law 2277 from 2022, motivated the modification in Decree 926 from 2017, to improve the measures about the exemption mechanism, currently the modification in on discussion with the Ministry of finance and Ministry of environment supported by the National Customs and Taxes Direction.",Latin America & Caribbean,Upper middle income,"CERs: Certificate of Emission Reductions under the CDM mechanism (only from Colombian projects)
VERs: Certified GHG emission reductions or removals under voluntary standards (other than CDM).","Variable.
Its tariff is currently set at COP25.799,56 for 2024. This maximum price is implicit because those who opt for the exemption will choose credits that are below the current carbon tax rate, in order to save money.
According to GoldStandard's Dashboard for the Pacific Alliance, however, prices offered (regardless of the purpose of sale) range from USD 2.75 to USD 29.28.",,Yes,Yes,Yes,Yes,Yes,Yes,Yes,Yes,Yes,Colombia's carbon tax,  135.926 ,  98.098 ,  -   ,  383 
Ecuador Crediting Mechanism,Governmental,Under development,,National,Ecuador,"The Ecuador Crediting Mechanism is promoted by the Minstry of the Environment, Water and Ecological Transition and seeks to contribute to the decarbonization of the country's economy. This mechanism aims to reward mtigiation activities for project activities generated in Ecuador from a variety of sectors.",,Latin America & Caribbean,Upper middle income,,,,,,,,,,,,,,  -   ,  -   ,  -   ,  -   
Egypt Crediting Mechanism,Governmental,Under development,,National,"Egypt, Arab Rep.","Egypt's voluntary offsets market was announced at COP27 in 2022, and activity to establish the new scheme has increased in 2024, with Egypt's Financial Regulatory Authority approving three verification and certification bodies, and the government establishing the legal status of voluntary carbon credits to be traded under the new mechanism.",,Middle East & North Africa,Lower middle income,,,,,,,,,,,,,,  -   ,  -   ,  -   ,  -   
EU Carbon Removal Certification Framework,Governmental,Under development,,Regional,EU,The EU is developing a EU carbon removal certification framework to establish a voluntary framework for the certification of high-quality carbon removals. This framework is supposed to boost carbon removal technologies that remove carbon from the atmosphere (sequestration projects) as well as carbon farming.,"On 20 February 2024, the European Parliament and the Council of the EU reached a provisional agreement on the Carbon removals and carbon farming (CRCF) Regulation, establishing the first EU-wide voluntary framework for certifying carbon removals, carbon farming and carbon storage in products generated in Europe. The regulation establishes EU quality criteria and outlines monitoring and reporting processes in order to facilitate investment in innovative carbon removal technologies, as well as sustainable carbon farming solutions, while addressing greenwashing.

The European Parliament and Council now need to formally approve the agreement. Once this process is completed, the new legislation will enter into force.",Europe & Central Asia,High income,,,,,,,,,,,,,,  -   ,  -   ,  -   ,  -   
Fujian Forestry Offset Crediting Mechanism,Governmental,Implemented,2016,Subnational,Fujian,"The Fujian Forestry Offset Crediting Mechanism was launched as a subnational crediting mechanism to credit emission reductions from forestry sequestration activities within the province of Fujian. According to the Measures for the Administration of Fujian Carbon Emission Rights Offset (Trial), forestry carbon sequestration projects are developed in accordance with the methodology of forestry carbon sequestration projects published by Fujian Development and Reform Commission. The carbon sequestration (emission reduction) should be registered in Fujian Voluntary Emission Reduction Trading Registry by Fujian Provincial Department of Ecology and Environment, and then traded on Fujian Carbon Emission Trading Platform (Haixia Equity Exchange).",None,East Asia & Pacific,Upper middle income,Fujian Forestry Certified Emission Reduction (FFCERs),CNY16.5–42.83/tCO2-e (US$2.30–5.96/tCO2-e) ,,No,No,Yes,Yes,No,No,No,No,No,Fujian pilot ETS,  2.900 ,  -   , Not available,  20 
Gold Standard,Independent,Implemented,2003,Global,,"The Gold Standard was established in 2003 by international NGOs including the World Wildlife Fund as a crediting mechanism for additional certification on the social and environmental impacts of Certified Emission Reductions and later as an issuer of its own credits. It has requirements that projects must generate sustainable development benefits, such as gender equality and health improvements for local communities, alongside emission reductions. There are also strict safeguards against negative project impacts, based on best-practice international standards such as from the IFC.","Notable developments in 2022 included the introduction of mandatory use of a sustainable development goal (SDG) tool to support standardized reporting of SDG impacts, introduction of new registry functionality and requirements to support use of Article 6, and the launch of working groups and consultations on digitization of the carbon market, including digital monitoring, reporting, and verification (MRV) and digital infrastructure and tokenization. In addition, Gold Standard introduced multiple new methodologies to enable crediting activities, including for electric two- and three-wheeled transportation, carbon sequestration through concrete aggregate, the paper and pulp sector, and its first clean cooking methodology integrating digital MRV to enable real-time measurement of energy use.",,,Verified Emission Reductions (VERs),US$5.27/tCO2e (unweighted average) (2020),,Yes,No,Yes,Yes,Yes,No,Yes,No,Yes,"Colombia carbon tax, CORSIA, South Africa carbon tax",  311.261 ,  192.722 ,  -   ,  1.653 
Greenhouse Gas Crediting and Offsetting Mechanism (GCOM),Governmental,Implemented,2024,National,Saudi Arabia,"The Greenhouse Gas Crediting and Offsetting Mechanism (GCOM) aims to achieve specific national emission reduction and/or removal levels, across all sectors. The proceeds from credit sales are supposed to fund nature conservation activities.",,Middle East & North Africa,High income,,,,,,,,,,,,,,  -   ,  -   ,  -   ,  -   
Guangdong Pu Hui Offset Crediting Mechanism,Governmental,Implemented,2017,Subnational,Guangdong (except Shenzhen),"The Pu Hui Offset Crediting Mechanism is a subnational mechanism that credits emission reduction activities within the province of Guangdong. PHCERs are primarily intended to be used by compliance entities under the Guangdong pilot ETS. Similar to other Chinese subnational mechanisms, projects applying for PHCERs are not eligible to apply for CCERs and vice versa.",None,East Asia & Pacific,Upper middle income,Pu Hui Certified Emissions Reductions (PHCERs),CNY35.28-69.3/tCO2e (US$4.95-9.63/tCO2e),,No,No,No,Yes,No,No,Yes,No,No,Guangdong pilot ETS,  3.222 ,  -   , Not available,  546 
India Crediting Mechanism,Governmental,Under development,2026,National,India,"Under the Carbon Credit Trading Scheme (CCTS), the Government of India is envisaging two mechanism:
1. Compliance Mechanism (see ""India ETS"")– an emission intensity based (target and credit) mechanism where obligated entities will be given GHG emission intensity-based targets and based on the performance against the targets, entities would be issued the credits or will require to surrender the certificates 
2. Offset Mechanism – The offset mechanism is voluntary in nature where non obligated entities can register their projects based on meeting the eligibility criteria and other requirements","In July 2024, the government of India published detailed procedure for Compliance mechanism and  Accreditation Eligibility Criteria and Procedure for Accredited Carbon Verification Agencies. The Bureau of Energy Efficiency, has also published a list of 10 sectors to be covered under the offset mechanism of Carbon Credit Trading Scheme. ",South Asia,Lower middle income,Carbon Credit Certificates,,,,,,,,,,,,India ETS (Compliance Mechanism) ,  -   ,  -   ,  -   ,  -   
Indonesia Crediting Mechanism,Governmental,Under development,,National,Indonesia,"Under the umbrella of the 2021 presidential framework regulation on carbon pricing, Indonesia’s Ministry of Environment and Forests adopted a ministerial regulation on domestic carbon trading on October 20, 2022. The regulation covers approaches and criteria for allowance-based emissions trading, carbon credit trading, and performance-based mitigation payments. In relation to domestic carbon crediting, the regulation outlines general rules and modalities for the validation and registration of eligible mitigation project activities and for verification, certification, and trading of achieved mitigation outcomes (carbon credits). The ministerial regulation states that carbon credit generation and trading would be eligible in the energy, waste, industrial processes, agriculture, and forestry sectors, as well as other sectors where there is sufficient knowledge and technology to carry out projects. 

Indonesian government ministries must develop plans for each subsector they are responsible for on how the subsector will meet its share of Indonesia’s nationally determined contribution (NDC) targets. The proposal requires a subsector plan to be in place before credits can be traded. The regulations set out that a proportion of issued credits will be withheld by the government to help ensure Indonesia meets its NDC. Importantly, the regulation also includes provisions for (1) mutual recognition of reputable international carbon standards and (2) corresponding adjustments, including implementation arrangements.","Indonesia’s national carbon exchange was launched in September 2023 and is primarily designed for domestic players. The initial exchange will be voluntary, except for domestic operators of coal-fired power plants, which will be required to trade allowances to stay below an emissions cap. To be eligible to host credits on the exchange, developers must be registered and verified on Indonesia’s national registry (SRN).
",East Asia & Pacific,Upper middle income,,,,,,,,,,,,,"ETS, with no limit of credits used for compliance. However, the MEMR Regulation no 16/22 only allows for offset credit from the energy sector. Eligible offset source are:
a.	New and renewable energy-based generation activities;
b.	Transport, construction and industry Subsector activities, including energy efficiency activities; and
c.	Other activities in the energy Sector.

Currently no information on use of credits for carbon tax.",  -   ,  -   ,  -   ,  -   
Indo-Pacific Carbon Offsets Scheme,Governmental,Removed,,Regional,Australia,"The Indo-Pacific Carbon Offsets Scheme (IPCOS) is a 10-year program that was launched in November 2021 and will run until 2031 with a funding of $104 million. The scheme enables partnerships between Australian Government and Indo-Pacific economies, civil society and industry and aims to help partner countries create and trade credible and robust carbon offsets under the rules of the Paris Agreement. The first partners in IPCOS, announced at COP26, were Fiji and Papua New Guinea.","In 2023, Papua New Guinea and Australia signed the Indo-Pacific Carbon Offsets Scheme (IPCOS) Joint Action Plan as a key outcome of the 2023 PNG-Australia Climate Change Dialogue. The focus of the partnership is on capacity building and institutional strengthening. Furthermore, 5 key areas for cooperation and high-level activities for 2023-24 have been agreed. Currently, IPCOS is focused on general capacity building around markets for Small Island Developing States.
",East Asia & Pacific,High income,,,,,,,,,,,,,,  -   ,  -   ,  -   ,  -   
J-Credit Scheme,Governmental,Implemented,2013,National,Japan,"The J-Credit Scheme was established in 2013 to support regional efforts to reduce GHG emissions in Japan. This scheme integrates two voluntary crediting mechanisms in the country: Japan’s Domestic Credit Scheme and the Japan Verified Emission Reductions (J-VER). J-credits are predominantly used for voluntary offsetting, in Japan including domestic initiatives such as the Keidanren’s Commitment to a Low-Carbon Society, reporting emissions in accordance with the Act on the Promotion of Global Warming Countermeasures (1998), and reporting energy efficiency projects under the Act on Rational Use of Energy (1979). Participants in GX-ETS could procure J-credit to achieve the reduction target. The GX-ETS system will start in full swing from 2026.","Institutional documents were revised for the development of J-credit system, including expansion of the scope of J-credit system, streamlining of verification process of J-credit with introduction of MRV supporting system, and application to Carbon Offsetting and Reduction Scheme for International Aviation CORSIA).   ",East Asia & Pacific,High income,J-credits,"Max: JPY9,900/t-CO2 (US$67/tCO2e -Forest) /  Min: JPY1,510/t-CO2 (US$10.27/tCO2e - Energy saving)  ",,Yes,No,Yes,Yes,Yes,Yes,Yes,Yes,Yes,"GX-ETS (under consideration), Saitama ETS ",  12.790 ,  6.074 ,  -   ,  760 
Joint Crediting Mechanism,Governmental,Implemented,2013,Regional,Japan,"The JCM was initiated by Japan as a bilateral crediting mechanism between Japan and partner countries. The partner countries who have established the JCM with the government of Japan host and implement the emission reduction projects. Based on decisions by the Joint Committee, which consists of government representatives from both countries, each government issues JCM credits to approved mitigation outcomes. The JCM facilitates the diffusion of leading decarbonization technology,  and the Japanese government can provide financial support for projects. The JCM credits are to be used to achieve its NDC.","-	In June 2024, Act partially amending the Act on Promotion of Global Warming Countermeasures was promulgated in Japan. The Amendment Act stipulates the procedures for the competent ministers regarding the issuance of JCM credits and management of the registry, etc., based on coordination with partner countries. The Act also institutionalizes a designated implementation entity that can issue and manage JCM credits on behalf of the competent ministers.",East Asia & Pacific,High income,JCM credits,Not available,,No,No,Yes,No,No,No,Yes,Yes,No,GX-ETS (1st phase),  771 ,  78 ,  -   ,  102 
Joint Implementation,International,Implemented,2008,Global,UNFCCC,"The mechanism known as ""joint implementation"", defined in Article 6 of the Kyoto Protocol, allows a country with an emission reduction or limitation commitment under the Kyoto Protocol (Annex B Party) to earn emission reduction units (ERUs) from an emission-reduction or emission removal project in another Annex B Party, each equivalent to one tonne of CO2, which can be counted towards meeting its Kyoto target. Joint implementation offers Parties a flexible and cost-efficient means of fulfilling a part of their Kyoto commitments, while the host Party benefits from foreign investment and technology transfer.",,,,Emission Reduction Units (ERUs),,,,,,,,,,,,,  871.894 ,  -   ,  -   ,  -   
Kazakhstan Crediting Mechanism,Governmental,Implemented,2013,National,Kazakhstan,The legislation mandating the Kazakhstan ETS also sets out the option for compliance entities to utilize domestic offset credits to help meet compliance obligations. The legislation details modalities for how non-ETS sectors can seek to implement offset credit projects under a domestic crediting mechanism. Kazakhstan has a domestic crediting mechanism in place that allows emitters to offset a share of their emissions through domestic projects. Quota units are credited to accounts in the registry for further trading in the ETS. Most projects are in the renewable energy and energy efficiency sector. Additional supporting policies and regulations on processes such as stronger crediting methodologies of forest absorption projects are still in development.  ,Qazaq Green Certification Program (QGCP) standard was also launched in December 2023 by Qazaq Green Renewable Energy Association to facilitate domestic generation of offset credits. ,Europe & Central Asia,Upper middle income,Not available,"397 – 672 Tenge including VAT (354,46 – 600 Tenge excluding VAT)",,No,No,No,No,No,No,Yes,No,No,Kazakstan ETS,  6.241 ,  -   ,  -   ,  32 
Mexico Crediting Mechanism,Governmental,Under development,,National,Mexico,"The Ministry of Environment and Natural Resources (SEMARNAT) is looking to establish a domestic mechanism for the generation of carbon credits that can be used for compliance obligations by entities covered under its new ETS. 
Details around eligible mitigation projects or activities are still to be determined but are expected to include domestic projects from non-regulated sectors within the ETS that have been validated and verified under approved protocols. The crediting mechanism is also expected to credit early action activities by projects in Mexico (projects that are already receiving credits from other crediting mechanisms) before the national ETS comes into force. To receive early action credits, these projects would be expected to cancel any credits they have received from other mechanisms to avoid double counting.
In 2022, Mexico announced that the ETS rules for the operational phase would be released in the first half of 2023. However, this was postponed, and no official announcement has been made regarding the publication date of the ETS operational rules.",,Latin America & Caribbean,Upper middle income,,,,,,,,,,,,,,  -   ,  -   ,  -   ,  -   
Murcia Crediting Mechanism,Governmental,Under development,,Subnational,Murcia,Murcia published draft legislation in early 2024 for a new voluntary carbon crediting mechanism.,,Europe & Central Asia,High income,,,,,,,,,,,,,,  -   ,  -   ,  -   ,  -   
Nova Scotia Crediting Mechanism,Governmental,ETS,2023,Subnational,Nova Scotia,"Regulated facilities pay the Nova Scotia Government for fund credits when they owe a compliance obligation (i.e., when they have emitted in excess of their emissions limit). The Nova Scotia government may award regulated facilities a performance credit when they have emitted less than their emissions limit. This means that one performance credit is equivalent to one tonne of carbon dioxide equivalent and one fund credit is equivalent to one tonne of carbon dioxide equivalent.

The price of fund and performance credits escalates from 2023-2030 according to Canada’s Minimum National Carbon Pollution Price Schedule (2023-2030).","Release of the Output-based Pricing System Reporting and Compliance Regulations & Standard on January 31, 2024. First annual Output-based Pricing System Progress Report released December 2024 (see here: https://climatechange.novascotia.ca/sites/default/files/obps-annual-progress-report-2024.pdf)",North America,High income,Fund credit and performance credit,CAD80/tCO2e,,,,,,,,,,,Nova Scotia Output Based Pricing System,  -   ,  -   ,  -   ,  -   
Panama Crediting Mechanism,Governmental,Under development,,National,Panama,"On December 2021, Executive Decree 142 created the legal structure for the National Carbon Market of Panama (Mercado Nacional de Carbono de Panamá, MNCP), outlining concrete steps for its operations, defined its main components, and created its governing structures. Through MNCP, entities will be able to offset their greenhouse gas emissions, voluntarily acquiring carbon credits from compensation projects at the national level to contribute to low-emission development that is resilient to climate change.

The MNCP will promote a low-emissions economy, based on the purchase and sale of National Emissions Reduction Units (Unidades Nacionales de Reducción de Emisiones, UNRE). 

The three main components of the MNCP are:
•	National GHG management programs under the National Reduce Your Footprint Program (Reduce Tu Huella, PNRTH) 
•	National Offsetting Mechanism of Panama (Sistema Nacional de Compensación de Gases de Efecto Invernadero de Panamá, SNCP) 
•	Panama Carbon Exchange (Bolsa Panameña del Carbono, BPC)

Eligible entities participating in the National Reduce Your Footprint Program (PNRTH) will represent the demand for UNREs resulting from national compensation projects aimed at offsetting or neutralizing their carbon footprint. The SNCP will establish a process for obtaining UNREs, and the Panama Carbon Exchange (BCP) will serve as the marketing platform. Prices for the purchase and sale of UNREs have not yet been determined.

The Ministry of Environment is working on the design and development of the MNCP, including a pilot for the SNCP.
",,Latin America & Caribbean,High income,Unidades Nacionales de Reducción de Emisiones (UNRE),,,,,,,,,,,,,  -   ,  -   ,  -   ,  -   
Peatland Code,Governmental,Implemented,2015,National,United Kingdom,The Peatland Code provides a standard for quantifying and verifying climate benefits from reductions in greenhouse gas emissions brought about by peatland restoration. It is administerd by the IUCN UK National Committee and operates alongside the UK's Woodland Carbon Code (WCC) that credits abatement from tree planting projects in the UK.,,Europe & Central Asia,High income,,,,,,,,,,,,,,  -   ,  -   ,  -   ,  -   
Plan Vivo,Independent,Implemented,1997,Global,,"Plan Vivo issues credits for emission reduction and removals from protection, restoration or improved management of land or marine areas. The program has a strong focus on livelihood benefits for local communities. These benefits must extend beyond the financial flows from sale of PVCs or direct employment in a project. Each project must deliver long-term local benefits, including biodiversity conservation, poverty reduction and sustainable livelihoods, and restoration of degraded and degrading ecosystems, and adaptation of natural and managed ecosystems to climate change. Plan Vivo guarantees that, through its Benefit Sharing Mechanism, project participants have access to at least 60% of the money coming from every PVC purchased.","At the end of 2023, Plan Vivo launched the pioneering Biodiversity Standard (PV Nature) (see news 6/12/23 - https://www.planvivo.org/news/plan-vivo-launch-biodiversity-standard). Additionally, Plan Vivo has received funding from a number of different organisations, including the Montpelier Foundation, the Trafigura Foundation and the Darwin Initiative. Plan Vivo has also expanded the team considerably, with a particular focus on strengthening the presence regionally, comprising now have staff in East Africa, Latin America and Europe.",,,Plan Vivo Certificates (PVCs),US$2.0 - US$90.1 (Please note that these prices are the minimum and maximum prices recorded for the VINTAGES of 2021 and 2022),,,,,,,,,,,Certificates are not used under compliance schemes such as carbon taxes or ETSs. They are only used within the Voluntary Carbon Market worldwide.,  10.534 ,  7.068 ,  -   ,  30 
Portuguese Voluntary Carbon Market ,Governmental,Implemented,2024,National,Portugal,"The Portuguese government approved a law to establish a voluntary carbon market in December 2023. The new law allows the Portuguese Environment Agency (Agência Portuguesa do Ambiente) to establish a domestic crediting mechanism that includes rules governing additionality, permanence, monitoring, reporting and verification.",,Europe & Central Asia,High income,,,,,,,,,,,,,,  -   ,  -   ,  -   ,  -   
Quebec Offset Crediting Mechanism,Governmental,Implemented,2013,Subnational,Quebec,"The government of Quebec established a crediting program that issues Quebec offset credits intended for subject entities wanting using them to meet compliance obligations under the ETS. Those credits can also be retired voluntarily by market participants. A reform of the offset regulatory framework was adopted in 2021. The reforms allow the Minister to adopt a ministerial offset regulation for each project type (replacing protocols embedded in the ETS regulation), thereby facilitating the revision process and adoption of new regulations. ","The Regulation to amend the Regulation respecting halocarbon destruction projects eligible for the issuance of offset credits has been published and effective on April 4, 2024. 

A draft regulation amending the Regulation respecting afforestation and reforestation projects on privately owned land eligible for the issuance of offset credits has been published for public consultation from Novembre 13 to December 28, 2024. 

A reduction of the usage limit of the offset credits for compliance purposes and a phase out of the offset credits component from the ETS have been announced by Quebec during the public consultation held on October 25, 2024.  ",North America,High income,Quebec offset credits,"US$18.12/tCO2e (weighted average) (2024)
",,No,No,No,No,No,Yes,No,No,Yes,"Quebec ETS, California ETS",  2.061 ,  988 ,  -   ,  29 
Republic of Korea Offset Credit Mechanism,Governmental,Implemented,2015,National,"Korea, Rep.","The Republic of Korea offset credit mechanism was implemented to provide the offset credits for use within the Korea ETS. The offset credit(KOC) can be issued not only for domestic carbon reduction projects that are not covered by the ETS, but also for the International Korean projects that meet Article 6.2 and 6.4 of Paris Agreement. KOCs must be further converted into Korean Credit Units by the Korean government before it can be used for compliance obligations.",,East Asia & Pacific,High income,Korean Offset Credits (KOCs),"KRW 8,720 - 24,000/tCO2e (US$6.2-17.1/tCO2e) (2024)",,No,No,Yes,No,No,Yes,Yes,Yes,Yes,Korea ETS,  55.138 ,  33.557 ,  -   ,  1.635 
RGGI CO2 Offset Mechanism,Governmental,Implemented,2005,Subnational,"Connecticut, Delaware, Maine, Maryland, New Jersey, New York, Vermont","The RGGI CO2 Offset Mechanism is designed to credit project-based GHG emission reductions that follows one of the approved crediting protocols and is located within one of the states of the RGGI program. The RGGI CO2 offset allowances are acceptable for compliance in any RGGI participating state, regardless of the state of origin. The 2017 Model Rule eliminated several offset categories but retained the landfill methane capture, avoided agricultural methane, and forestry categories. However, not all states issue RGGI offsets and those that do may not allow all of the project types.","Almost three years after joining the Regional Greenhouse Gas Initiative (RGGI), Virginia withdrew from the multistate system at the end of 2023 following executive action by the State’s administration. ",North America,High income,RGGI CO2 offset allowances,US$5/tCO2e (2020),,No,No,No,No,No,No,No,No,Yes,RGGI,  48 ,  -   ,  -   ,  1 
Saitama Forest Absorption Certification System,Governmental,Implemented,2010,Subnational,Saitama,The Saitama Forest Absorption Certification System generates credits for companies engaged in forest maintenance activities and its protocol was established in 2010. Credits can be converted and used under the Saitama ETS (along with J-Credit forestry sector credits). Planting diverse tree species and other forest improvement activities are among projects implemented by companies and organizations under the Saitama Prefecture Forest Creation Agreement for the purpose of social contribution.,,East Asia & Pacific,High income,Forest Absorption Credits,Not available,,No,No,No,Yes,No,No,No,No,No,Saitama Target Setting Emissions Trading System,  4 ,  -   ,  -   ,  266 
Saitama Target Setting Emissions Trading System,Governmental,Implemented,2011,Subnational,Saitama,"The Saitama prefecture in Japan launched its offset mechanism alongside its ETS in 2011. GHG reductions from small or medium sized businesses can generate credits, as well as renewable energy production.",,East Asia & Pacific,High income,Offset credits,JPY144/tCO2e (US$1/tCO2e) (2019),,No,No,Yes,No,No,No,Yes,No,No,"Saitama Target Setting Emissions Trading System, Tokyo ETS",  14.190 ,  1.621 ,  4.640 ,  1.143 
Sakhalin Oblast Pilot crediting mechanism,Governmental,Implemented,2022,Subnational,Sakhalin,"Russia’s Ministry of Energy, together with the Ministry of Ecology and Sustainable Development of for Sakhalin Oblast, established the crediting mechanism to complement the planned pilot ETS and support the objective of Sakhalin reaching net zero by 2025. The mechanism is intended to serve as a demonstration of a model that can be rolled out to other oblasts. The mechanism is designed to encourage projects to reduce emissions through capturing, recycling and storing CO2, reforestation, or renewable energy.",In March 2022 Russia passed a Federal Law implementing a pilot system of emissions trading in Sakhalin oblast that allows for carbon crediting. The first two projects were registered during the year. A solar power generation project was the first (and so far only) project to be issued credits. The Moscow Exchange launched trading in carbon units in September 2022. The first trade was an auction of 20 units credited to a pilot project of DalEnergoInvest LLC on Sakhalin.,Europe & Central Asia,Upper middle income,,,,No,Yes,No,Yes,No,No,Yes,No,No,,  0 ,  -   ,  -   ,  2 
South Africa Crediting Mechanism,Governmental,Implemented,2019,National,South Africa,"The South African Carbon Tax Offset system relies on existing international and independent crediting mechanisms. All projects undergo the obligatory processes required for project registration and credits issuance by each specific standard. To be eligible projects must not be activities covered by the carbon tax, projects must be located in South Africa, and projects must be registered/implemented after the commencement of the carbon tax (1 June 2019). Projects that are under taxable activities may be utilized until the first phase of the carbon tax (Regulation 2(2) of the Carbon Offset Regulations) 

","The government is seeking to develop a domestic offset standard, intended to be operational in future phases. 

The National Treasury plans to evaluate stakeholder feedback in 2024 regarding the feasibility of establishing a domestic marketplace for trading tax credits generated by the carbon tax. The consultation will specifically address various essential components needed for smooth trading, such as determining the financial asset status of carbon credits, establishing trading and post-trade market structures, issuing licenses for private carbon credit funds and implementing carbon credit certification. (November 2023)
",Sub-Saharan Africa,Upper middle income,n/a,Trading price based on carbon tax rate in a specific year ie. R159/tCO2e in 2023. Carbon tax rate trajectory for 2023 to 2030 is set out in the Taxation Laws Amendment Act of 2022. ,,,,,,,,,,,South Africa Carbon Tax,  22.690 ,  13.589 ,  -   ,  34 
Spain FES-CO2 Program,Governmental,Implemented,2011,National,Spain,"The Spanish Carbon Fund for a Sustainable Economy (FES-CO2) was created in 2011 and has supported domestic emission removal projects in sectors that are not covered by the EU ETS through the purchase of carbon credits by the Spanish Government. The FES-CO2 issues call-outs for emission reduction project proposals, with successful projects granted a contract that determine the volume, schedule and price for Reducciones de emisiones verificadas (REVs) or Verified Emission Reductions. Projects can then commence, and after submitting verification reports are issued and paid for REVs. Projects must sign a contract with the FES-CO2 in order to be registered and units credited. The price of a carbon credit started at EUR7.10/tCO2e in 2012 before increasing to EUR9.7/tCO2e in 2015. In the 2021 call-out the FES-CO2 incorporated 2 price modalities for projects: the first one with a fixed price of 9,7 € for small-medium scale projects; the second modality applies to innovative and big projects and consists on an auction where projects could offer a price below 9,7 € (the lowest price offered has been 8,49 €). The FES-CO2 has signed more than 450 contracts to support over 700 project activities. In 2020 the objective and scope of the Fund was broadened, to promote adaptation and removal activities (both new to the FES-CO2) and add new activities to support industrial and energy innovation projects. This is intended to support the additional efforts needed to achieve carbon neutrality by 2050.
In 2025 a new Royal Decree on FES-CO2 regulation is expected to be adopted. Its draft already been subjected to public information, and it is envisaged to include adaptation and removal projects, as well as to promote innovative reduction projects in power generation and industry sectors, which are expected to achieve significant reductions in order to help towards decarbonization.","In 2025 a new Royal Decree on FES-CO2 regulation is expected to be approved. It has already been subjected to public information, and it is envisaged to include adaptation and removal projects, as well as to promote innovative reduction projects in power generation and industry sectors, which are expected to achieve significant reductions in order to help towards decarbonization.",Europe & Central Asia,High income,Verified Emission Reductions (REVs),EUR9.7/tCO2e  (2024),,Yes,No,Yes,No,Yes,Yes,No,Yes,Yes,,  4.622 ,  4.422 ,  -   ,  462 
Sri Lanka Carbon Crediting Mechanism,Governmental,Implemented,2016,National,Sri Lanka,"Sri Lanka Carbon Crediting Scheme (SLCCS) is a national offset scheme established to support local clean projects (such as renewable energy projects (solar, wind, hydro), energy efficiency initiatives, and reforestation or afforestation activities),  to benefit from climate finance for emission reductions. Project owners can use credits for internal offsetting or trading. ",Sri Lanka is now a partner with Japan under the Joint Crediting Mechanism partner. ,South Asia,Lower middle income,Sri Lankan Certified Emission Reductions (SCER),USD1-2 / tCO2e,,Yes,No,Yes,Yes,No,No,Yes,Yes,Yes,,  1.824 ,  35 ,  -   ,  13 
Switzerland CO2 Attestations Crediting Mechanism,Governmental,Implemented,2012,National,Switzerland,"Emission reduction projects and programs can receive “attestations” under the Swiss CO2 Act and the CO2 Ordinance. The credits are issued to activities in Switzerland and cannot be traded outside of the country. Companies that produce or import fossil motor fuels can use these credits to compensate for their CO2 emissions and fulfil their compliance obligations under the Switzerland CO2 Act. Additionality requirements apply in such cases. Credits generated in this manner can be traded, and their purpose is to be used by companies obliged to compensate. Voluntary use is not legally prohibited. ","Compensation projects abroad are possible under Article 6.2 of the Paris Agreement. Bilateral agreements with 13 partner countries are in place with 5 bilateral authorizations completed (Thailand, Ghana, Vanuatu). The first-ever transfer of 1916 ITMOs also occurred from the Thailand project (“Bangkok e-bus program”). ",Europe & Central Asia,High income,Swiss CO2 attestations,CHF56-151/tCO2e (US$59-160/tCO2e) (2020),,No,No,Yes,Yes,Yes,Yes,No,Yes,Yes,Producers and importers of fossil motor fuels only,  13.818 ,  8.060 ,  -   ,  181 
Taiwan Voluntary GHG Reduction Program,Governmental,Implemented,2015,Subnational,"Taiwan, China",The program aims to encourage voluntary emission reduction and carbon sequestration enhancement for entities through implementing GHG Voluntary projects that use methodologies either sourced from the CDM and approved by the Ministry of Environment or locally developed.,"Driven by the demand from major emitters under the carbon fee system, eight registered projects were approved in 2024. Additionally, to enhance the effectiveness of domestic natural carbon sinks, various natural carbon sink methodologies are under development. On December 19, 2024, two IFM (improve forest management) type methodologies were approved, each applicable to forests or bamboo forests.",East Asia & Pacific,High income,Taiwan Certified Emission Reductions(TCERs),USD 105.6/tCO2e,,No,No,Yes,No,Yes,No,No,Yes,Yes,Carbon fee and ETS,  26.512 ,  -   ,  -   ,  101 
Thailand Voluntary Emission Reduction Program,Governmental,Implemented,2014,National,Thailand,"Since 2014, Thailand Greenhouse Gas Management Organization (TGO) has developed a voluntary domestic GHG crediting mechanism called Thailand Voluntary Emission Reduction Program (T-VER). T-VER aims to encourage the public and private sector to reduce GHG emissions while enhancing sustainable development. Currently, the credits from T-VER are applied domestically. However, TGO continues to consider potential and possible international transactions with the intention to assess and explore potential areas of improvement to ensure comparability with the guidance and rules, modalities and procedures of Article 6, eligibility criteria under CORSIA, and other relevant mechanisms. ",Thailand applied with their carbon credits to have eligibility in CORSIA between 2024-2026. Thailand’s Greenhouse Gas Management Organization and the Global Carbon Council signed a Memorandum of Understanding in September 2023 to share their experiences on crediting mechanisms by exchanging program standards and expertise.,East Asia & Pacific,Upper middle income,TVERs,"THB 28–3,000/tCO2e (US$0.82-87.6/tCO2e) (2024) ",,Yes,No,Yes,Yes,No,No,Yes,Yes,Yes,Not applicable,  25.840 ,  1.672 ,  -   ,  575 
Tokyo Cap-and-Trade Program,Governmental,Implemented,2010,Subnational,Tokyo,"Tokyo in Japan launched its offset mechanism with the establishment of its ETS in 2010. Credits include small and medium enterprise credits and renewable energy credits (solar—heat and electricity, wind, geothermal, or hydro). Emissions reductions generated by large facilities outside the Tokyo prefecture can also generate credits. These can be used under the Tokyo ETS.","In March, Tokyo Metropolitan Government (TMG) published the results for the third fiscal year of the third compliance period (FY2022), showing that emissions from covered entities totaled 11.18 MtCO2. This is a 32% reduction below base-year emissions.

In October, TMG published detailed guidelines for the fourth compliance period, starting from FY 2025.

",East Asia & Pacific,High income,No formal umbrella name for offset credits but there are 5 types of credits (Excess emission reductions and four offset credits) in the Tokyo’s program,"JPY200-1,000/ tCO2e (about US$1.27-6.36/tCO2e - Excess emission reductions); JPY4,100-8,200/tCO2e (US$26-52/tCO2e - Renewable energy credits) ",,No,No,Yes,No,No,No,Yes,No,No,Tokyo cap-and-trade program,  22.361 ,  5.725 ,  7.300 ,  1.437 
UK Woodland Carbon Code,Governmental,Implemented,2011,National,United Kingdom,"The Woodland Carbon Code (WCC) is the quality assurance standard for woodland creation projects in the UK, and generates high integrity, independently verified carbon units. Backed by the UK Government, the forest industry and carbon market experts, the Code provides woodland carbon units in the UK. The Woodland Carbon Code is internationally recognised for high standards of sustainable forest management and carbon management and is endorsed by ICROA, the global umbrella body for carbon reduction and offset providers in the voluntary market. Woodland Carbon Code projects provide social and environmental benefits for many communities across the UK.  These include biodiversity and habitat creation, improvements in health and wellbeing, benefits for farming, local employment and educational opportunities.",,Europe & Central Asia,High income,"Pending Issuance Units (PIUs) for validated credits, Woodland Carbon Units (WCUs) once verified ",£23.3 (2023 volume weighted average per PIU),,No,No,Yes,Yes,No,Yes,No,No,No,Not applicable currently; WCC is monitoring ongoing discussions on integrating removals in the UK ETS,  10 ,  5 ,  -   ,  590 
Verified Carbon Standard,Independent,Implemented,2005,Global,,"The VCS Program was founded by several key carbon market actors including The Climate Group, the International Emissions Trading Association, the World Business Council for Sustainable Development, and the World Economic Forum. Its initial purpose was to certify and credit voluntary emission reduction projects. While the main use of VCUs is still predominantly for voluntary offsetting, VCUs from VCS projects have been used for compliance under the Colombia and South Africa carbon taxes and some will be eligible under the CORSIA. Verra, a non profit organisation, oversees and implements the VCS Program as well as a number of other sustainability programs.","Verra celebrated the issuance of its 1 billionth Verified Carbon Standard (VCS) credit in 2022. Verra published two new methodologies under the VCS program, for “Improved Forest Management Projects” and “the production of biochar and its use in soils and other emerging applications.”  Verra ran a public consultation in October 2022 on a new consolidated Reducing Emissions from Deforestation and Forest Degradation methodology for the VCS, expected to be finalized in the third quarter of 2023.

",,,Verified Carbon Units (VCUs),US$1.62/tCO2e (2020),,Yes,No,Yes,Yes,Yes,Yes,Yes,Yes,Yes,"Colombia carbon tax, CORSIA, South Africa carbon tax",  1.290.243 ,  786.200 ,  -   ,  2.479 
Vietnam Crediting Mechanism,Governmental,Under development,,National,Vietnam,The Government Decree 06/2022/ND-CP established a roadmap to develop and implement a domestic carbon market in Vietnam.,,East Asia & Pacific,Lower middle income,,,,,,,,,,,,,,  -   ,  -   ,  -   ,  -   
Voluntary Carbon Credit System,Governmental,Under development,,Subnational,Galicia,Consultation on draft legislation for the proposed Galician Voluntary Carbon Credit System was launched in March 2024. The draft legislation provides for a Technical Committee to approve abatement calculation methodologies.,,Europe & Central Asia,High income,,,,,,,,,,,,,,  -   ,  -   ,  -   ,  -   
Washington Crediting Mechanism,Governmental,Implemented,2023,Subnational,Washington,"The Climate Commitment Act establishes a comprehensive, market-based program to reduce carbon pollution and achieve the greenhouse gas limits set in state law. The program started on Jan. 1, 2023. Covered entities may use offset credits to fulfill a portion of their compliance obligation, in addition to allowances which are purchased at: 1) quarterly and reserve auctions, 2) bilateral transactions, and through contracts in multiple futures markets.","On September 12, 2023, Ecology initiated a rulemaking process to amend Ecology’s rule addressing the usage of carbon offsets to comply with greenhouse gas (GHG) emissions limits under Washington's Climate Commitment Act (CCA). Ecology is considering making these amendments ""to increase the potential variety of offset projects that can be developed within the cap-and-invest program."" The aim of the rulemaking is to consider revisions and additions to Ecology adopted offset protocols.

Also, the State of Washington has announced that it plans to pursue linking its program with the joint California-Quebec market and a bill has been introduced in the Washington legislature embodying statutory changes to the CCA necessary for linkage. Those changes include revisions to the rules on offsets including an increase in the number of offsets for use from tribal lands. Before linkage can occur, California and Québec will also need to complete their own processes to decide whether to link. All three programs might need to revise regulation before linkage, so finalizing linkage would not happen until at least late 2025.",North America,High income,Washington Allowances & Washington Offsets,"Vintage 2024 Allowance Auction Settlement Price
Lowest: Auction #5 $25.76
Highest: Auction #8 $40.26
Vintage 2024 Secondary Market 
Lowest: 28.72 check - clara
Highest 61.50  check-clara

This link shows the min and max prices during auctions in 2024 for allowances.
ICE secondary market min and max allowance prices during the year 2024 were 
$30.34 and $58.64 for vintage 2023
$28.31 and $61.50 for vintage 2024",,,,,,,,,,,"Washington’s Cap-and-Invest program allows the use of allowances, and offset credits issued by Ecology to fulfill a portion of an entity’s compliance obligation.",  371 ,  -   ,  -   ,  4 